class,vote,air_date,show_type,title,event_id,match_id,match_order,name,detail,ours,cawthon
cawthon_only_name,keep,2001-03-22,SmackDown,Thursday Night SmackDown,12,71,2,Grandmaster,,"Six Man Tag Team Match: The X-Factor ( Albert , Justin Credible & X-Pac ) defeated Grand Master Sexay , K-Kwik & Steve Blackman (4:13)","X-Pac, Justin Credible, & Albert defeated Grandmaster, Sexay, Steve Blackman, & K-Kwick when X-Pac scored the pin after a double superkick from he and Credible"
cawthon_only_name,keep,2002-12-02,Raw,WWE RAW #497,282,1964,5,Christian,,Booker T vs. Chris Jericho - No Contest (8:07),"WWE Raw Tag Team Champions Chris Jericho & Christian defeated Booker T & Goldust when Jericho pinned Booker after hitting him with one of the title belts; the match was originally a one-on-one contest pitting Booker against Jericho but after both Christian and Goldust appeared at ringside, Chief Morley turned the bout into a tag team match for the championship"
cawthon_only_name,keep,2002-12-02,Raw,WWE RAW #497,282,1964,5,Goldust,,Booker T vs. Chris Jericho - No Contest (8:07),"WWE Raw Tag Team Champions Chris Jericho & Christian defeated Booker T & Goldust when Jericho pinned Booker after hitting him with one of the title belts; the match was originally a one-on-one contest pitting Booker against Jericho but after both Christian and Goldust appeared at ringside, Chief Morley turned the bout into a tag team match for the championship"
cawthon_only_name,keep,2003-05-01,SmackDown,Thursday Night SmackDown,122,2237,3,Chuck Palumbo,,Chris Benoit vs. Johnny Stamboli (w/ Chuck Palumbo & Nunzio ) - No Contest (5:00),Chuck Palumbo & Johnny Stamboli (w/ Nunzio) defeated Chris Benoit & Rhyno when Palumbo pinned Benoit with a roll over after assistance from Nunzio; the bout was originally Stamboli vs. Benoit but was turned into a tag team match after the other members of the FBI and Rhyno interfered
cawthon_only_name,keep,2003-05-01,SmackDown,Thursday Night SmackDown,122,2237,3,Rhyno,,Chris Benoit vs. Johnny Stamboli (w/ Chuck Palumbo & Nunzio ) - No Contest (5:00),Chuck Palumbo & Johnny Stamboli (w/ Nunzio) defeated Chris Benoit & Rhyno when Palumbo pinned Benoit with a roll over after assistance from Nunzio; the bout was originally Stamboli vs. Benoit but was turned into a tag team match after the other members of the FBI and Rhyno interfered
cawthon_only_name,keep,2003-08-07,SmackDown,Thursday Night SmackDown,136,2424,1,Tajiri,,Eddie Guerrero defeats Chris Benoit by DQ (6:57),"Chris Benoit & Tajiri defeated WWE US Champion Eddie Guerrero & Rhyno when Guerrero submitted to Benoit's Crippler Crossface; the bout was originally a non-title contest between Guerrero and Benoit but, after interference from Rhyno and Tajiri, it was changed to a tag team bout by Sgt. Slaughter"
cawthon_only_name,keep,2003-08-07,SmackDown,Thursday Night SmackDown,136,2424,1,Rhyno,,Eddie Guerrero defeats Chris Benoit by DQ (6:57),"Chris Benoit & Tajiri defeated WWE US Champion Eddie Guerrero & Rhyno when Guerrero submitted to Benoit's Crippler Crossface; the bout was originally a non-title contest between Guerrero and Benoit but, after interference from Rhyno and Tajiri, it was changed to a tag team bout by Sgt. Slaughter"
cawthon_only_name,keep,2003-10-02,SmackDown,Thursday Night SmackDown,144,2530,1,WWE US,,Eddie Guerrero (w/ Chavo Guerrero ) (c) defeats Matt Hardy Version 1.0 (w/ Shannon Moore ) (8:21),WWE US & Smackdown! Tag Team Champion Eddie Guerrero (w/ Chavo Guerrero Jr.) pinned Matt Hardy (w/ Shannon Moore) with the frog splash after Chavo interfered and hit Hardy with his tag team title belt
cawthon_only_name,keep,2003-10-16,SmackDown,Thursday Night SmackDown,146,2557,3,WWE US,,Eddie Guerrero defeats Rhyno (13:27),"WWE US & Smackdown! Tag Team Champion Eddie Guerrero pinned Rhyno in a non-title match at 13:18 by hitting his opponent with the US title belt after the referee mistakengly thought Rhyno had used the timekeeper's bell as a weapon, which Guerrero had snuck into the ring moments prior; after the contest, the Big Show attacked the champion in his low rider, which was parked in the aisle, and repeatedly smashed the vehicle with a lead pipe; in the ensuing assault, Show powerbombed Guerrero onto the hood of the car and hit a chokeslam onto the roof – leaving the champion a bloody mess"
cawthon_only_name,keep,2004-01-26,Raw,WWE RAW #557,364,3940,5,Mark Henry,,Goldberg defeats Jonathan Coachman (w/ Mark Henry & Theodore Long ) (4:22),"Bill Goldberg defeated Mark Henry (w/ Teddy Long) & Jonathan Coachman in a No DQ handicap match at 4:23 by pinning Coachman with the spear and Jackhammer, placing one foot upon his chest for the cover; prior to the bout, Long allowed Coachman the services of Henry – as the bout was originally scheduled for Coachman vs. Goldberg in a one-on-one bout; after the bout, Goldberg looked at the camera and said that Brock Lesnar was next"
cawthon_only_name,keep,2004-03-11,SmackDown,WWE SmackDown #239,378,4008,2,Ultimo Dragon,,Jamie Noble vs. Rey Mysterio - No Contest (4:02),"Rey Mysterio Jr., the Ultimo Dragon, Billy Kidman, & Sho Funaki defeated Jamie Noble, Tajiri, Akio, & Sakoda when Mysterio scored the pin; the bout originally was Mysterio vs. Noble but turned into a tag match when the other wrestlers interfered; Chavo Guerrero Jr. & Sr. did guest commentary for the bout"
cawthon_only_name,keep,2004-03-11,SmackDown,WWE SmackDown #239,378,4008,2,Billy Kidman,,Jamie Noble vs. Rey Mysterio - No Contest (4:02),"Rey Mysterio Jr., the Ultimo Dragon, Billy Kidman, & Sho Funaki defeated Jamie Noble, Tajiri, Akio, & Sakoda when Mysterio scored the pin; the bout originally was Mysterio vs. Noble but turned into a tag match when the other wrestlers interfered; Chavo Guerrero Jr. & Sr. did guest commentary for the bout"
cawthon_only_name,keep,2004-03-11,SmackDown,WWE SmackDown #239,378,4008,2,Funaki,,Jamie Noble vs. Rey Mysterio - No Contest (4:02),"Rey Mysterio Jr., the Ultimo Dragon, Billy Kidman, & Sho Funaki defeated Jamie Noble, Tajiri, Akio, & Sakoda when Mysterio scored the pin; the bout originally was Mysterio vs. Noble but turned into a tag match when the other wrestlers interfered; Chavo Guerrero Jr. & Sr. did guest commentary for the bout"
cawthon_only_name,keep,2004-03-11,SmackDown,WWE SmackDown #239,378,4008,2,Tajiri,,Jamie Noble vs. Rey Mysterio - No Contest (4:02),"Rey Mysterio Jr., the Ultimo Dragon, Billy Kidman, & Sho Funaki defeated Jamie Noble, Tajiri, Akio, & Sakoda when Mysterio scored the pin; the bout originally was Mysterio vs. Noble but turned into a tag match when the other wrestlers interfered; Chavo Guerrero Jr. & Sr. did guest commentary for the bout"
cawthon_only_name,keep,2004-03-11,SmackDown,WWE SmackDown #239,378,4008,2,Akio,,Jamie Noble vs. Rey Mysterio - No Contest (4:02),"Rey Mysterio Jr., the Ultimo Dragon, Billy Kidman, & Sho Funaki defeated Jamie Noble, Tajiri, Akio, & Sakoda when Mysterio scored the pin; the bout originally was Mysterio vs. Noble but turned into a tag match when the other wrestlers interfered; Chavo Guerrero Jr. & Sr. did guest commentary for the bout"
cawthon_only_name,keep,2004-03-11,SmackDown,WWE SmackDown #239,378,4008,2,Sakoda,,Jamie Noble vs. Rey Mysterio - No Contest (4:02),"Rey Mysterio Jr., the Ultimo Dragon, Billy Kidman, & Sho Funaki defeated Jamie Noble, Tajiri, Akio, & Sakoda when Mysterio scored the pin; the bout originally was Mysterio vs. Noble but turned into a tag match when the other wrestlers interfered; Chavo Guerrero Jr. & Sr. did guest commentary for the bout"
cawthon_only_name,keep,2004-04-12,Raw,WWE RAW #568,388,4072,4,Rosey,,The Hurricane (w/ Rosey ) defeats Sylvain Grenier (w/ Rob Conway ) (4:15),"The Hurricane & Rosey defeated Sylvian Grenier & Rene Dupree at 4:14 when the Hurricane pinned Grenier with the Nightmore on Helms Street after sending him into Dupree on the ring apron, after both members of La Resistance were distracted by Eugene at ringside; after the bout, William Regal came out to bring Eugene backstage"
cawthon_only_name,keep,2004-04-12,Raw,WWE RAW #568,388,4072,4,Rene Dupree,,The Hurricane (w/ Rosey ) defeats Sylvain Grenier (w/ Rob Conway ) (4:15),"The Hurricane & Rosey defeated Sylvian Grenier & Rene Dupree at 4:14 when the Hurricane pinned Grenier with the Nightmore on Helms Street after sending him into Dupree on the ring apron, after both members of La Resistance were distracted by Eugene at ringside; after the bout, William Regal came out to bring Eugene backstage"
cawthon_only_name,keep,2004-06-07,Raw,WWE RAW #576,406,4171,4,Kane,,La Resistance ( Rob Conway & Sylvain Grenier ) defeat Chris Benoit by DQ (5:29),"Kane, WWE Raw Tag Team Champions Sylvian Grenier & Rob Conway defeated World Heavyweight Champion Chris Benoit & Edge in a handicap match at around the 5 minute mark when Kane pinned Benoit with the chokeslam after escaping the Crippler Crossface; the match was originally Benoit against the tag team champions but, when Benoit was disqualified for Edge's interference at 5:31, Eric Bischoff came out and had the bout continue as a new handicap match involving Kane; prior to the original bout, Sylvian Grenier sang the Canadian National Anthem in French before Benoit's music interrupted it"
cawthon_only_name,keep,2004-06-07,Raw,WWE RAW #576,406,4171,4,Edge,,La Resistance ( Rob Conway & Sylvain Grenier ) defeat Chris Benoit by DQ (5:29),"Kane, WWE Raw Tag Team Champions Sylvian Grenier & Rob Conway defeated World Heavyweight Champion Chris Benoit & Edge in a handicap match at around the 5 minute mark when Kane pinned Benoit with the chokeslam after escaping the Crippler Crossface; the match was originally Benoit against the tag team champions but, when Benoit was disqualified for Edge's interference at 5:31, Eric Bischoff came out and had the bout continue as a new handicap match involving Kane; prior to the original bout, Sylvian Grenier sang the Canadian National Anthem in French before Benoit's music interrupted it"
cawthon_only_name,split,2005-03-31,SmackDown,WWE SmackDown #294,503,7719,2,Nunzio,,Paul London defeats Akio and Billy Kidman and Chavo Guerrero (c) and Funaki and Scotty 2 Hotty and Spike Dudley (6:46) - TITLE CHANGE !!!,"Paul London defeated Billy Kidman, WWE Cruiserweight Champion Chavo Guerrero Jr., Akio, Spike Dudley, Scotty 2 Hotty, Sho Funaki, and Nunzio in a battle royal to win the title at 6:46; order of elimination: Chavo was eliminated by everyone else at the 9-second mark; Funaki by Nunzio when momentum sent Funaki over the top as he had a waistlock applied at 1:05; Nunzio by Kidman at 1:51; Spike by Scotty via a superkick after the Worm at 3:11; Scotty by Akio via a jumping kick off the middle turnbuckle as Scotty was on the ring apron at 4:09; Akio by Kidman when London sent Kidman into him with a dropkick as Akio was on the ring apron at 6:31; Kidman by London by pulling him out over the top by the head by his boots as London hung outside the ring by the top rope"
cawthon_only_name,keep,2005-06-20,Raw,WWE RAW #630 - Draft 2005,530,7866,4,Triple H,,Batista defeats Kurt Angle by DQ (2:12),"Triple H (w/ Ric Flair) & Kurt Angle defeated World Heavyweight Champion Batista & Shawn Michaels at around the 9:30 mark when Triple H pinned Batista with the Pedigree after Batista hit the spinebuster on an interfering Flair, moments after Angle and Michaels battled into the crowd; the match was originally Batista vs. Angle but after Angle was disqualified at 2:20 for outside interference, with Michaels then coming out to help make the save, Bischoff came out to make the tag match (the tag match began during the commercial break)"
cawthon_only_name,keep,2005-06-20,Raw,WWE RAW #630 - Draft 2005,530,7866,4,Shawn Michaels,,Batista defeats Kurt Angle by DQ (2:12),"Triple H (w/ Ric Flair) & Kurt Angle defeated World Heavyweight Champion Batista & Shawn Michaels at around the 9:30 mark when Triple H pinned Batista with the Pedigree after Batista hit the spinebuster on an interfering Flair, moments after Angle and Michaels battled into the crowd; the match was originally Batista vs. Angle but after Angle was disqualified at 2:20 for outside interference, with Michaels then coming out to help make the save, Bischoff came out to make the tag match (the tag match began during the commercial break)"
cawthon_only_name,keep,2005-09-12,Raw,WWE RAW #642,557,8004,1,Snitsky,,Edge vs. The Big Show - No Contest (2:37),"Edge (w/ Lita) & Gene Snitsky defeated Matt Hardy & the Big Show at 11:11 when Edge pinned Hardy with the spear after Lita hit a low blow as Hardy prepared to hit the Twist of Fate on Edge; the bout was originally Show vs. Edge but Snitsky interfered at 2:37 to cause the disqualification; moments later, Matt Hardy helped make the save with Eric Bischoff then coming out to make the bout continue as a tag team match; after the contest, Lita hit the Twist of Fate on Hardy"
cawthon_only_name,keep,2005-09-12,Raw,WWE RAW #642,557,8004,1,Matt Hardy,,Edge vs. The Big Show - No Contest (2:37),"Edge (w/ Lita) & Gene Snitsky defeated Matt Hardy & the Big Show at 11:11 when Edge pinned Hardy with the spear after Lita hit a low blow as Hardy prepared to hit the Twist of Fate on Edge; the bout was originally Show vs. Edge but Snitsky interfered at 2:37 to cause the disqualification; moments later, Matt Hardy helped make the save with Eric Bischoff then coming out to make the bout continue as a tag team match; after the contest, Lita hit the Twist of Fate on Hardy"
cawthon_only_name,split,2006-09-11,Raw,WWE Monday Night RAW #694,676,8732,1,Lance Cade,,Eugene & Jim Duggan defeat Charlie Haas & Viscera,"Robbie & Rory McAllister defeated Lance Cade & Trevor Murdoch and Viscera & Charlie Haas at 3:15 when Robbie pinned Haas with a sunset flip into the ring as Haas dropped Cade with a German suplex; due to pre-match stipulations, the Highlanders earned a WWE Raw Tag Team Title shot at Unforgiven; WWE Raw Tag Team Champions the Spirit Squad stood on the rampway for the duration of the match"
cawthon_only_name,split,2006-09-11,Raw,WWE Monday Night RAW #694,676,8732,1,Trevor Murdoch,,Eugene & Jim Duggan defeat Charlie Haas & Viscera,"Robbie & Rory McAllister defeated Lance Cade & Trevor Murdoch and Viscera & Charlie Haas at 3:15 when Robbie pinned Haas with a sunset flip into the ring as Haas dropped Cade with a German suplex; due to pre-match stipulations, the Highlanders earned a WWE Raw Tag Team Title shot at Unforgiven; WWE Raw Tag Team Champions the Spirit Squad stood on the rampway for the duration of the match"
cawthon_only_name,keep,2006-09-11,Raw,WWE Monday Night RAW #694,676,8737,6,John Cena,,Trish Stratus defeats Mickie James (3:14),"WWE World Champion Edge, WWE Women's Champion Lita, & Randy Orton defeated John Cena, Trish Stratus, & Carlito Caribbean Cool at 14:54 when Lita pinned Trish, as Edge held Carlito back from breaking the cover, after Orton dropped Trish with the RKO"
cawthon_only_name,keep,2006-09-11,Raw,WWE Monday Night RAW #694,676,8737,6,Carlito,,Trish Stratus defeats Mickie James (3:14),"WWE World Champion Edge, WWE Women's Champion Lita, & Randy Orton defeated John Cena, Trish Stratus, & Carlito Caribbean Cool at 14:54 when Lita pinned Trish, as Edge held Carlito back from breaking the cover, after Orton dropped Trish with the RKO"
cawthon_only_name,keep,2007-09-07,SmackDown,WWE Friday Night SmackDown #420,792,9515,1,WWE Smackdown! MVP,,Matt Hardy (w/ Montel Vontavious Porter ) defeats Deuce (w/ Cherry & Domino ) (5:24),WWE Smackdown! Tag Team Champion Matt Hardy (w/ WWE US Champion & WWE Smackdown! Tag Team Champion MVP pinned Deuce (w/ Domino & Cherry) at around the 7-minute mark with the Twist of Fate after MVP tripped Deuce as he ran the ropes (the bout began during the commercial break)
cawthon_only_name,keep,2007-09-14,SmackDown,WWE Friday Night SmackDown #421,794,9527,3,Chuck Palumbo,,Michelle McCool (w/ Chuck Palumbo ) vs. Victoria (w/ Kenny Dykstra ) - No Contest,Michelle McCool & Chuck Palumbo defeated Victoria & Kenny Dykstra at 11:54 when McCool pinned Victoria with a kick to the head; the bout was scheduled as McCool vs. Victoria in a singles bout but was changed after both Dykstra and Palumbo interfered at the 4-minute mark
cawthon_only_name,keep,2007-09-14,SmackDown,WWE Friday Night SmackDown #421,794,9527,3,Kenny Dykstra,,Michelle McCool (w/ Chuck Palumbo ) vs. Victoria (w/ Kenny Dykstra ) - No Contest,Michelle McCool & Chuck Palumbo defeated Victoria & Kenny Dykstra at 11:54 when McCool pinned Victoria with a kick to the head; the bout was scheduled as McCool vs. Victoria in a singles bout but was changed after both Dykstra and Palumbo interfered at the 4-minute mark
cawthon_only_name,keep,2007-11-12,Raw,WWE Monday Night RAW #755,815,9673,3,WWE Smackdown!,,"Rey Mysterio & The Hardys ( Jeff Hardy & Matt Hardy ) defeat Finlay , Montel Vontavious Porter & Mr. Kennedy (11:52)","Rey Mysterio Jr., WWE IC Champion Jeff Hardy, & WWE Smackdown! Tag Team Champion Matt Hardy defeated Finlay, WWE Smackdown! Tag Team Champion & WWE US Champion MVP, & Ken Kennedy at 11:51 when Jeff pinned MVP with the Swanton after Mysterio hit the 619 on both MVP and Kennedy"
cawthon_only_name,split,2008-02-04,Raw,WWE Monday Night RAW #767,842,9851,2,Shawn Michaels,,Chris Jericho defeats John Bradshaw Layfield (13:50),"Shawn Michaels, WWE IC Champion Jeff Hardy, & Chris Jericho defeated John Bradshaw Layfield, Umaga, & Snitsky at 15:12 when Hardy pinned Snitsky with the Twist of Fate and Swanton"
cawthon_only_name,split,2008-02-04,Raw,WWE Monday Night RAW #767,842,9851,2,Jeff Hardy,,Chris Jericho defeats John Bradshaw Layfield (13:50),"Shawn Michaels, WWE IC Champion Jeff Hardy, & Chris Jericho defeated John Bradshaw Layfield, Umaga, & Snitsky at 15:12 when Hardy pinned Snitsky with the Twist of Fate and Swanton"
cawthon_only_name,split,2008-02-04,Raw,WWE Monday Night RAW #767,842,9851,2,Umaga,,Chris Jericho defeats John Bradshaw Layfield (13:50),"Shawn Michaels, WWE IC Champion Jeff Hardy, & Chris Jericho defeated John Bradshaw Layfield, Umaga, & Snitsky at 15:12 when Hardy pinned Snitsky with the Twist of Fate and Swanton"
cawthon_only_name,split,2008-02-04,Raw,WWE Monday Night RAW #767,842,9851,2,Snitsky,,Chris Jericho defeats John Bradshaw Layfield (13:50),"Shawn Michaels, WWE IC Champion Jeff Hardy, & Chris Jericho defeated John Bradshaw Layfield, Umaga, & Snitsky at 15:12 when Hardy pinned Snitsky with the Twist of Fate and Swanton"
cawthon_only_name,split,2008-02-04,Raw,WWE Monday Night RAW #767,842,9852,3,Paul London,,Paul Burchill (w/ Katie Lea ) defeats Brian Kendrick (2:55),Carlito Caribbean Cool & Santino Marella (w/ Maria) defeated Brian Kendrick & Paul London at 1:18 when Carlito pinned Kendrick with the Backstabber; neither London or Marella were legally involved in the bout
cawthon_only_name,keep,2008-03-24,Raw,WWE Monday Night RAW #774,856,9940,3,Santino Marella,,Maria vs. Melina (w/ Beth Phoenix ) - No Contest (1:00),"Santino Marella, Melina, & WWE Women's Champion Beth Phoenix defeated Jerry Lawler, Maria, & Ashley in an impromptu match at 6:41 when Santino pinned Maria after Melina and Phoenix both clipped Maria behind the referee's back; the match was originally between Maria and Melina but was changed when Ashley appeared to counter Phoenix being at ringside, with Marella then appearing ringside, prompting Lawler to leave the announce table and get into a fight with Marella, with Lawler, Maria, & Ashley quickly knocking the other three to the floor; moments later, William Regal appeared and ordered a six-person tag team match to take place immediately; prior to the bout, it was announced Candice Michelle would not be competing at WrestleMania after re-breaking her clavicle and undergoing surgery earlier in the day; a giant poster of Maria's Playboy cover was hoisted above the entrance stage for the match John Cena, Triple H, Shawn Michaels, & Ric Flair defeated WWE World Champion Randy Orton, Umaga, John Bradshaw Layfield, & the Big Show in a No DQ match at 11:39 when Orton submitted to Flair's figure-4 after Flair hit a low blow on Michaels, knocking him to the floor, moments after Michaels punched Flair; prior to the bout, it was announced Show and Floyd Mayweather would appear Wednesday on ‘The Today Show;' JBL left the match at the 2-minute mark after Finlay appeared ringside, with the two men then battling backstage; Umaga left the match at the 7-minute mark after Batista came ringside, with the two also battling backstage; Show left the match at the 10-minute mark after tossing Orton into the ring and hitting the chokeslam on him after Orton began giving him orders from the apron; Triple H and Cena left the match at the 11-minute mark when they began fighting with one another"
cawthon_only_name,keep,2008-03-24,Raw,WWE Monday Night RAW #774,856,9940,3,Beth Phoenix,,Maria vs. Melina (w/ Beth Phoenix ) - No Contest (1:00),"Santino Marella, Melina, & WWE Women's Champion Beth Phoenix defeated Jerry Lawler, Maria, & Ashley in an impromptu match at 6:41 when Santino pinned Maria after Melina and Phoenix both clipped Maria behind the referee's back; the match was originally between Maria and Melina but was changed when Ashley appeared to counter Phoenix being at ringside, with Marella then appearing ringside, prompting Lawler to leave the announce table and get into a fight with Marella, with Lawler, Maria, & Ashley quickly knocking the other three to the floor; moments later, William Regal appeared and ordered a six-person tag team match to take place immediately; prior to the bout, it was announced Candice Michelle would not be competing at WrestleMania after re-breaking her clavicle and undergoing surgery earlier in the day; a giant poster of Maria's Playboy cover was hoisted above the entrance stage for the match John Cena, Triple H, Shawn Michaels, & Ric Flair defeated WWE World Champion Randy Orton, Umaga, John Bradshaw Layfield, & the Big Show in a No DQ match at 11:39 when Orton submitted to Flair's figure-4 after Flair hit a low blow on Michaels, knocking him to the floor, moments after Michaels punched Flair; prior to the bout, it was announced Show and Floyd Mayweather would appear Wednesday on ‘The Today Show;' JBL left the match at the 2-minute mark after Finlay appeared ringside, with the two men then battling backstage; Umaga left the match at the 7-minute mark after Batista came ringside, with the two also battling backstage; Show left the match at the 10-minute mark after tossing Orton into the ring and hitting the chokeslam on him after Orton began giving him orders from the apron; Triple H and Cena left the match at the 11-minute mark when they began fighting with one another"
cawthon_only_name,keep,2008-03-24,Raw,WWE Monday Night RAW #774,856,9940,3,Jerry Lawler,,Maria vs. Melina (w/ Beth Phoenix ) - No Contest (1:00),"Santino Marella, Melina, & WWE Women's Champion Beth Phoenix defeated Jerry Lawler, Maria, & Ashley in an impromptu match at 6:41 when Santino pinned Maria after Melina and Phoenix both clipped Maria behind the referee's back; the match was originally between Maria and Melina but was changed when Ashley appeared to counter Phoenix being at ringside, with Marella then appearing ringside, prompting Lawler to leave the announce table and get into a fight with Marella, with Lawler, Maria, & Ashley quickly knocking the other three to the floor; moments later, William Regal appeared and ordered a six-person tag team match to take place immediately; prior to the bout, it was announced Candice Michelle would not be competing at WrestleMania after re-breaking her clavicle and undergoing surgery earlier in the day; a giant poster of Maria's Playboy cover was hoisted above the entrance stage for the match John Cena, Triple H, Shawn Michaels, & Ric Flair defeated WWE World Champion Randy Orton, Umaga, John Bradshaw Layfield, & the Big Show in a No DQ match at 11:39 when Orton submitted to Flair's figure-4 after Flair hit a low blow on Michaels, knocking him to the floor, moments after Michaels punched Flair; prior to the bout, it was announced Show and Floyd Mayweather would appear Wednesday on ‘The Today Show;' JBL left the match at the 2-minute mark after Finlay appeared ringside, with the two men then battling backstage; Umaga left the match at the 7-minute mark after Batista came ringside, with the two also battling backstage; Show left the match at the 10-minute mark after tossing Orton into the ring and hitting the chokeslam on him after Orton began giving him orders from the apron; Triple H and Cena left the match at the 11-minute mark when they began fighting with one another"
cawthon_only_name,keep,2008-03-24,Raw,WWE Monday Night RAW #774,856,9940,3,Ashley,,Maria vs. Melina (w/ Beth Phoenix ) - No Contest (1:00),"Santino Marella, Melina, & WWE Women's Champion Beth Phoenix defeated Jerry Lawler, Maria, & Ashley in an impromptu match at 6:41 when Santino pinned Maria after Melina and Phoenix both clipped Maria behind the referee's back; the match was originally between Maria and Melina but was changed when Ashley appeared to counter Phoenix being at ringside, with Marella then appearing ringside, prompting Lawler to leave the announce table and get into a fight with Marella, with Lawler, Maria, & Ashley quickly knocking the other three to the floor; moments later, William Regal appeared and ordered a six-person tag team match to take place immediately; prior to the bout, it was announced Candice Michelle would not be competing at WrestleMania after re-breaking her clavicle and undergoing surgery earlier in the day; a giant poster of Maria's Playboy cover was hoisted above the entrance stage for the match John Cena, Triple H, Shawn Michaels, & Ric Flair defeated WWE World Champion Randy Orton, Umaga, John Bradshaw Layfield, & the Big Show in a No DQ match at 11:39 when Orton submitted to Flair's figure-4 after Flair hit a low blow on Michaels, knocking him to the floor, moments after Michaels punched Flair; prior to the bout, it was announced Show and Floyd Mayweather would appear Wednesday on ‘The Today Show;' JBL left the match at the 2-minute mark after Finlay appeared ringside, with the two men then battling backstage; Umaga left the match at the 7-minute mark after Batista came ringside, with the two also battling backstage; Show left the match at the 10-minute mark after tossing Orton into the ring and hitting the chokeslam on him after Orton began giving him orders from the apron; Triple H and Cena left the match at the 11-minute mark when they began fighting with one another"
cawthon_only_name,split,2008-11-28,SmackDown,WWE Friday Night SmackDown #484,936,10537,2,Brie,,Maria defeats Michelle McCool (3:20),"Maryse, Victoria, & Natalya Neidhart defeated WWE Divas Champion Michelle McCool, Brie & Nikki Bella at 4:13 when Maryse pinned Michelle after one of the Bellas accidentally hit a clothesline on Michelle when Maryse moved out of the way; prior to the bout, footage was shown of Victoria & Natalya Neidhart pulling both Bellas out from under the ring three weeks earlier, revealing that there were two twins; during the match, it was announced the Bellas were recently on Yahoo!'s most searched list; moments later, Michelle argued with both the Bellas until Maria came out to calm her down; Michelle then shoved Maria to the mat and left the ring"
cawthon_only_name,split,2008-11-28,SmackDown,WWE Friday Night SmackDown #484,936,10537,2,Nikki Bella,,Maria defeats Michelle McCool (3:20),"Maryse, Victoria, & Natalya Neidhart defeated WWE Divas Champion Michelle McCool, Brie & Nikki Bella at 4:13 when Maryse pinned Michelle after one of the Bellas accidentally hit a clothesline on Michelle when Maryse moved out of the way; prior to the bout, footage was shown of Victoria & Natalya Neidhart pulling both Bellas out from under the ring three weeks earlier, revealing that there were two twins; during the match, it was announced the Bellas were recently on Yahoo!'s most searched list; moments later, Michelle argued with both the Bellas until Maria came out to calm her down; Michelle then shoved Maria to the mat and left the ring"
cawthon_only_name,split,2009-01-02,SmackDown,WWE Friday Night SmackDown #489,946,10621,7,Matt Hardy,,Jeff Hardy (c) defeats Edge,"WWE World Champion Jeff Hardy & ECW World Champion Matt Hardy defeated Edge & the Big Show at 14:23 when Jeff pinned Edge following the Twist of Fate / Swanton combo; prior to the bout, Edge cut a promo on everything the fans blame him for, then adding they could blame him once Jeff loses his title; late in the bout, Show walked out of the match"
cawthon_only_name,split,2009-01-02,SmackDown,WWE Friday Night SmackDown #489,946,10621,7,The Big Show,,Jeff Hardy (c) defeats Edge,"WWE World Champion Jeff Hardy & ECW World Champion Matt Hardy defeated Edge & the Big Show at 14:23 when Jeff pinned Edge following the Twist of Fate / Swanton combo; prior to the bout, Edge cut a promo on everything the fans blame him for, then adding they could blame him once Jeff loses his title; late in the bout, Show walked out of the match"
cawthon_only_name,split,2009-01-16,SmackDown,WWE Friday Night SmackDown #491,949,11409,4,Finlay,,Edge defeats Matt Hardy (6:24),Matt Hardy & Finlay defeated ECW World Champion Jack Swagger & Mark Henry
cawthon_only_name,keep,2009-08-28,SmackDown,WWE Friday Night SmackDown #523,1016,11886,5,The Big Show,,Chris Jericho (w/ The Big Show ) vs. Shad Gaspard (w/ JTG ) - No Contest (2:15),"WWE Unified Tag Team Champions Chris Jericho & the Big Show defeated Cryme Tyme in a non-title match at 8:42 when Show pinned Shad with the right hand punch; the bout was originally Jericho vs. Shad Gaspard but turned into a tag team match at the 2-minute mark when both men outside the ring became involved; moments later, Teddy Long came out and told the referee to keep the match going as a tag bout"
cawthon_only_name,keep,2009-09-14,Raw,WWE Monday Night RAW #851,1022,11929,7,Mark Henry,,Montel Vontavious Porter & Trish Stratus defeat Beth Phoenix & Chris Jericho by DQ (1:31),"Trish Stratus, MVP, & Mark Henry defeated Beth Phoenix, WWE Unified Tag Team Champions Chris Jericho & the Big Show at 10:47 when Trish pinned Phoenix with the Stratusfaction; the bout was originally Stratus & MVP – as her mystery partner – against Jericho & Phoenix but Stratus turned it into a six person tag match after Show interfered at 1:34 (Stratus' first match in 9 months)"
cawthon_only_name,keep,2009-09-14,Raw,WWE Monday Night RAW #851,1022,11929,7,The Big Show,,Montel Vontavious Porter & Trish Stratus defeat Beth Phoenix & Chris Jericho by DQ (1:31),"Trish Stratus, MVP, & Mark Henry defeated Beth Phoenix, WWE Unified Tag Team Champions Chris Jericho & the Big Show at 10:47 when Trish pinned Phoenix with the Stratusfaction; the bout was originally Stratus & MVP – as her mystery partner – against Jericho & Phoenix but Stratus turned it into a six person tag match after Show interfered at 1:34 (Stratus' first match in 9 months)"
cawthon_only_name,fix_lineup,2009-11-02,Raw,WWE Monday Night RAW #858,1038,12023,3,Montel Vontavious Porter,,Kofi Kingston vs. Randy Orton - No Contest (2:00),"Kofi Kingston, MVP, & Mark Henry defeated Randy Orton, Ted Dibiase Jr., & Cody Rhodes at 12:39 when Henry pinned Rhodes after catching him coming off the top and hitting the powerslam; the match was scheduled as Kingston vs. Orton but was turned into a six man tag by Ozzy & Sharon Osbourne after Rhodes & Dibiase came ringside at the 2-minute mark"
cawthon_only_name,fix_lineup,2009-11-02,Raw,WWE Monday Night RAW #858,1038,12023,3,Mark Henry,,Kofi Kingston vs. Randy Orton - No Contest (2:00),"Kofi Kingston, MVP, & Mark Henry defeated Randy Orton, Ted Dibiase Jr., & Cody Rhodes at 12:39 when Henry pinned Rhodes after catching him coming off the top and hitting the powerslam; the match was scheduled as Kingston vs. Orton but was turned into a six man tag by Ozzy & Sharon Osbourne after Rhodes & Dibiase came ringside at the 2-minute mark"
cawthon_only_name,fix_lineup,2009-11-02,Raw,WWE Monday Night RAW #858,1038,12023,3,Ted DiBiase,,Kofi Kingston vs. Randy Orton - No Contest (2:00),"Kofi Kingston, MVP, & Mark Henry defeated Randy Orton, Ted Dibiase Jr., & Cody Rhodes at 12:39 when Henry pinned Rhodes after catching him coming off the top and hitting the powerslam; the match was scheduled as Kingston vs. Orton but was turned into a six man tag by Ozzy & Sharon Osbourne after Rhodes & Dibiase came ringside at the 2-minute mark"
cawthon_only_name,fix_lineup,2009-11-02,Raw,WWE Monday Night RAW #858,1038,12023,3,Cody Rhodes,,Kofi Kingston vs. Randy Orton - No Contest (2:00),"Kofi Kingston, MVP, & Mark Henry defeated Randy Orton, Ted Dibiase Jr., & Cody Rhodes at 12:39 when Henry pinned Rhodes after catching him coming off the top and hitting the powerslam; the match was scheduled as Kingston vs. Orton but was turned into a six man tag by Ozzy & Sharon Osbourne after Rhodes & Dibiase came ringside at the 2-minute mark"
cawthon_only_name,split,2010-08-16,Raw,WWE Monday Night RAW #899,1128,12642,3,Alicia Fox,,Melina (c) defeats Jillian (2:35),"Alicia Fox, Maryse, & Jillian Hall defeated WWE Divas Champion Melina, Gail Kim, & Eve at 2:55 when Jillian pinned Eve after pulling her off the top as Eve attempted a moonsault; prior to the bout, Jon Lovitz was shown in the crowd"
cawthon_only_name,split,2010-08-16,Raw,WWE Monday Night RAW #899,1128,12642,3,Maryse,,Melina (c) defeats Jillian (2:35),"Alicia Fox, Maryse, & Jillian Hall defeated WWE Divas Champion Melina, Gail Kim, & Eve at 2:55 when Jillian pinned Eve after pulling her off the top as Eve attempted a moonsault; prior to the bout, Jon Lovitz was shown in the crowd"
cawthon_only_name,split,2010-08-16,Raw,WWE Monday Night RAW #899,1128,12642,3,Gail Kim,,Melina (c) defeats Jillian (2:35),"Alicia Fox, Maryse, & Jillian Hall defeated WWE Divas Champion Melina, Gail Kim, & Eve at 2:55 when Jillian pinned Eve after pulling her off the top as Eve attempted a moonsault; prior to the bout, Jon Lovitz was shown in the crowd"
cawthon_only_name,split,2010-08-16,Raw,WWE Monday Night RAW #899,1128,12642,3,Eve,,Melina (c) defeats Jillian (2:35),"Alicia Fox, Maryse, & Jillian Hall defeated WWE Divas Champion Melina, Gail Kim, & Eve at 2:55 when Jillian pinned Eve after pulling her off the top as Eve attempted a moonsault; prior to the bout, Jon Lovitz was shown in the crowd"
cawthon_only_name,split,2010-08-16,Raw,WWE Monday Night RAW #899,1128,12640,1,John Morrison,,Edge defeats R-Truth (4:20),"Skip Sheffield & David Otunga defeated John Morrison & R-Truth at 3:00 when Sheffield pinned Morrison with a clothesline; during the bout, the remaining members of Nexus were shown watching on backstage; stipulations stated Sheffield & Otunga would be kicked out of Nexus if they lost"
cawthon_only_name,split,2010-09-19,PPV,WWE Night Of Champions 2010,1137,12708,7,Vladimir Kozlov,,Cody Rhodes & Drew McIntyre defeat Evan Bourne & Mark Henry and Santino Marella & Vladimir Kozlov and The Hart Dynasty ( David Hart Smith & Tyson Kidd ) (w/ Natalya ) (c) and The Usos ( Jey Uso & Jimmy Uso ) (w/ Tamina ) (11:41) - TITLE CHANGE !!!,"Cody Rhodes & Drew McIntyre defeated WWE Tag Team Champions David Hart Smith & Tyson Kidd (w/ Natalya Neidhart), Jimmy & Jey Uso (w/ Tamina), Santino Marella & Vladimir Kozlov, and Evan Bourne & Mark Henry to win the titles in tag team turmoil at 11:42; the Usos defeated Smith & Kidd at 2:11 when Kidd was pinned after the illegal Uso kicked Kidd in the face behind the referee's back; the Usos defeated Kozlov & Marella at 3:15 when Marella was pinned following a Samoan Drop; Bourne & Henry defeated the Usos when Bourne scored the pin following the Shooting Star Press at 5:10; Rhodes pinned Bourne with Crossroads"
cawthon_only_name,split,2010-09-19,PPV,WWE Night Of Champions 2010,1137,12708,7,Evan Bourne,,Cody Rhodes & Drew McIntyre defeat Evan Bourne & Mark Henry and Santino Marella & Vladimir Kozlov and The Hart Dynasty ( David Hart Smith & Tyson Kidd ) (w/ Natalya ) (c) and The Usos ( Jey Uso & Jimmy Uso ) (w/ Tamina ) (11:41) - TITLE CHANGE !!!,"Cody Rhodes & Drew McIntyre defeated WWE Tag Team Champions David Hart Smith & Tyson Kidd (w/ Natalya Neidhart), Jimmy & Jey Uso (w/ Tamina), Santino Marella & Vladimir Kozlov, and Evan Bourne & Mark Henry to win the titles in tag team turmoil at 11:42; the Usos defeated Smith & Kidd at 2:11 when Kidd was pinned after the illegal Uso kicked Kidd in the face behind the referee's back; the Usos defeated Kozlov & Marella at 3:15 when Marella was pinned following a Samoan Drop; Bourne & Henry defeated the Usos when Bourne scored the pin following the Shooting Star Press at 5:10; Rhodes pinned Bourne with Crossroads"
cawthon_only_name,split,2010-09-19,PPV,WWE Night Of Champions 2010,1137,12708,7,Mark Henry,,Cody Rhodes & Drew McIntyre defeat Evan Bourne & Mark Henry and Santino Marella & Vladimir Kozlov and The Hart Dynasty ( David Hart Smith & Tyson Kidd ) (w/ Natalya ) (c) and The Usos ( Jey Uso & Jimmy Uso ) (w/ Tamina ) (11:41) - TITLE CHANGE !!!,"Cody Rhodes & Drew McIntyre defeated WWE Tag Team Champions David Hart Smith & Tyson Kidd (w/ Natalya Neidhart), Jimmy & Jey Uso (w/ Tamina), Santino Marella & Vladimir Kozlov, and Evan Bourne & Mark Henry to win the titles in tag team turmoil at 11:42; the Usos defeated Smith & Kidd at 2:11 when Kidd was pinned after the illegal Uso kicked Kidd in the face behind the referee's back; the Usos defeated Kozlov & Marella at 3:15 when Marella was pinned following a Samoan Drop; Bourne & Henry defeated the Usos when Bourne scored the pin following the Shooting Star Press at 5:10; Rhodes pinned Bourne with Crossroads"
cawthon_only_name,split,2010-09-20,Raw,WWE Monday Night RAW #904,1138,12720,5,David Otunga,,"The Nexus ( Heath Slater & Justin Gabriel ) (w/ David Otunga , Michael Tarver & Wade Barrett ) defeat Evan Bourne & Mark Henry (3:18)","John Cena defeated David Otunga, Heath Slater, Justin Gabriel, & Michael Tarver (w/ Wade Barrett) in a gauntlet match at 13:47; prior to the bout, Barrett took the mic, stood on the commentary table, and said Cena would have to beat the other members of Nexus in a gauntlet match before facing Barrett in their previously announced singles match; Cena pinned Slater with the FU (2:25); Cena pinned Otunga with an inside cradle (6:55); Tarver submitted to Cena's STFU (7:58); Cena defeated Gabriel via disqualification when the other members of Nexus and Barrett attacked Cena; Barrett stood on the commentary table for the duration of the bout; moments later, Cena cleared the ring with a steel chair; Cena then took the mic and said he wanted his match with Barrett, with Barrett saying he had nothing to gain before agreeing to the match at Hell in a Cell but only under the stipulation that Cena joins Nexus if he loses; Cena agreed but then added his own stipulation that Nexus is gone from the WWE if he wins, with Barrett agreeing as the show came to a close"
cawthon_only_name,split,2010-09-20,Raw,WWE Monday Night RAW #904,1138,12720,5,Michael Tarver,,"The Nexus ( Heath Slater & Justin Gabriel ) (w/ David Otunga , Michael Tarver & Wade Barrett ) defeat Evan Bourne & Mark Henry (3:18)","John Cena defeated David Otunga, Heath Slater, Justin Gabriel, & Michael Tarver (w/ Wade Barrett) in a gauntlet match at 13:47; prior to the bout, Barrett took the mic, stood on the commentary table, and said Cena would have to beat the other members of Nexus in a gauntlet match before facing Barrett in their previously announced singles match; Cena pinned Slater with the FU (2:25); Cena pinned Otunga with an inside cradle (6:55); Tarver submitted to Cena's STFU (7:58); Cena defeated Gabriel via disqualification when the other members of Nexus and Barrett attacked Cena; Barrett stood on the commentary table for the duration of the bout; moments later, Cena cleared the ring with a steel chair; Cena then took the mic and said he wanted his match with Barrett, with Barrett saying he had nothing to gain before agreeing to the match at Hell in a Cell but only under the stipulation that Cena joins Nexus if he loses; Cena agreed but then added his own stipulation that Nexus is gone from the WWE if he wins, with Barrett agreeing as the show came to a close"
cawthon_only_name,keep,2011-03-21,Raw,WWE Monday Night RAW #930,1195,13143,5,Vickie Guerrero,,"Dolph Ziggler (w/ Layla , Michelle McCool & Vickie Guerrero ) vs. John Morrison (w/ Trish Stratus ) - No Contest (3:00)","Dolph Ziggler, Vickie Guerrero, Michelle McCool, & Layla defeated John Morrison & Trish Stratus in a handicap match at 10:31 when Vickie pinned Morrison after Ziggler avoided Starship Pain and hit the Zig Zag; the bout was originally Ziggler vs. Morrison but was changed to a handicap tag team match at around the 1:10 mark via an e-mail from the Raw GM, read by Michael Cole, after the women interfered"
cawthon_only_name,keep,2011-03-21,Raw,WWE Monday Night RAW #930,1195,13143,5,Michelle McCool,,"Dolph Ziggler (w/ Layla , Michelle McCool & Vickie Guerrero ) vs. John Morrison (w/ Trish Stratus ) - No Contest (3:00)","Dolph Ziggler, Vickie Guerrero, Michelle McCool, & Layla defeated John Morrison & Trish Stratus in a handicap match at 10:31 when Vickie pinned Morrison after Ziggler avoided Starship Pain and hit the Zig Zag; the bout was originally Ziggler vs. Morrison but was changed to a handicap tag team match at around the 1:10 mark via an e-mail from the Raw GM, read by Michael Cole, after the women interfered"
cawthon_only_name,keep,2011-03-21,Raw,WWE Monday Night RAW #930,1195,13143,5,Layla,,"Dolph Ziggler (w/ Layla , Michelle McCool & Vickie Guerrero ) vs. John Morrison (w/ Trish Stratus ) - No Contest (3:00)","Dolph Ziggler, Vickie Guerrero, Michelle McCool, & Layla defeated John Morrison & Trish Stratus in a handicap match at 10:31 when Vickie pinned Morrison after Ziggler avoided Starship Pain and hit the Zig Zag; the bout was originally Ziggler vs. Morrison but was changed to a handicap tag team match at around the 1:10 mark via an e-mail from the Raw GM, read by Michael Cole, after the women interfered"
cawthon_only_name,keep,2011-03-21,Raw,WWE Monday Night RAW #930,1195,13143,5,Trish Stratus,,"Dolph Ziggler (w/ Layla , Michelle McCool & Vickie Guerrero ) vs. John Morrison (w/ Trish Stratus ) - No Contest (3:00)","Dolph Ziggler, Vickie Guerrero, Michelle McCool, & Layla defeated John Morrison & Trish Stratus in a handicap match at 10:31 when Vickie pinned Morrison after Ziggler avoided Starship Pain and hit the Zig Zag; the bout was originally Ziggler vs. Morrison but was changed to a handicap tag team match at around the 1:10 mark via an e-mail from the Raw GM, read by Michael Cole, after the women interfered"
cawthon_only_name,fix_lineup,2011-06-27,Raw,WWE Monday Night RAW #944 - RAW Roulette 2011,1227,13374,5,Rey Mysterio,,Alex Riley defeats The Miz (9:12),Rey Mysterio Jr. & Alex Riley defeated Mike Mizanin & Jack Swagger in a Texas Tornado match at 11:43 when Mysterio pinned Swagger with a splash off the top after hitting the 619 and Riley following with a DDT
cawthon_only_name,fix_lineup,2011-06-27,Raw,WWE Monday Night RAW #944 - RAW Roulette 2011,1227,13374,5,Jack Swagger,,Alex Riley defeats The Miz (9:12),Rey Mysterio Jr. & Alex Riley defeated Mike Mizanin & Jack Swagger in a Texas Tornado match at 11:43 when Mysterio pinned Swagger with a splash off the top after hitting the 619 and Riley following with a DDT
cawthon_only_name,fix_lineup,2011-12-23,SmackDown,WWE Friday Night SmackDown #644,1284,13806,5,The Big Show,,Daniel Bryan vs. Dolph Ziggler (w/ Vickie Guerrero ) - No Contest (13:03),"World Heavyweight Champion Daniel Bryan & the Big Show defeated Dolph Ziggler & Jack Swagger (w/ Vickie Guerrero) in an impromptu match at around the 9-minute mark; the match was initially Bryan vs. Ziggler in a non-title match, with Swagger coming ringside at the 8-minute mark and Show joining at the 10-minute mark; at the 13-minute mark, Show chased Swagger into the ring, with Teddy Long running out and setting up a tag team match between the four; after the bout, Show watched from the floor as Bryan celebrated in the ring"
cawthon_only_name,fix_lineup,2011-12-23,SmackDown,WWE Friday Night SmackDown #644,1284,13806,5,Jack Swagger,,Daniel Bryan vs. Dolph Ziggler (w/ Vickie Guerrero ) - No Contest (13:03),"World Heavyweight Champion Daniel Bryan & the Big Show defeated Dolph Ziggler & Jack Swagger (w/ Vickie Guerrero) in an impromptu match at around the 9-minute mark; the match was initially Bryan vs. Ziggler in a non-title match, with Swagger coming ringside at the 8-minute mark and Show joining at the 10-minute mark; at the 13-minute mark, Show chased Swagger into the ring, with Teddy Long running out and setting up a tag team match between the four; after the bout, Show watched from the floor as Bryan celebrated in the ring"
cawthon_only_name,keep,2013-03-29,SmackDown,WWE Friday Night SmackDown #710,1430,15799,2,Kane,,Daniel Bryan & Kaitlyn (w/ Kane ) defeat AJ Lee & Dolph Ziggler (w/ Big E. Langston ) (3:19),"WWE Divas Champion Kaitlyn, WWE Tag Team Champions Daniel Bryan & Kane defeated Dolph Ziggler, Big E Langston, & AJ at 3:17 when Kaitlyn pinned AJ with a spear"
cawthon_only_name,keep,2013-03-29,SmackDown,WWE Friday Night SmackDown #710,1430,15799,2,Big E Langston,,Daniel Bryan & Kaitlyn (w/ Kane ) defeat AJ Lee & Dolph Ziggler (w/ Big E. Langston ) (3:19),"WWE Divas Champion Kaitlyn, WWE Tag Team Champions Daniel Bryan & Kane defeated Dolph Ziggler, Big E Langston, & AJ at 3:17 when Kaitlyn pinned AJ with a spear"
cawthon_only_name,fix_lineup,2013-09-20,SmackDown,WWE Friday Night SmackDown #735,1486,16211,4,Daniel Bryan,,"Darren Young , Dolph Ziggler , Kofi Kingston , Rob Van Dam & Titus O'Neil vs. The Shield ( Dean Ambrose , Roman Reigns & Seth Rollins ) - No Contest (9:00)","WWE US Champion Dean Ambrose, WWE Tag Team Champions Roman Reigns & Seth Rollins fought Daniel Bryan, Jimmy & Jey Uso, R-Truth, Justin Gabriel, Zack Ryder, Darren Young & Titus O'Neil, Dolph Ziggler, Jimmy & Jey Uso, Kofi Kingston, & Rob Van Dam to a no contest in a handicap gauntlet match at 8:58 when Triple H came out and stopped the match; all three members of the Shield were in the match at the same time; Vickie Guerrero sat ringside for the match; Reigns pinned Young with the spear at the 41-second mark; Reigns pinned O'Neil with the triple powerbomb at 1:57; Ziggler was counted-out at 5:37 after sustaining Reigns' spear outside the ring; Ambrose pinned Kingston with the modified DDT at 7:11; the bell rang moments after RVD was knocked off the top to the floor; after the match, Triple H yelled at Vickie and said he wanted to see her in his office; following the commercial break, Triple H said the way Vickie handled it would have led to further revolt and she needed to make a match between Bryan & the Usos against the Shield for later in the night"
cawthon_only_name,fix_lineup,2013-09-20,SmackDown,WWE Friday Night SmackDown #735,1486,16211,4,Jimmy Uso,,"Darren Young , Dolph Ziggler , Kofi Kingston , Rob Van Dam & Titus O'Neil vs. The Shield ( Dean Ambrose , Roman Reigns & Seth Rollins ) - No Contest (9:00)","WWE US Champion Dean Ambrose, WWE Tag Team Champions Roman Reigns & Seth Rollins fought Daniel Bryan, Jimmy & Jey Uso, R-Truth, Justin Gabriel, Zack Ryder, Darren Young & Titus O'Neil, Dolph Ziggler, Jimmy & Jey Uso, Kofi Kingston, & Rob Van Dam to a no contest in a handicap gauntlet match at 8:58 when Triple H came out and stopped the match; all three members of the Shield were in the match at the same time; Vickie Guerrero sat ringside for the match; Reigns pinned Young with the spear at the 41-second mark; Reigns pinned O'Neil with the triple powerbomb at 1:57; Ziggler was counted-out at 5:37 after sustaining Reigns' spear outside the ring; Ambrose pinned Kingston with the modified DDT at 7:11; the bell rang moments after RVD was knocked off the top to the floor; after the match, Triple H yelled at Vickie and said he wanted to see her in his office; following the commercial break, Triple H said the way Vickie handled it would have led to further revolt and she needed to make a match between Bryan & the Usos against the Shield for later in the night"
cawthon_only_name,fix_lineup,2013-09-20,SmackDown,WWE Friday Night SmackDown #735,1486,16211,4,Jey Uso,,"Darren Young , Dolph Ziggler , Kofi Kingston , Rob Van Dam & Titus O'Neil vs. The Shield ( Dean Ambrose , Roman Reigns & Seth Rollins ) - No Contest (9:00)","WWE US Champion Dean Ambrose, WWE Tag Team Champions Roman Reigns & Seth Rollins fought Daniel Bryan, Jimmy & Jey Uso, R-Truth, Justin Gabriel, Zack Ryder, Darren Young & Titus O'Neil, Dolph Ziggler, Jimmy & Jey Uso, Kofi Kingston, & Rob Van Dam to a no contest in a handicap gauntlet match at 8:58 when Triple H came out and stopped the match; all three members of the Shield were in the match at the same time; Vickie Guerrero sat ringside for the match; Reigns pinned Young with the spear at the 41-second mark; Reigns pinned O'Neil with the triple powerbomb at 1:57; Ziggler was counted-out at 5:37 after sustaining Reigns' spear outside the ring; Ambrose pinned Kingston with the modified DDT at 7:11; the bell rang moments after RVD was knocked off the top to the floor; after the match, Triple H yelled at Vickie and said he wanted to see her in his office; following the commercial break, Triple H said the way Vickie handled it would have led to further revolt and she needed to make a match between Bryan & the Usos against the Shield for later in the night"
cawthon_only_name,fix_lineup,2013-09-20,SmackDown,WWE Friday Night SmackDown #735,1486,16211,4,R-Truth,,"Darren Young , Dolph Ziggler , Kofi Kingston , Rob Van Dam & Titus O'Neil vs. The Shield ( Dean Ambrose , Roman Reigns & Seth Rollins ) - No Contest (9:00)","WWE US Champion Dean Ambrose, WWE Tag Team Champions Roman Reigns & Seth Rollins fought Daniel Bryan, Jimmy & Jey Uso, R-Truth, Justin Gabriel, Zack Ryder, Darren Young & Titus O'Neil, Dolph Ziggler, Jimmy & Jey Uso, Kofi Kingston, & Rob Van Dam to a no contest in a handicap gauntlet match at 8:58 when Triple H came out and stopped the match; all three members of the Shield were in the match at the same time; Vickie Guerrero sat ringside for the match; Reigns pinned Young with the spear at the 41-second mark; Reigns pinned O'Neil with the triple powerbomb at 1:57; Ziggler was counted-out at 5:37 after sustaining Reigns' spear outside the ring; Ambrose pinned Kingston with the modified DDT at 7:11; the bell rang moments after RVD was knocked off the top to the floor; after the match, Triple H yelled at Vickie and said he wanted to see her in his office; following the commercial break, Triple H said the way Vickie handled it would have led to further revolt and she needed to make a match between Bryan & the Usos against the Shield for later in the night"
cawthon_only_name,fix_lineup,2013-09-20,SmackDown,WWE Friday Night SmackDown #735,1486,16211,4,Justin Gabriel,,"Darren Young , Dolph Ziggler , Kofi Kingston , Rob Van Dam & Titus O'Neil vs. The Shield ( Dean Ambrose , Roman Reigns & Seth Rollins ) - No Contest (9:00)","WWE US Champion Dean Ambrose, WWE Tag Team Champions Roman Reigns & Seth Rollins fought Daniel Bryan, Jimmy & Jey Uso, R-Truth, Justin Gabriel, Zack Ryder, Darren Young & Titus O'Neil, Dolph Ziggler, Jimmy & Jey Uso, Kofi Kingston, & Rob Van Dam to a no contest in a handicap gauntlet match at 8:58 when Triple H came out and stopped the match; all three members of the Shield were in the match at the same time; Vickie Guerrero sat ringside for the match; Reigns pinned Young with the spear at the 41-second mark; Reigns pinned O'Neil with the triple powerbomb at 1:57; Ziggler was counted-out at 5:37 after sustaining Reigns' spear outside the ring; Ambrose pinned Kingston with the modified DDT at 7:11; the bell rang moments after RVD was knocked off the top to the floor; after the match, Triple H yelled at Vickie and said he wanted to see her in his office; following the commercial break, Triple H said the way Vickie handled it would have led to further revolt and she needed to make a match between Bryan & the Usos against the Shield for later in the night"
cawthon_only_name,fix_lineup,2013-09-20,SmackDown,WWE Friday Night SmackDown #735,1486,16211,4,Zack Ryder,,"Darren Young , Dolph Ziggler , Kofi Kingston , Rob Van Dam & Titus O'Neil vs. The Shield ( Dean Ambrose , Roman Reigns & Seth Rollins ) - No Contest (9:00)","WWE US Champion Dean Ambrose, WWE Tag Team Champions Roman Reigns & Seth Rollins fought Daniel Bryan, Jimmy & Jey Uso, R-Truth, Justin Gabriel, Zack Ryder, Darren Young & Titus O'Neil, Dolph Ziggler, Jimmy & Jey Uso, Kofi Kingston, & Rob Van Dam to a no contest in a handicap gauntlet match at 8:58 when Triple H came out and stopped the match; all three members of the Shield were in the match at the same time; Vickie Guerrero sat ringside for the match; Reigns pinned Young with the spear at the 41-second mark; Reigns pinned O'Neil with the triple powerbomb at 1:57; Ziggler was counted-out at 5:37 after sustaining Reigns' spear outside the ring; Ambrose pinned Kingston with the modified DDT at 7:11; the bell rang moments after RVD was knocked off the top to the floor; after the match, Triple H yelled at Vickie and said he wanted to see her in his office; following the commercial break, Triple H said the way Vickie handled it would have led to further revolt and she needed to make a match between Bryan & the Usos against the Shield for later in the night"
cawthon_only_name,fix_lineup,2013-09-20,SmackDown,WWE Friday Night SmackDown #735,1486,16211,4,Jimmy Uso,,"Darren Young , Dolph Ziggler , Kofi Kingston , Rob Van Dam & Titus O'Neil vs. The Shield ( Dean Ambrose , Roman Reigns & Seth Rollins ) - No Contest (9:00)","WWE US Champion Dean Ambrose, WWE Tag Team Champions Roman Reigns & Seth Rollins fought Daniel Bryan, Jimmy & Jey Uso, R-Truth, Justin Gabriel, Zack Ryder, Darren Young & Titus O'Neil, Dolph Ziggler, Jimmy & Jey Uso, Kofi Kingston, & Rob Van Dam to a no contest in a handicap gauntlet match at 8:58 when Triple H came out and stopped the match; all three members of the Shield were in the match at the same time; Vickie Guerrero sat ringside for the match; Reigns pinned Young with the spear at the 41-second mark; Reigns pinned O'Neil with the triple powerbomb at 1:57; Ziggler was counted-out at 5:37 after sustaining Reigns' spear outside the ring; Ambrose pinned Kingston with the modified DDT at 7:11; the bell rang moments after RVD was knocked off the top to the floor; after the match, Triple H yelled at Vickie and said he wanted to see her in his office; following the commercial break, Triple H said the way Vickie handled it would have led to further revolt and she needed to make a match between Bryan & the Usos against the Shield for later in the night"
cawthon_only_name,fix_lineup,2013-09-20,SmackDown,WWE Friday Night SmackDown #735,1486,16211,4,Jey Uso,,"Darren Young , Dolph Ziggler , Kofi Kingston , Rob Van Dam & Titus O'Neil vs. The Shield ( Dean Ambrose , Roman Reigns & Seth Rollins ) - No Contest (9:00)","WWE US Champion Dean Ambrose, WWE Tag Team Champions Roman Reigns & Seth Rollins fought Daniel Bryan, Jimmy & Jey Uso, R-Truth, Justin Gabriel, Zack Ryder, Darren Young & Titus O'Neil, Dolph Ziggler, Jimmy & Jey Uso, Kofi Kingston, & Rob Van Dam to a no contest in a handicap gauntlet match at 8:58 when Triple H came out and stopped the match; all three members of the Shield were in the match at the same time; Vickie Guerrero sat ringside for the match; Reigns pinned Young with the spear at the 41-second mark; Reigns pinned O'Neil with the triple powerbomb at 1:57; Ziggler was counted-out at 5:37 after sustaining Reigns' spear outside the ring; Ambrose pinned Kingston with the modified DDT at 7:11; the bell rang moments after RVD was knocked off the top to the floor; after the match, Triple H yelled at Vickie and said he wanted to see her in his office; following the commercial break, Triple H said the way Vickie handled it would have led to further revolt and she needed to make a match between Bryan & the Usos against the Shield for later in the night"
cawthon_only_name,keep,2013-09-27,SmackDown,WWE Friday Night SmackDown #736,1488,16224,4,Seth Rollins,,Dolph Ziggler defeats Dean Ambrose (w/ Roman Reigns & Seth Rollins ) (c) by DQ (1:40),"WWE US Champion Dean Ambrose, WWE Tag Team Champions Seth Rollins & Roman Reigns defeated Dolph Ziggler, Rob Van Dam, & Kofi Kingston in an impromptu match at 11:10 when Ambrose pinned Kingston after Rollins hit the running stomp to the head behind the referee's back as Kingston had Ambrose rolled up; RVD and Kingston's arms were heavily taped for the match"
cawthon_only_name,keep,2013-09-27,SmackDown,WWE Friday Night SmackDown #736,1488,16224,4,Roman Reigns,,Dolph Ziggler defeats Dean Ambrose (w/ Roman Reigns & Seth Rollins ) (c) by DQ (1:40),"WWE US Champion Dean Ambrose, WWE Tag Team Champions Seth Rollins & Roman Reigns defeated Dolph Ziggler, Rob Van Dam, & Kofi Kingston in an impromptu match at 11:10 when Ambrose pinned Kingston after Rollins hit the running stomp to the head behind the referee's back as Kingston had Ambrose rolled up; RVD and Kingston's arms were heavily taped for the match"
cawthon_only_name,keep,2013-09-27,SmackDown,WWE Friday Night SmackDown #736,1488,16224,4,Rob Van Dam,,Dolph Ziggler defeats Dean Ambrose (w/ Roman Reigns & Seth Rollins ) (c) by DQ (1:40),"WWE US Champion Dean Ambrose, WWE Tag Team Champions Seth Rollins & Roman Reigns defeated Dolph Ziggler, Rob Van Dam, & Kofi Kingston in an impromptu match at 11:10 when Ambrose pinned Kingston after Rollins hit the running stomp to the head behind the referee's back as Kingston had Ambrose rolled up; RVD and Kingston's arms were heavily taped for the match"
cawthon_only_name,keep,2013-09-27,SmackDown,WWE Friday Night SmackDown #736,1488,16224,4,Kofi Kingston,,Dolph Ziggler defeats Dean Ambrose (w/ Roman Reigns & Seth Rollins ) (c) by DQ (1:40),"WWE US Champion Dean Ambrose, WWE Tag Team Champions Seth Rollins & Roman Reigns defeated Dolph Ziggler, Rob Van Dam, & Kofi Kingston in an impromptu match at 11:10 when Ambrose pinned Kingston after Rollins hit the running stomp to the head behind the referee's back as Kingston had Ambrose rolled up; RVD and Kingston's arms were heavily taped for the match"
dark_but_televised,aired,2001-11-01,SmackDown,Thursday Night SmackDown,44,1335,1,,,Christian defeats Bradshaw (c) (2:01) - TITLE CHANGE !!!,"Christian pinned WWF European Champion Bradshaw to win the title after hitting him with the title belt (the bout was never televised, rather stills of the match were shown on TV to explain the title change)"
dark_but_televised,not_aired,2003-10-30,SmackDown,Thursday Night SmackDown,148,2587,1,,,The Basham Brothers ( Danny Basham & Doug Basham ) (w/ Shaniqua ) (c) defeat Rikishi & Scotty 2 Hotty,WWE Smackdown! Tag Team Champions Doug & Danny Basham (w/ Shaniqua) defeated Rikishi & Scotty 2 Hotty when Scotty was pinned with a roll up after the champions switched places (match not televised due to time restraints)
dark_but_televised,aired,2003-10-30,SmackDown,Thursday Night SmackDown,148,2589,3,,,"The World's Greatest Tag Team ( Charlie Haas & Shelton Benjamin ) defeat The FBI ( Chuck Palumbo , Johnny Stamboli & Nunzio )","Shelton Benjamin & Charlie Haas defeated Nunzio, Chuck Palumbo, & Johnny Stamboli in a handicap match when Nunzio was pinned following a modified Doomsday Device (match not televised due to time restraints)"
dark_but_televised,not_aired,2004-02-05,SmackDown,WWE SmackDown #234,367,3954,2,,,Ernest Miller defeats Tajiri,"Ernest Miller pinned Tajiri; after the bout, Orlando Jordan made the save against Akio & Sakoda (match not televised)"
dark_but_televised,not_aired,2005-06-06,Raw,WWE RAW #628 - Draft 2005,525,7838,4,,,Kane defeats Simon Dean (2:30),Kane pinned Simon Dean (this bout took place during the commercial break and was not mentioned on TV)
dark_but_televised,aired,2005-06-13,Raw,WWE RAW #629 - Draft 2005,528,7856,5,,,Kane defeats Edge by DQ,Kane defeated Edge via disqualification
dark_but_televised,aired,2005-06-13,Raw,WWE RAW #629 - Draft 2005,528,7857,6,,,Batista defeats Triple H,World Heavyweight Champion Batista defeated Triple H
dark_but_televised,not_aired,2006-09-11,Raw,WWE Monday Night RAW #694,676,8732,1,,,Eugene & Jim Duggan defeat Charlie Haas & Viscera,"Robbie & Rory McAllister defeated Lance Cade & Trevor Murdoch and Viscera & Charlie Haas at 3:15 when Robbie pinned Haas with a sunset flip into the ring as Haas dropped Cade with a German suplex; due to pre-match stipulations, the Highlanders earned a WWE Raw Tag Team Title shot at Unforgiven; WWE Raw Tag Team Champions the Spirit Squad stood on the rampway for the duration of the match"
dark_but_televised,not_aired,2008-12-15,Raw,WWE Monday Night RAW #812,941,10578,7,,,John Cena (c) defeats Chris Jericho,"Chris Jericho fought Jim Duggan to a no contest when Jericho came out dressed in a suit and said he refused to wrestle, saying it was a slap in the face he would have to compete against Duggan after carrying Raw on his shoulders single-handedly for the past year; Jericho then said he refused to wrestle until he had a title match or an opponent worthy of his caliber and then walked off"
dark_but_televised,aired,2009-01-02,SmackDown,WWE Friday Night SmackDown #489,946,10621,7,,,Jeff Hardy (c) defeats Edge,"WWE World Champion Jeff Hardy & ECW World Champion Matt Hardy defeated Edge & the Big Show at 14:23 when Jeff pinned Edge following the Twist of Fate / Swanton combo; prior to the bout, Edge cut a promo on everything the fans blame him for, then adding they could blame him once Jeff loses his title; late in the bout, Show walked out of the match"
dark_but_televised,not_aired,2009-03-06,SmackDown,WWE Friday Night SmackDown #498,962,11507,7,,,Edge (c) defeats Jeff Hardy and Matt Hardy,"Money in the Bank Qualifying Match : WWE US Champion Shelton Benjamin defeated Jeff Hardy via disqualification in a non-title match at 9:25 when Matt Hardy came out, climbed into the ring, stared at Jeff, and then punched Benjamin; after the match, Matt slowly turned away from Jeff and left the ring"
dark_but_televised,aired,2009-03-20,SmackDown,WWE Friday Night SmackDown #500,965,11531,7,,,Edge (c) defeats Jeff Hardy,"Jeff Hardy pinned The Brian Kendrick (w/ Ezikiel Jackson) in an extreme rules match with the Swanton at 3:33 after hitting a Twist of Fate onto a steel chair; mid-way through the bout, Hardy repeatedly hit Jackson with a steel chair"
dark_but_televised,aired,2009-08-07,SmackDown,WWE Friday Night SmackDown #520,1009,11842,7,,,Jeff Hardy (c) defeats CM Punk,"World Heavyweight Champion Jeff Hardy pinned CM Punk at 11:06 with a roll up as Punk argued with guest ringside enforcer Matt Hardy after Hardy pulled the referee out of the ring as Punk made the cover after blocking the Swanton; prior to the bout, Matt was announced as the ringside enforcer; after the bout, Matt left ringside with Punk then running up the ramp to try to catch him; moments later, Punk returned ringside, threw Jeff to the floor, assaulted him around ringside, then put his head in a steel chair and rammed him into the ringpost; a stretcher was then brought out for Jeff; as Punk went to leave ringside, Teddy Long appeared and ordered Punk to face Jeff at Summer Slam in a TLC match; Long then ran ringside to check on Jeff as he was fitted with a neckbrace"
dark_but_televised,not_aired,2009-08-31,Raw,WWE Monday Night RAW #849,1017,11896,7,,,"D-Generation X ( Shawn Michaels & Triple H ) & John Cena defeat Legacy ( Cody Rhodes , Randy Orton & Ted DiBiase ) (9:00)","Cody Rhodes (w/ Dusty Rhodes) fought WWE World Champion Randy Orton to a no contest when, prior to the bout, Dusty took the mic and told guest referee John Cena that he was sorry, with Orton and Cody then double teaming Cena; following Orton's entrance, the challenger was shown backstage getting a pep talk from his father; moments later, Ted Dibiase Jr. ran in the ring and dropped Cena with Dream Street, with all three men then assaulting Cena; Triple H & Shawn Michaels then ran in to make the save, with Dusty taking off his cowboy boot and hitting Triple H in the head and Cody dropping Michaels with Crossroads; moments later, Orton, Cody, Dusty, and Dibiase raised their arms in victory before Orton dropped Dusty with a RKO; the show then ended with Cody and Orton staring at each other"
dark_but_televised,aired,2009-11-06,SmackDown,WWE Friday Night SmackDown #533,1039,12033,7,,,The Undertaker (c) defeats CM Punk,Dark match after the taping : World Heavyweight Champion the Undertaker pinned CM Punk with the tombstone
dark_but_televised,not_aired,2010-08-16,Raw,WWE Monday Night RAW #899,1128,12647,8,,,"Team RAW ( Chris Jericho , Edge , John Cena , John Morrison , R-Truth & Randy Orton ) defeat Team SmackDown ( CM Punk , Cody Rhodes , Jack Swagger , Kofi Kingston , Rey Mysterio & The Big Show ) and The Nexus ( David Otunga , Heath Slater , Justin Gabriel , Michael Tarver , Skip Sheffield & Wade Barrett )","Wade Barrett pinned Chris Jericho at 5:22 by catching Jericho attempting the Code Breaker and reversing it into the fireman's carry into a forward slam; Jericho's right arm was heavily taped for the bout; during the match, the remaining members of Nexus were shown watching on backstage; stipulations stated Barrett would be kicked out of Nexus if he lost"
dark_but_televised,not_aired,2010-08-27,SmackDown,WWE Friday Night SmackDown #575,1130,12658,6,,,Kane (c) defeats Jack Swagger and The Big Show,"Jack Swagger defeated MVP via disqualification in an amateur wrestling match at 2:12 when MVP punched Swagger; the winner of the bout would be the man with 5 takedowns and it was billed as the Jack Swagger Sr. Invitational; after the contest, Swagger attacked MVP on the floor and applied the ankle lock; stipulations stated Swagger would host the VIP Lounge if he won and MVP would throw a party with Swagger paying the bill if he won"
dark_but_televised,not_aired,2010-08-30,Raw,WWE Monday Night RAW #901,1131,12664,6,,,Sheamus (c) defeats John Cena and The Undertaker (4:14),"Bret Hart fought the Undertaker to a no contest; prior to the bout, Wade Barrett came out and said the match wasn't going to happen because it was the 900th episode and people wanted to talk about the future, not the past; Taker quickly won a brawl with Barrett and knocked him to the floor; moments later, a gong sounded and the lights went out; when they came back on, Hart was gone and World Heavyweight Champion Kane was in the ring; Taker and Kane fought until he got a choke on Kane, with the gong sounding again and the lights going out; when they came back on, Kane was gone; the remainder of Nexus then came out, with Taker fighting them off until the gong sounded again and the lights went out; when they came back on, Barrett had Taker up for the forward slam, which he then hit; Kane was seen watching on from the entrance stage as Justin Gabriel followed with the 450 splash; Nexus then stood over Taker's body as the crowd chanted “Nexus sucks;” Taker struggled to sit up but then laid back down"
dark_but_televised,aired,2011-06-27,Raw,WWE Monday Night RAW #944 - RAW Roulette 2011,1227,13375,6,,,John Cena (c) defeats R-Truth,"R-Truth defeated WWE World Champion John Cena in a non-title tables match at 5:12 with a tackle, putting Cena through a table set up in the corner, as Cena fought off an interfering CM Punk; during the bout, there were dueling chants of “Let's go, Cena” and “Cena sucks;” after the contest, Punk walked up the ramp with a mic, eventually sitting down at the stage and said he liked Cena but hated the idea that Cena was the best; Punk then said the one thing Cena was better at was kissing Vince McMahon's ass, then adding Hulk Hogan and “Dwayne” were the same; Punk then said Paul Heyman saw a lot in him, as he did Brock Lesnar who also left, then adding no one could touch him on the mic, in the ring, or on commentary; Punk went on to rant about the fact he wasn't promoted as strong as those who weren't as good as him yet someone like “Dwayne” was in the main event of WrestleMania next year; Punk then said he might take the belt to New Japan Pro Wrestling or Ring of Honor, adding “Hey, Colt Cabana. How you doing?”; Punk continued to rant about how Vince McMahon should be a billionaire but surrounds himself with gladhanders like John Laurinaitis, then ranted about Stephanie McMahon and Triple H and the anti-bullying campaign before his mic was cut off"
dark_but_televised,not_aired,2011-08-26,SmackDown,WWE Friday Night SmackDown #627,1245,13497,1,,,Wade Barrett defeats Bo Rotundo,"Wade Barrett fought an unknown to a no contest; prior to the bout, Barrett took the mic and said he had shacken the WWE to its core more than once and it was beneath him as a man and as a competitor to face his no-name opponent; Barrett then walked out of the match"
dark_but_televised,aired,2011-08-26,SmackDown,WWE Friday Night SmackDown #627,1245,13499,3,,,Sin Cara defeats Heath Slater,"Sin Cara pinned Heath Slater at 1:27 with a senton into the ring followed by a springboard moonsault; prior to the bout, it was announced Sin Cara would face WWE World Champion Alberto Del Rio on the following week's live show; the match was wrestled under orange and blue lights"
dark_but_televised,not_aired,2011-08-29,Raw,WWE Monday Night RAW #953,1246,13506,1,,,Alex Riley defeats Drew McIntyre,"John Cena, John Morrison, Sheamus, & Alex Riley defeated Wade Barrett, Christian, Jack Swagger, & WWE US Champion Dolph Ziggler in an impromptu elimination match at around the 19-minute mark; prior to the bout, Cena cut an in-ring promo in which he called out WWE World Champion Alberto Del Rio, with ADR saying he was not in the ring because he was protecting Cena; he then called for “the rudos of Raw” to appear, with Ziggler, Barrett, Christian, Swagger, attacking Cena; moments later, Riley, Morrison, and Sheamus ran out to make the save, with Teddy Long then setting up an immediate match; Swagger forced Morrison to submit to the ankle lock at around the 4-minute mark after Morrison sustained Ziggler's sleeper; moments later, Vickie Guerrero appeared ringside; Swagger forced Riley to submit with the ankle lock at around the 10-minute mark after a bomb off the ropes; Sheamus pinned Barrett with the boot to the face at around the 13:30 mark; Christian and Sheamus fought to a double count-out at around the 15-minute mark when Sheamus chased Christian into the crowd and then up the ramp; late in the match, there were dueling chants of “Let's go Cena” and “Cena sucks;” Cena pinned Ziggler with the FU at around the 19-minute mark after Ziggler tagged himself into the bout; Cena forced Swagger to submit with the STFU after reversing the ankle lock; after the match, Del Rio attempted to attack Cena but Cena fought him off (the bout began during the commercial break)"
dark_but_televised,not_aired,2011-11-04,SmackDown,WWE Friday Night SmackDown #637,1268,13680,8,,,Christian & Mark Henry vs. Sheamus & The Big Show - No Contest,"Sheamus fought Christian to a no contest; prior to the entrances, the Big Show cut an in-ring promo in which he said he would knock out Henry if given the chance, with Christian then interrupting and saying Show's “Mama said knock you out” line was so good, he thought he was done and it was time for Christian to come out for his scheduled match with Sheamus; Christian then asked what made Show think he was deserving of one more match with Henry, with Show eventually dropping Christian with the chokeslam; following Sheamus's entrance, the referee told him Christian said he was unable to compete due to the chokeslam, with Wade Barrett then appearing and saying Christian was in no shape to compete so he would take his place in the match"
dark_but_televised,aired,2011-12-26,Raw,WWE Monday Night RAW #970,1285,13815,7,,,CM Punk (c) defeats The Miz,"Gauntlet Match : Dolph Ziggler pinned WWE World Champion CM Punk in a non-title match at around the 10-minute mark with the Zig Zag after Punk became distracted by John Laurinaitis on the ring apron; late in the match, Laurinaitis walked out and had Vickie Guerrero and Jack Swagger, who were ringside in Ziggler's corner, ejected for Vickie interfering moments earlier; while Laurinaitis had them ejected, Punk had Ziggler covered after kicking him in the head, with the referee not noticing; after the match, Ziggler ran around the ring, celebrating with the title belt; stipulations stated Punk would defend the title the following week against Ziggler if he lost and would advance to meet Mark Henry if he won; had Punk faced and beaten Henry, he would have immediately faced Laurinaitis in a match as well"
dark_but_televised,not_aired,2012-01-16,Raw,WWE Monday Night RAW #973,1291,13862,7,,,John Cena defeats Kane by DQ,"John Cena fought WWE US Champion Jack Swagger to a no contest in a non-title match when Cena jumped Swagger before the opening bell and assaulted him and out of the ring; the crowd then chanted “Let's go, Cena” and “Cena sucks” as Cena continued to attack Swagger on the floor; Cena eventually went to stomp Swagger's head, as it lay across the steel ring steps, and instead went to crush Swagger with another pair of steps; Kane's music and entrance then played, with Kane appearing on the big screen and saying he was impressed with Cena's rage and hoped he will have embraced the hate by the time of the Royal Rumble"
dark_but_televised,aired,2012-01-23,Raw,WWE Monday Night RAW #974,1293,13876,6,,,CM Punk (c) defeats Dolph Ziggler,"WWE World Champion CM Punk fought John Laurinaitis (w/ David Otunga) to a no contest in a non-title match; during Laurinaitis's entrance, it was noted he was a champion in All Japan Pro Wrestling and wrestled the likes of Steve Williams and Stan Hansen; after coming to the ring, Laurinaitis had Otunga read the fax they received earlier in the show from the board of directors which called into question his actions as Raw interim GM and his status was under review; the fax also read he would have a formal job evaluation the next week to see whether he keeps the job or is terminated, and the evaluation would be from Triple H; Punk then said now nothing was stopping him from kicking the teeth out of his face before Triple H fires him, with Laurinaitis said it was a wakeup call and wanted to apologize to Punk and the fans; Laurinaitis then said he would allow Mick Foley to be in the Royal Rumble match, with Punk then saying he hoped Triple H inherited Vince McMahon's “You're fired;” Laurinaitis then said his match with Punk wasn't going to happen but Punk would face Otunga, with Otunga immediately attacking Punk; Punk fought off Otunga and locked him in the Anaconda Vice, with Otunga quickly tapping out; moments later, Punk cornered Laurinaitis, cleared Otunga from the ring, and dropped Laurinaitis with the Go To Sleep; Dolph Ziggler then ran out and dropped Punk with the Zig Zag to close the show"
dark_but_televised,not_aired,2012-05-18,SmackDown,WWE Friday Night SmackDown #665,1330,14152,3,,,"John Cena , Randy Orton & Sheamus defeat Dolph Ziggler , Kane & Lord Tensai",Jimmy & Jey Uso defeated Dolph Ziggler & Jack Swagger
dark_but_televised,not_aired,2012-05-28,Raw,WWE Monday Night RAW #992,1334,14191,7,,,"John Cena defeats John Laurinaitis , Tensai & The Big Show","The Big Show fought Brodus Clay (w/ Cameron & Naomi) to a no contest; upon his entrance, Show took the mic and said Clay was as much of a sell out as him, then comparing Clay to Doink the Clown before adding Doink, unlike Clay, actually had talent; after Show assaulted Clay at ringside, Show fought off WWE Tag Team Champions Kofi Kingston & R-Truth before kicking apart the commentary table; Show then used part of the table to twice hit Clay across the back and easily manhandled Kingston & Truth while knocking Clay out with a punch; moments later, Show and John Laurinaitis held up their hands at the entrance stage as the show ended; moments later, Clay was taken backstage on a stretcher"
dark_but_televised,aired,2012-10-08,Raw,WWE Monday Night RAW #1011,1376,14532,9,,,Sheamus defeats CM Punk by DQ,"Vince McMahon fought WWE World Champion CM Punk (w/ Paul Heyman) to a no contest in a non-title match at around the 9-minute mark; during McMahon's entrance, Punk jumped him from behind at ringside; during the match, Punk at one point put on a headset at the commentary table and yelled “What a maneuver!”; at the 6-minute mark, McMahon took a kendo stick, punched Heyman, and took possession of the title belt, keeping Punk from entering the ring to take it back; moments later, Punk grabbed his own kendo stick, leading to the two trading blows in the ring; during the closing moments of the match, Punk had McMahon up for the Go To Sleep before Ryback ran out, scaring Punk to the floor; moments later, John Cena appeared and tossed Punk back into the ring, where he narrowly escaped Ryback's Shell Shocked; Punk then escaped through the crowd, with McMahon then taking a mic and telling Punk he had a week to decide who he would face at Hell in a Cell — Cena or Ryback — and if he didn't decide then McMahon would decide for him"
dark_but_televised,aired,2013-05-03,SmackDown,WWE Friday Night SmackDown #715,1441,15879,8,,,Randy Orton & Sheamus defeat Mark Henry & The Big Show,"Mark Henry defeated Sheamus in an arm wrestling contest; Josh Matthews was the MC for the contest; after the match, Sheamus took the mic, congratulated Henry, and challenged him to a rematch using the opposite arm; as the two went to start, Sheamus sucker punched him, then hit the boot to the face before yelling, “That's what I do!”"
dark_but_televised,not_aired,2013-07-19,SmackDown,WWE Friday Night SmackDown #726,1466,16062,6,,,"Daniel Bryan , Randy Orton & Rob Van Dam defeat The Shield ( Dean Ambrose , Roman Reigns & Seth Rollins )","Jimmy & Jey Uso fought WWE Tag Team Champions Seth Rollins & Roman Reigns to a no contest in a non-title match when the two teams brawled before the match began, with WWE US Champion Dean Ambrose then appearing and aiding Rollins & Reigns; moments later, Mark Henry ran out and evened the odds, with the Shield escaping into the crowd"
different_opponent,keep,2001-01-01,Raw,WWF RAW #397,3058,33244,3,Crash Holly,,Raven (c) defeated Tazz to retain the WWF Hardcore Championship (2:27),"WWF Hardcore Champion Raven pinned Crash Holly backstage after spraying him with a fire extinguisher as Crash attempted to pin Tazz, then hitting him over the head with a 2×4; the bout was originally a title defense against Tazz but Crash, Molly, and Hardcore Holly and Steve Blackman interfered once the match went backstage"
different_opponent,split,2001-03-15,SmackDown,Thursday Night SmackDown,11,65,2,"Albert, Justin Credible, X-Pac",,"Tag Team Match: Billy Gunn & The Hardy Boyz ( Jeff Hardy & Matt Hardy ) (w / Lita ) vs. The X-Factor ( Albert , Justin Credible & X-Pac ) - Double DQ (5:05)","Matt & Jeff Hardy (w/ Lita) & Billy Gunn fought Albert, Justin Credible, & X-Pac to a double disqualification when all six participants began brawling"
different_opponent,keep,2001-03-22,SmackDown,Thursday Night SmackDown,12,70,1,William Regal,,WWF Hardcore Title Match: Raven (c) vs. Chris Jericho - No Contest (2:27),"WWF Hardcore Champion Raven pinned William Regal; the bout was originally Raven vs. Chris Jericho, Raven and Jericho ended up fighting in Regal's office, where Regal smashed a vase over Jericho's head and then Raven hit Regal with tray of crumpets and pinned him; after the commercial break, Regal announced in an interview that Raven would defend his title at WrestleMania against Kane and the Big Show"
different_opponent,keep,2001-03-26,Raw,WWF RAW is WAR #409,170,1026,2,Molly Holly,,William Regal defeats Crash (w/ Molly Holly ) by DQ (0:28),Molly Holly fought William Regal to a no contest
different_opponent,fix_lineup,2001-04-09,Raw,WWF RAW is WAR #411,173,1051,1,The Big Show,,Kane (c) defeats Kurt Angle (3:55),"WWF Hardcore Champion Kane pinned the Big Show at 3:54; Kane's original opponent was Kurt Angle; midway through the match, the Big Show came down in an attempt to regain the title, with the Undertaker coming down soon after; Taker and Kane hit the double chokeslam on Show for the win; Paul Heyman did sole commentary for the match as Jim Ross was backstage with Vince McMahon and Steve Austin"
different_opponent,keep,2001-08-13,Raw,WWF RAW is WAR #429,195,1217,5,Jeff Hardy,,Rob Van Dam (c) vs. Kurt Angle - No Contest (3:26),Jeff Hardy pinned WWF Hardcore Champion Rob Van Dam with the Swanton to win the title at the 3:24 mark following an Olympic Slam from Kurt Angle; RVD's original opponent was Angle but he had Tommy Dreamer in the ankle lock at the time of the decision
different_opponent,keep,2001-08-16,SmackDown,Thursday Night SmackDown,33,202,1,Booker T,,The Rock defeated Shawn Stasiak (0:20),WCW World Champion Booker T fought the Rock to a no contest in a non-title lights out match at around the 3:30 mark when Shane McMahon interfered and Booker executed the Book End through the commentary table; WWF and Alliance members were barred from ringside for the match
different_opponent,keep,2002-03-14,SmackDown,Thursday Night SmackDown,63,1601,3,Maven,,Al Snow (c) vs. The Big Show - No Contest (3:34),Maven pinned WWF Hardcore Champion Al Snow to win the title after interfering in Snow's title defense against the Big Show
different_opponent,split,2002-03-17,PPV,"WWF WrestleMania X8 - ""The One And Only""",236,1606,3,Spike Dudley,,Maven (c) vs. Goldust - No Contest (3:16),"Spike Dudley pinned WWF Hardcore Champion Maven to win the title at 3:17 by interferring in Maven's title defense with Goldust after Maven and Goldust knocked each other out with trash can lid shots to the head; immediately after the pin, Spike was chased into the crowd by Crash Holly, Goldust, and Maven; later in the show, the Hurricane pinned Spike backstage after Spike avoided attacks from Al Snow and Crash Holly; later segments in the show saw Hurricane hide in the Godfather's dressing room until he was chased out, Molly Holly pin the Hurricane to win the title after hitting him with a frying pan, Christian pin Molly for the title after slamming a door in her face, and Maven pin Christian with a roll up to win the title as Christian attempted to leave in a taxi"
different_opponent,split,2002-04-29,Raw,WWF RAW #466,244,1702,5,Steven Richards,,Bubba Ray Dudley (c) vs. Jazz - No Contest (4:09),Steven Richards pinned WWF Hardcore Champion Bubba Ray Dudley to win the title after hitting him with a guitar; Bubba's opponent was Jazz but Richards interfered at the 4-minute mark to make the cover
different_opponent,split,2002-07-15,Raw,WWE RAW #477,257,1793,5,Johnny Stamboli,,Bradshaw (c) vs. Christopher Nowinski - No Contest (2:01),Johnny Stamboli pinned WWE Hardcore Champion Bradshaw to win the title after hitting him in the head with a kendo stick backstage as Bradshaw was defending the title against Christopher Nowinski
different_opponent,split,2002-09-09,Raw,WWE RAW #485,267,1860,5,"Test, William Regal",,Booker T & Goldust vs. The Un-Americans ( Test & William Regal ) - Double DQ (5:50),"Test & William Regal defeated Booker T & Goldust via disqualification when Kane and Bradshaw prevented the pin after Regal hit Booker with brass knuckles; after the match, Booker, Goldust, Kane, and Bradshaw held off the Un-Americans"
different_opponent,keep,2002-11-25,Raw,WWE RAW #496,281,1954,3,Chris Nowinski,,Christopher Nowinski vs. Maven - No Contest,Maven fought Chris Nowinski to a no contest when the two brawled at ringside before the match began and Nowinski hit Maven with a book before walking off
different_opponent,keep,2002-12-12,SmackDown,Thursday Night SmackDown,102,617,1,Bull Buchanon,,B² (w/ John Cena ) defeated Rikishi (2:39),Bull Buchanon (w/ John Cena) pinned Rikishi after Rikishi sustained a low blow from his opponent and was hit with Cena's steel chain
different_opponent,keep,2002-12-26,SmackDown,WWE SmackDown #176,287,1999,3,Bull Buchanon,,Rikishi defeats B-2 (w/ John Cena ) (2:32),Rikishi pinned Bull Buchanon (w/ John Cena) with the superkick and Bonzai Drop after preventing Buchanon from using Cena's steel chain
different_opponent,keep,2003-01-09,SmackDown,Thursday Night SmackDown,106,2019,8,Bull Buchanon,,Eddie Guerrero (w/ Chavo Guerrero ) defeats B-2 (w/ John Cena ) (4:11),WWE Smackdown! Tag Team Champion Eddie Guerrero (w/ WWE Smackdown! Tag Team Champion Chavo Guerrero Jr.) pinned Bull Buchanon (w/ John Cena) at 4:10 with the frog splash
different_opponent,split,2003-03-13,SmackDown,Thursday Night SmackDown,115,2140,5,The Pittsburgh Penguin,,Brian Kendrick defeats Matt Hardy Version 1.0 (w/ Shannon Moore ) by Count Out (5:00),The Pittsburgh Penguin (Brian Kendrick) defeated WWE Cruiserweight Champion Matt Hardy (w/ Shannon Moore) via count-out when Moore pulled Hardy out of the ring and both men left ringside
different_opponent,keep,2003-04-21,Raw,WWE RAW #517,308,2210,2,Sean Evans,,Rodney Mack (w/ Theodore Long ) defeats White Boy Evans,Rodney Mack (w/ Teddy Long) pinned Sean Evans at 1:46 in a “5-Minute White Boy Challenge” following a running powerslam; Long did guest commentary for the bout
different_opponent,keep,2003-04-28,Raw,WWE RAW #518,310,2230,2,an unknown,,Rodney Mack (w/ Theodore Long ) defeats White Boy #2 (1:58),Rodney Mack pinned an unknown at 1:58 in a “5 Minute White Boy Challenge”; Teddy Long did guest commentary for the bout
different_opponent,keep,2003-05-19,Raw,WWE RAW #521,314,2275,5,Bill Golberg,,Goldberg defeats Lance Storm (1:06),"Bill Golberg pinned Lance Storm with the spear and Jackhammer; after the bout, Golberg forced Storm to admit that it was Chris Jericho who had masterminded the attempted hit-and-run on Goldberg the previous week"
different_opponent,split,2003-07-17,SmackDown,WWE SmackDown #205,324,2382,3,"Conquistadors #45, 47",,Billy Kidman & Rey Mysterio defeat Los Conquistadores ( Conquistador Dos & Conquistador Uno ) (2:46),WWE Cruiserweight Champion Rey Mysterio Jr. & Billy Kidman defeated Conquistadors #45 & 47 when Kidman scored the pin with the Shooting Star Press
different_opponent,split,2004-01-08,SmackDown,WWE SmackDown #230,358,3899,2,"Rikishi, Scotty 2 Hotty",,The Basham Brothers ( Danny Basham & Doug Basham ) (c) defeat Los Guerreros ( Chavo Guerrero & Eddie Guerrero ) (16:00),"Rikishi & Scotty 2 Hotty fought WWE Smackdown! Tag Team Champions Doug & Danny Basham (w/ Shaniqua) to a no contest when the champions attacked the challengers from behind before the bout, double teaming them and hitting them with the title belts; moments thereafter, Kurt Angle came out and announced that he and Paul Heyman came up with a substitute pair of challengers for the Bashams to defend against later in the night – Eddie & Chavo Guerrero Jr."
different_opponent,keep,2004-03-18,SmackDown,WWE SmackDown #240,381,4033,3,Shelton Benjamin,,Rey Mysterio defeats Billy Gunn and Charlie Haas and Shelton Benjamin and The Big Show (22:37),"Shelton Benjamin pinned Charlie Haas with a spin kick as Haas held the opposite leg; after the bout, the two hugged"
different_opponent,keep,2004-06-07,Raw,WWE RAW #576,406,4172,5,"the Hurricane, Rosey",,Kane & La Resistance ( Rob Conway & Sylvain Grenier ) defeat Chris Benoit & Edge (3:54),"WWE Raw Tag Team Champions Rob Conway & Sylvian Grenier defeated the Hurricane & Rosey in a non-title flag match at 3:39 when Grenier pinned Rosey after Conway tripped Rosey as he attempted a suplex into the ring; due to prematch stipulations, the Montreal flag was flown above the American flag as Grenier sang the Canadian National Anthem in French"
different_opponent,split,2004-06-27,PPV,WWE The Great American Bash 2004,413,4210,8,WWE Smackdown! the Dudley Boyz,,The Undertaker defeats The Dudley Boyz ( Bubba Ray Dudley & D-Von Dudley ) (w/ Paul Heyman ) (14:38),"The Undertaker defeated WWE Smackdown! Tag Team Champions the Dudley Boyz in a non-title handicap match at 14:38 by pinning D-Von with the tombstone; prior to the match, Paul Heyman – who was at the entrance way beside a cement truck and in possession of the urn – had cement poured onto Paul Bearer, trapped in a crypt, up to Bearer's ankles; Bubba Ray then repeatedly told Taker to lay down or it would cost Bearer his life; Taker then laid down but put Bubba in a choke, leading to the match; after the bout, Heyman attempted to suffocate Bearer in cement but he was stopped by a lightning bolt; Heyman then ran backstage, with Taker approaching the cement truck and kneeling before Bearer; Taker then grabbed a mic, told Bearer he had no other choice, and then filled the crypt with cement (Bearer's last appearance for 6 years)"
different_opponent,split,2004-07-08,SmackDown,WWE SmackDown #256,417,4227,2,WWE Smackdown! the Dudley Boyz,,Billy Kidman & Paul London defeat The Dudley Boyz ( Bubba Ray Dudley & D-Von Dudley ) (c) (8:06) - TITLE CHANGE !!!,Billy Kidman & Paul London defeated WWE Smackdown! Tag Team Champions the Dudley Boyz to win the titles at 8:07 when Kidman pinned Bubba Ray with the Shooting Star Press after London hit Bubba Ray with a superkick
different_opponent,keep,2004-09-20,Raw,WWE RAW #591,441,4346,4,Rob Conway,,Maven defeats Sylvain Grenier (w/ Robert Conway ) (2:00),Maven pinned WWE Raw Tag Team Champion Rob Conway
different_opponent,keep,2004-10-11,Raw,WWE RAW #594,448,4385,4,Rhyno,,Chris Jericho vs. Rhyno - No Contest (4:00),WWE IC Champion Chris Jericho & Rhyno defeated Christian & Tyson Tomko at 9:30 when Jericho pinned Tomko with the Lionsault; the bout originally was Jericho facing Rhyno in a non-title match but was turned into a tag match after Christian and Tomko interfered at arond the 4-minute mark
different_opponent,keep,2004-10-11,Raw,WWE RAW #594,448,4385,4,"Christian, Tyson Tomko",,Chris Jericho vs. Rhyno - No Contest (4:00),WWE IC Champion Chris Jericho & Rhyno defeated Christian & Tyson Tomko at 9:30 when Jericho pinned Tomko with the Lionsault; the bout originally was Jericho facing Rhyno in a non-title match but was turned into a tag match after Christian and Tomko interfered at arond the 4-minute mark
different_opponent,keep,2004-11-15,Raw,WWE RAW #599,460,4447,5,Christie Hemme,,Christy defeats Stacy Keibler (0:55),Christie Hemme pinned Stacy Keibler in a lingerie pillow fight at the 55-second mark
different_opponent,keep,2004-12-02,SmackDown,WWE SmackDown #277 (WWE Tough Enough #4.07),465,4472,4,Sebastien McCauley,,Kurt Angle defeats Sebastian (0:20),Kurt Angle defeated Sebastien McCauley via submission with the ankle lock at the 29-second mark
different_opponent,split,2004-12-12,PPV,WWE Armageddon 2004,467,4489,6,Santa Claus,,"The Big Show defeats Kurt Angle , Luther Reigns & Mark Jindrak (10:02)",Kurt Angle defeated Santa Claus via submission with the ankle lock at the 27-second mark in an unscheduled bout
different_opponent,keep,2005-01-06,SmackDown,WWE SmackDown #282,476,7581,4,WWE Smackdown! Rob Van Dam,,Doug Basham (w/ Danny Basham ) defeats Rob Van Dam (w/ Rey Mysterio ) (5:42),"Doug Basham (w/ Danny Basham) pinned WWE Smackdown! Tag Team Champion Rob Van Dam; it is believed that during the bout, RVD sustained a knee injury that would lead him to dropping the belts the next week"
different_opponent,keep,2005-02-10,SmackDown,WWE SmackDown #287,488,7646,5,Hiroku,,Torrie Wilson defeats Hiroko (1:43),"Torrie Wilson defeated Hiroku in a kimono match at 1:40 after a fireman's carry; after the bout, Hiroku ran backstage out of embarrasment; moments later, Torrie took off her own kimono for the fans prior to leaving the ring; as she made her way backstage, a seemingly-tranquilized JBL came out with an inflatable dinasaur"
different_opponent,keep,2005-02-17,SmackDown,WWE SmackDown #288,490,7655,1,WWE Smackdown! Danny Basham,,Rey Mysterio (w/ Eddie Guerrero ) defeats Doug Basham (w/ Danny Basham ) (3:52),Rey Mysterio Jr. pinned WWE Smackdown! Tag Team Champion Danny Basham
different_opponent,split,2005-02-17,SmackDown,WWE SmackDown #288,490,7657,3,Danny Jamondo,,Kurt Angle defeats Danny Gimondo (1:08),Kurt Angle Invitational : Kurt Angle defeated Danny Jamondo
different_opponent,keep,2005-02-28,Raw,WWE RAW #614,494,7681,4,an unknown,,Chris Masters defeats John Walters (1:16),"Chris Masters defeated an unknown via submission with the full nelson at 1:16; prior to the bout, exclusive footage was shown of the facial injury Masters gave Steven Richards the previous week"
different_opponent,keep,2005-03-31,SmackDown,WWE SmackDown #294,503,7722,5,an unknown,,Akebono defeats Eddie Vegas (0:58),"Akebono pinned an unknown at the 58-second mark after catching him coming off the top and throwing him into the corner, then covering him in the traditional sumo stance; the Big Show sat at the commentary table for the duration of the match and, afterwards, gave his WrestleMania opponent a standing ovation"
different_opponent,keep,2005-04-07,SmackDown,WWE SmackDown #295,506,7738,3,Jose Gonzalez,,Kurt Angle defeats Jose Macias,"Kurt Angle defeated Jose Gonzalez in the Kurt Angle 5-minute Invitational at the 36-second mark via submission with the ankle lock; prior to the contest, Angle cut a promo in the ring regarding his win over Shawn Michaels at WrestleMania, wanting John Cena's title, and facing Eddie Guerrero the following week; after the contest, Angle kicked his opponent and replied the ankle lock as a warning to Eddie Guerrero"
different_opponent,keep,2005-04-25,Raw,WWE RAW #622,511,7763,4,Batsita,,Batista defeats Christian (w/ Triple H ) (12:37),"World Heavyweight Champion Batsita pinned Christian (w/ Triple H) in a non-title match at 12:31 with the sit-down powerbomb and then slapping guest referee Jonathan Coachman's hand to the mat three times after Coachman had been knocked out; Ric Flair was the gust time keeper; after the bout, Batista assaulted Flair but eventually sustained the Pedigree from Triple H as the show came to a close"
different_opponent,keep,2005-06-02,SmackDown,WWE SmackDown #303,524,7832,4,Devon Nickelson,,Heidenreich defeats Devon Nicholson (0:38),John Heidenreich pinned Devon Nickelson
different_opponent,split,2005-06-12,PPV,ECW One Night Stand 2005,527,7847,3,Psychosis,,Rey Mysterio Jr. defeats Psicosis (6:23),"Rey Mysterio Jr. pinned Psychosis at 6:22 with the West Coast Pop; after the bout, Kurt Angle, John Bradshaw Layfield, WWE US Champion Orlando Jordan, Doug & Danny Basham, Matt Morgan, Carlito Caribbean Cool appeared and took their seats in the balcony, to which the crowd chanted “Fuck you, Smackdown”"
different_opponent,split,2005-08-18,SmackDown,WWE SmackDown #314,549,7957,2,two unknowns,,The Legion Of Doom ( Heidenreich & Road Warrior Animal ) defeat JP Parsonage & Ruffy Silverstein (1:27),WWE Smackdown! Tag Team Champions Road Warrior Animal & John Heidenreich defeated two unknowns
different_opponent,split,2005-08-25,SmackDown,WWE SmackDown #315,552,7975,3,Joey Mercury,,"Heidenreich (w/ Road Warrior Animal ) defeats Johnny Nitro (w/ Jillian Hall , Joey Mercury & Melina ) by DQ (2:48)","WWE Smackdown! Tag Team Champion John Heidenreich (w/ WWE Smackdown! Tag Team Champion Road Warrior Animal) defeated Joey Mercury (w/ Johnny Nitro, Melina, & Jillian Hall) via disqualification at 2:48 after Mercury hit Heidenreich in the knee with a steel chair"
different_opponent,split,2005-09-16,SmackDown,WWE Friday Night SmackDown #318,558,8013,4,Biohazard,,Ken Kennedy defeats Jacus Plisken (1:03),Ken Kennedy defeated Biohazard
different_opponent,keep,2005-09-23,SmackDown,WWE Friday Night SmackDown #319,561,8031,3,Sylvian Grenier,,Hardcore Holly defeats Sylvan by Count Out (4:28),Hardcore Holly (w/ Stacy Keibler & Christy Hemme) defeated Sylvian Grenier via count-out at 4:35 when Grenier walked out of the match after being punched in the face
different_opponent,keep,2005-10-21,SmackDown,WWE Friday Night SmackDown #323,570,8085,5,Sylvian Grenier,,Hardcore Holly defeats Sylvan (10:31),Hardcore Holly pinned Sylvian Grenier in a hardcore match at 10:31 following the Alabama Slam through a table set up in the ring
different_opponent,keep,2006-02-20,Raw,WWE Monday Night RAW #665,611,8323,6,Nick Burke,,Carlito defeats Nick Berk (2:00),Carlito Caribbean Cool pinned Nick Burke with the reverse neckbreaker at the 55-second mark; Carlito did his own commentary for the bout and afterwards said he had plans for WrestleMania that were “money in the bank”
different_opponent,keep,2006-02-24,SmackDown,WWE Friday Night SmackDown #341,612,8328,3,Psychosis,,Gregory Helms (c) defeats Psicosis (5:25),WWE Cruiserweight Champion Gregory Helms pinned Psychosis with his feet on the ropes at 5:26 after causing the challenger to crotch himself on the top rope
different_opponent,keep,2006-04-03,Raw,WWE Monday Night RAW #671,624,8399,2,an unknown,,Chris Masters defeats Eric Priest (0:47),"Chris Masters defeated an unknown via submission with the full nelson at the 51-second mark; after the bout, Carlito Caribbean Cool came out, spat a mouth full of apple in Masters' opponent's face and then raised Masters' hand in victory; moments later, Carlito hit the Back Cracker on Masters, stomped him, and spat apple in his face before leaving the ring"
different_opponent,split,2006-04-14,SmackDown,WWE Friday Night SmackDown #348,627,8416,2,Rasheed Brown,,Paul Burchill (w/ William Regal ) defeats Rasche Brown (0:59),"Paul Birchill (w/ William Regal dressed as a buxom wench) pinned Rasheed Brown at 1:00 with the backflip spinebuster after Birchill sent Brown into Regal on the ring apron, knocking him to the floor as he attempted to interfere with a pair of brass knuckles; prior to the bout it was announced that Regal would have to continue to wear the outfit until Birchill lost a match"
different_opponent,keep,2006-05-08,Raw,WWE Monday Night RAW #676,635,8464,3,Edge,,Edge (w/ Lita ) and Mick Foley defeat Tommy Dreamer (2:18),"Mick Foley defeated Edge (w/ Lita) and Tommy Dreamer in a hardcore match at 2:19 when both he and Edge covered Dreamer following a Mandible Claw from Foley and the spear from Edge; prior to the bout, Foley said Edge agreed to any match Foley wanted and Foley wanted a triple threat match; he then introduced Tommy Dreamer as the third participant; Foley and Edge spent the entirety of the match double teaming Dreamer with a baseball bat wrapped in barbed wire causing him to bleed profusely; after the contest, Foley and Edge shook hands before leaving the ring with Lita"
different_opponent,keep,2006-06-02,SmackDown,WWE Friday Night SmackDown #355,643,8513,3,Jillan Hall,,Jillian defeats Kristal,"Jillan Hall pinned Kristal by blocking a victory roll attempt at 2:36; Ashley did guest commentary for the bout; during the match it was announced that the 2006 Diva Search would take place on Smackdown! as well as Raw; after the contest, Michelle McCool came out and cut a promo, saying Ashley wasn't the only new diva on Smackdown! and that things were about to get a whole lot hotter (Ashley's Smackdown! debut)"
different_opponent,keep,2006-06-19,Raw,WWE Monday Night RAW #682,649,8553,6,Shelton Benjamin,,Johnny Nitro & Shelton Benjamin (w/ Melina ) defeat Carlito (2:50),"Johnny Nitro (w/ Melina) defeated WWE IC Champion Shelton Benjamin and Carlito Caribbean Cool in a non-title match by pinning Carlito with a roll over and grabbing the tights for leverage at 2:50; after the bout, Benjamin attempted to attack Carlito but ended up sustaining the Back Cracker"
different_opponent,keep,2006-07-07,SmackDown,WWE Friday Night SmackDown #360,655,8593,4,Psychosis,,Vito defeats Psicosis (6:00),"Vito defeated Psychosis via submission with an armbar at 5:52 after hitting a DDT when Super Crazy came ringside and distracted Psychosis; prior to the bout, footage was shown of Vito wearing women's clothing during the recent tour of Puerto Rico"
different_opponent,keep,2006-07-21,SmackDown,WWE Friday Night SmackDown #362,659,8617,4,Psychosis,,Super Crazy defeats Psicosis (4:49),"Super Crazy pinned Psychosis with a rolling crucifix at 4:40; WWE Cruiserweight Champion Gregory Helms did guest commentary for the bout, during which he said he would be defending the title at the Great American Bash but didn't know who he would face; prior to the match, it was announced a WrestleMania 23 Fan Rally would be held the following Tuesday at Ford Field; after the bout, Crazy motioned to Helms he wanted his belt"
different_opponent,keep,2006-08-11,SmackDown,WWE Friday Night SmackDown #365,666,8668,6,an unknown,,Sylvester Terkay (w/ Elijah Burke ) defeats Dustin Starr (1:30),"Sylvester Terkay (w/ Elijah Burke) defeated an unknown via TKO with a standing armbar at 1:30; after the bout, Terkay held his opponent up so Burke could land a kick"
different_opponent,split,2006-09-11,Raw,WWE Monday Night RAW #694,676,8732,1,"Robbie McAllister, Rory McAllister",,Eugene & Jim Duggan defeat Charlie Haas & Viscera,"Robbie & Rory McAllister defeated Lance Cade & Trevor Murdoch and Viscera & Charlie Haas at 3:15 when Robbie pinned Haas with a sunset flip into the ring as Haas dropped Cade with a German suplex; due to pre-match stipulations, the Highlanders earned a WWE Raw Tag Team Title shot at Unforgiven; WWE Raw Tag Team Champions the Spirit Squad stood on the rampway for the duration of the match"
different_opponent,keep,2006-09-11,Raw,WWE Monday Night RAW #694,676,8737,6,"Edge, Randy Orton, Lita",,Trish Stratus defeats Mickie James (3:14),"WWE World Champion Edge, WWE Women's Champion Lita, & Randy Orton defeated John Cena, Trish Stratus, & Carlito Caribbean Cool at 14:54 when Lita pinned Trish, as Edge held Carlito back from breaking the cover, after Orton dropped Trish with the RKO"
different_opponent,keep,2006-12-18,Raw,WWE Monday Night RAW #708,711,8981,5,Kenny Dykstra,,Kenny Dykstra defeats Ric Flair (5:10),"Kenny Dykstra pinned Ric Flair at 5:10 with a sunset flip as Flair went after Dykstra's knee; after the bout, Flair extended his hand to Dykstra, who refused to shake it and left ringside (the first time Kenny is referred to with a last name)"
different_opponent,split,2007-01-19,SmackDown,WWE Friday Night SmackDown #387,719,9035,5,two unknowns,,Deuce & Domino (w/ Cherry ) defeat Adam Roberts & Patrick Bentley (1:28),"Deuce & Domino (w/ Cherry) defeated two unknowns at 1:32 when Domino scored the pin following a boot to the face from Deuce (Deuce, Domino, & Cherry's surprise TV debut)"
different_opponent,split,2007-03-30,SmackDown,WWE Friday Night SmackDown #397,741,9172,4,Ethiopian Champion Vito Batomango,,Montel Vontavious Porter defeats Viko Batomango (1:31),"MVP pinned Ethiopian Champion Vito Batomango with the Playmaker at 1:30; prior to the bout, MVP put over Batomango's accomplishments and afterwards cut a promo on facing WWE US Champion Chris Benoit at WrestleMania"
different_opponent,keep,2007-07-13,SmackDown,WWE Friday Night SmackDown #412,775,9400,5,Luke Hawks,,Chuck Palumbo defeats Luke Hawx (1:41),Chuck Palumbo pinned Luke Hawks with the Full Throttle at 1:41
different_opponent,keep,2007-09-14,SmackDown,WWE Friday Night SmackDown #421,794,9530,6,& WWE Smackdown! MVP,,Domino (w/ Cherry & Deuce ) defeats Montel Vontavious Porter (w/ Matt Hardy ) (6:00),"Domino (w/ Deuce & Cherry) pinned WWE US Champion & WWE Smackdown! Tag Team Champion MVP (w/ WWE Smackdown! Tag Team Champion Matt Hardy) in a non-title match with an inside cradle at 5:53 after MVP argued with Hardy on the apron after Hardy knocked an interfering Deuce off the apron; MVP wrestled the bout in dress pants, dress shoes, and a white undershirt as he didn't have his gear with him, not thinking he would be wrestling on the show; Hardy led the crowd several times during the match with chants of “MVP;” after the bout, Hardy cut an in-ring promo saying MVP was the captain of the team and again led the crowd in chanting “MVP” with the crowd finishing with “sucks”"
different_opponent,split,2007-09-16,PPV,WWE Unforgiven 2007,796,9540,3,"Duece, Domimo",,Matt Hardy & Montel Vontavious Porter (c) defeat Deuce & Domino (w/ Cherry ) (9:20),"WWE Smackdown! Tag Team Champions – WWE US Champion MVP & Matt Hardy defeated Duece & Domimo (w/ Cherry) at 9:19 when Hardy pinned Deuce with the Twist of Fate; after the bout, Hardy celebrated with both tag team title belts and the US belt before eventually dropping the US belt at MVP's feet"
different_opponent,keep,2007-09-28,SmackDown,WWE Friday Night SmackDown #423,800,9566,4,& WWE Smackdown! MVP,,Kane defeats Montel Vontavious Porter by DQ (15:45),Kane defeated WWE US Champion & WWE Smackdown! Tag Team Champion MVP via disqualification in a non-title match at 15:50 when MVP landed a low blow as Kane attempted the chokeslam
different_opponent,keep,2007-10-12,SmackDown,WWE Friday Night SmackDown #425,805,9603,6,Jamie Wang Yang,,Jimmy Wang Yang defeats Deuce (w/ Cherry & Domino ) (2:20),"Jamie Wang Yang pinned Deuce (w/ Domino & Cherry) at 1:28 with a moonsault; after the bout, Domino held Yang as Cherry repeatedly slapped him, with Deuce then kicking Yang in the face"
different_opponent,keep,2007-10-19,SmackDown,WWE Friday Night SmackDown #426,807,9622,7,& WWE Smackdown! MVP,,Montel Vontavious Porter defeats Rey Mysterio by DQ (9:25),"WWE US Champion & WWE Smackdown! Tag Team Champion MVP defeated Rey Mysterio Jr. via disqualification in a non-title match at 9:19 when Finlay interfered as MVP attempted the Playmaker and attacked MVP for costing him the match earlier in the night; after the bout, Mysterio cleared Finlay from the ring"
different_opponent,split,2007-10-28,PPV,WWE Cyber Sunday 2007,810,9641,5,& WWE Smackdown! MVP,,Kane defeats Montel Vontavious Porter (c) by Count Out (6:39),"Kane defeated WWE US Champion & WWE Smackdown! Tag Team Champion MVP via count-out in an unadvertised match at 6:40 when MVP failed to get back into the ring after Kane injured the champion's ribs against the ringpost; prior to the bout, Vickie Guerrero joined Grisham on stage as it was announced Kane would be the challenger (with 67% of the vote), over the Great Khali's 24% and Mark Henry's 9%"
different_opponent,keep,2007-11-02,SmackDown,WWE Friday Night SmackDown #428,812,9654,4,& WWE Smackdown! MVP,,Kane defeats Montel Vontavious Porter (13:30),"Kane pinned WWE US Champion & WWE Smackdown! Tag Team Champion MVP in a non-title match with the chokeslam at 13:33, moments after Big Daddy V & Matt Striker appeared ringside; after the bout, V attacked Kane and dropped him with a Samoan Drop"
different_opponent,keep,2007-12-14,SmackDown,WWE Friday Night SmackDown #434,826,9746,6,WWE Smackdown! Mike Mizanin,,Festus (w/ Jesse ) defeats The Miz (w/ John Morrison ) (2:50),Festus (w/ Jesse) pinned WWE Smackdown! Tag Team Champion Mike Mizanin (w/ WWE Smackdown! Tag Team Champion John Morrison) at 2:41 with a modified Samoan Drop after using Mizanin's body to knock Morrison off the ring apron
different_opponent,split,2008-02-04,Raw,WWE Monday Night RAW #767,842,9852,3,Carlito Caribbean Cool,,Paul Burchill (w/ Katie Lea ) defeats Brian Kendrick (2:55),Carlito Caribbean Cool & Santino Marella (w/ Maria) defeated Brian Kendrick & Paul London at 1:18 when Carlito pinned Kendrick with the Backstabber; neither London or Marella were legally involved in the bout
different_opponent,keep,2008-03-14,SmackDown,WWE Friday Night SmackDown #447,853,9919,2,WWE Smackdown! Mike Mizanin,,John Morrison defeats The Miz (4:36),"Money in the Bank Qualifying Match : WWE Smackdown! Tag Team Champion John Morrison pinned WWE Smackdown! Tag Team Champion Mike Mizanin with the corkscrew neckbreaker at 4:36; prior to the bout, the other participants were mentioned for the Money in the Bank match with Jeff Hardy's name excluded due to his suspension, though the suspension was not mentioned; it was also announced before the match that Morrison & Mizanin would defend the titles the following week against Jesse & Festus"
different_opponent,keep,2008-04-25,SmackDown,WWE Friday Night SmackDown #453,866,10011,3,WWE Smackdown! Mike Mizanin,,Shannon Moore (w/ Jimmy Wang Yang ) defeats The Miz (w/ John Morrison ) (4:35),Shannon Moore (w/ Jimmy Wang Yang) pinned WWE Smackdown! Tag Team Champion Mike Mizanin (w/ WWE Smackdown! Tag Team Champion John Morrison) at 4:35 with a backslide after avoiding the Reality Check; Morrison provided guest commentary for the match
different_opponent,keep,2008-06-20,SmackDown,WWE Friday Night SmackDown #461,882,10134,7,WWE Smackdown! Mike Mizanin,,Finlay (w/ Hornswoggle ) defeats The Miz (w/ John Morrison ) (4:50),Finlay (w/ Hornswoggle) pinned WWE Smackdown! Tag Team Champion Mike Mizanin (w/ WWE Smackdown! Tag Team John Morrison) with the Celtic Cross at 4:39 after Mizanin & Morrison became distracted by Hornswoggle on the floor; Morrison provided guest commentary for the match until late in the match
different_opponent,keep,2008-10-10,SmackDown,WWE Friday Night SmackDown #477,921,10422,5,three unknowns,,"The Great Khali (w/ Ranjin Singh ) defeats Aaron Bolo , Nelson Creed & Scotty Mac (0:09)","The Great Khali (w/ Runjin Singh) defeated three unknowns in a handicap match at the 16-second mark by stepping on one of his opponent's chest following the chop to the head; prior to the bout, Singh showed footage from jackassworld.com of Johnny Knoxville upsetting Khali during an interview and then from Raw of Khali hosting the Kiss Cam to prove that he was as entertaining as Knoxville; Singh then said Khali would prove after the match that he was the better entertainer; after the match, Khali picked an overweight woman from the crowd to be part of the kiss cam"
different_opponent,keep,2008-10-17,SmackDown,WWE Friday Night SmackDown #478,923,10434,6,Ezikial Jackson,,Ezekiel Jackson (w/ The Brian Kendrick ) defeats Super Crazy (0:44),"Ezikial Jackson (w/ The Brian Kendrick) (sub. for The Brian Kendrick) pinned Super Crazy with a uranagi at the 42-second mark; prior to the bout, Kendrick cut an in-ring promo stating the WWE doctors ruled he was too sick to compete and that Crazy would face Jackson in Kendrick's place; during Crazy's entrance, Hurricane Helms cut an insert promo; after the contest, Kendrick dropped Crazy with The Kendrick"
different_opponent,split,2008-11-14,SmackDown,WWE Friday Night SmackDown #482,932,10507,3,the Undertaker,,Jeff Hardy defeats Triple H (15:36),"Jeff Hardy pinned the Undertaker in an extreme rules match at 15:54 after hitting Taker with a steel chair and following with a legdrop off the top over a ladder set up in the ring; late in the bout, the Big Show came out and hit the chokeslam on Taker but was knocked to the floor moments later after Taker hit Show over the back with a chair as Hardy held onto Show; after the contest, Hardy confronted Vickie Guerrero, with Chavo Guerrero Jr., backstage with Vickie saying Hardy wasn't in the Survivor Series main event yet but he would be if he beat WWE World Champion Triple H in a non-title match the following week, during which Vladimir Kozlov interrupted and said Triple H's days as champion were coming to an end"
different_opponent,split,2008-11-14,SmackDown,WWE Friday Night SmackDown #482,932,10509,5,Sho Funaki,,James Mason defeats Montel Vontavious Porter (1:14),"Sho Funaki pinned MVP at 1:22 with a crane kick after MVP became distracted by the Great Khali and Runjin Singh at ringside; prior to the bout, it was announced Shawn Michaels, Cryme Tyme, Khali, & Rey Mysterio Jr. would face John Bradshaw Layfield, MVP, Kane, John Morrison & Mike Mizanin in an elimination match at Survivor Series; after the contest, Khali knocked MVP out with a chop to the head; moments later, Singh picked a woman from the crowd, named Tallulah, to kiss Khali as Khali dropped MVP with a second chop to the head; as the crowd cheered Khali on to kiss the woman, MVP staggered to his feet and was dropped with Khali's tree slam; Khali then proposed that Tallulah kiss MVP instead, with MVP and Tallulah rolling around on the mat until MVP escaped the ring"
different_opponent,split,2008-11-28,SmackDown,WWE Friday Night SmackDown #484,936,10537,2,"Maryse, Victoria, Natalya Neidhart",,Maria defeats Michelle McCool (3:20),"Maryse, Victoria, & Natalya Neidhart defeated WWE Divas Champion Michelle McCool, Brie & Nikki Bella at 4:13 when Maryse pinned Michelle after one of the Bellas accidentally hit a clothesline on Michelle when Maryse moved out of the way; prior to the bout, footage was shown of Victoria & Natalya Neidhart pulling both Bellas out from under the ring three weeks earlier, revealing that there were two twins; during the match, it was announced the Bellas were recently on Yahoo!'s most searched list; moments later, Michelle argued with both the Bellas until Maria came out to calm her down; Michelle then shoved Maria to the mat and left the ring"
different_opponent,split,2008-11-28,SmackDown,WWE Friday Night SmackDown #484,936,10539,4,The Brian Kendrick,,John Morrison & The Miz defeat Curt Hawkins & Zack Ryder and Jeff Hardy & Triple H (9:00),Beat the Clock Challenge : Jeff Hardy pinned The Brian Kendrick (w/ Ezikial Jackson) at 12:13 with an overhead wheelbarrow slam and the Swanton after knocking Jackson off the apron
different_opponent,split,2008-11-28,SmackDown,WWE Friday Night SmackDown #484,936,10540,5,Vladimir Kozlov,,Matt Hardy defeats Chavo Guerrero by DQ (3:00),"Beat the Clock Challenge : Vladimir Kozlov fought ECW World Champion Matt Hardy to a time-limit draw at 12:14 in a non-title match; prior to the bout, Gregory Helms cut an insert promo saying he would return to Smackdown! the following week; after the match, Jeff Hardy was shown watching backstage before coming face to face with Triple H"
different_opponent,split,2008-12-15,Raw,WWE Monday Night RAW #812,941,10578,7,Jim Duggan,,John Cena (c) defeats Chris Jericho,"Chris Jericho fought Jim Duggan to a no contest when Jericho came out dressed in a suit and said he refused to wrestle, saying it was a slap in the face he would have to compete against Duggan after carrying Raw on his shoulders single-handedly for the past year; Jericho then said he refused to wrestle until he had a title match or an opponent worthy of his caliber and then walked off"
different_opponent,keep,2008-12-19,SmackDown,WWE Friday Night SmackDown #487,942,10583,5,Ezikial Jackson,,Ezekiel Jackson (w/ The Brian Kendrick ) defeats Carlito (w/ Primo ) (3:29),Ezikial Jackson (w/ The Brian Kendrick) pinned WWE Smackdown! Tag Team Champion Carlito (w/ WWE Smackdown! Tag Team Champion Primo Colon) at 3:31 with a uranage after clubbing Carlito in the back as he attempted a springboard back elbow
different_opponent,split,2009-01-02,SmackDown,WWE Friday Night SmackDown #489,946,10619,5,"Jesse, Festus",,Carlito & Primo (c) defeat Ezekiel Jackson & The Brian Kendrick (6:07),The Brian Kendrick & Ezikial Jackson defeated Jesse & Festus at 4:43 when Jackson pinned Jesse with a uranagi after making the blind tag
different_opponent,split,2009-01-16,SmackDown,WWE Friday Night SmackDown #491,949,11408,3,Victoria,,Michelle McCool & Natalya defeat The Bella Twins ( Brie Bella & Nikki Bella ) by DQ (0:45),Michelle McCool defeated Victoria (Victoria's last match)
different_opponent,split,2009-01-16,SmackDown,WWE Friday Night SmackDown #491,949,11409,4,"Jack Swagger, Mark Henry",,Edge defeats Matt Hardy (6:24),Matt Hardy & Finlay defeated ECW World Champion Jack Swagger & Mark Henry
different_opponent,split,2009-01-16,SmackDown,WWE Friday Night SmackDown #491,949,11411,6,MVP,,The Big Show & Vladimir Kozlov defeat Triple H (13:46),MVP defeated the Big Show in a last man standing match after Triple H interfered
different_opponent,fix_lineup,2009-01-30,SmackDown,WWE Friday Night SmackDown #493,953,11439,2,R-Truth,,Vladimir Kozlov defeats Carlito and Chavo Guerrero and Curt Hawkins and Jesse and Kizarny and Kung Fu Naki and Montel Vontavious Porter and Primo and R-Truth and Scotty Goldman and Shelton Benjamin and The Brian Kendrick and The Great Khali and Zack Ryder (9:27),"R Truth pinned The Brian Kendrick with the scissors kick at 2:14; prior to the bout, Ezikial Jackson escorted Kendrick ringside but was ejected by the referee before the contest began"
different_opponent,split,2009-01-30,SmackDown,WWE Friday Night SmackDown #493,953,11443,6,Jimmy Wang Yang,,Umaga defeats Kung Fu Naki (1:22),Umaga pinned Jimmy Wang Yang with the thumb strike to the throat at 1:44 (Umaga's TV return after a 6-month absence) (Umaga's debut with new theme music)
different_opponent,split,2009-01-30,SmackDown,WWE Friday Night SmackDown #493,953,11444,7,Mark Henry,,The Undertaker & Triple H defeat Edge & The Big Show (15:35),Elimination Chamber Qualifying Match : The Undertaker defeated Mark Henry (w/ Tony Atlas) via submission with the Hell's Gate at 5:25 following a chokeslam
different_opponent,fix_lineup,2009-01-30,SmackDown,WWE Friday Night SmackDown #493,953,11440,3,Chavo Guerrero,,Montel Vontavious Porter defeats Shelton Benjamin (6:35),"MVP pinned Chavo Guerrero Jr. at 5:12 with the Drive By after avoiding Guerrero's frog splash; prior to the bout, it was announced that tickets for WrestleMania Axxess would go on sale the following morning; after the match, Tazz conducted an in-ring interview with MVP regarding his 20-week losing streak and recent wins, during which MVP set his sights on the WWE US Title"
different_opponent,keep,2009-02-13,SmackDown,WWE Friday Night SmackDown #495,956,11463,4,Ezikial Jackson,,R-Truth defeats Ezekiel Jackson (w/ The Brian Kendrick ) (2:57),R Truth pinned Ezikial Jackson (w/ The Brian Kendrick) at 2:57 by reversing the uranagi into a victory roll
different_opponent,split,2009-02-20,SmackDown,WWE Friday Night SmackDown #496,959,11484,3,"MVP, R Truth",,Chavo Guerrero defeats Shelton Benjamin (2:50),MVP & R Truth defeated WWE US Champion Shelton Benjamin & Chavo Guerrero Jr.
different_opponent,split,2009-02-20,SmackDown,WWE Friday Night SmackDown #496,959,11484,3,Chavo Guerrero,,Chavo Guerrero defeats Shelton Benjamin (2:50),MVP & R Truth defeated WWE US Champion Shelton Benjamin & Chavo Guerrero Jr.
different_opponent,split,2009-03-06,SmackDown,WWE Friday Night SmackDown #498,962,11504,4,Eve,,Maria & Melina defeat Maryse & Michelle McCool (2:45),"WWE Divas Champion Maryse pinned Eve in a non-title match at 3:26 with the DDT after avoiding a crossbody off the top; Michelle McCool provided guest commentary for the match; after the contest, WWE Women's Champion Melina ran out and jumped Maryse until Michelle climbed in the ring and threw Melina into the ringpost"
different_opponent,fix_lineup,2009-03-06,SmackDown,WWE Friday Night SmackDown #498,962,11503,3,Matt Hardy,,Chavo Guerrero & Shelton Benjamin defeat Montel Vontavious Porter & R-Truth (6:03),"Money in the Bank Qualifying Match : MVP pinned Matt Hardy at 7:59 by reversing an attempt at the Twist of Fate into a roll up; prior to the match, Matt cut an in-ring promo on Jeff Hardy not wanting to wrestle him and said once they both win their Money in the Bank qualifying matches then he would finally get his hands on Jeff at WrestleMania"
different_opponent,split,2009-03-20,SmackDown,WWE Friday Night SmackDown #500,965,11531,7,The Brian Kendrick,,Edge (c) defeats Jeff Hardy,"Jeff Hardy pinned The Brian Kendrick (w/ Ezikiel Jackson) in an extreme rules match with the Swanton at 3:33 after hitting a Twist of Fate onto a steel chair; mid-way through the bout, Hardy repeatedly hit Jackson with a steel chair"
different_opponent,keep,2009-05-18,Raw,WWE Monday Night RAW #834,984,11659,6,Santina Marella,,Vickie Guerrero (w/ Chavo Guerrero ) defeats Santina Marella (1:30),"Vickie Guerrero pinned Santina Marella in a No DQ match to become Miss WrestleMania at 1:33 when, after Marella fought off Chavo Guerrero Jr., William Regal attacked Marella and hit the running knee to the head; after the bout, Chavo crowned Vickie Miss WrestleMania to the tune of Kid Rock's “So Hott;” the No DQ stipulation wasn't added until just before the match began"
different_opponent,keep,2009-05-29,SmackDown,WWE Friday Night SmackDown #510,987,11676,5,Eve,,Eve Torres defeats Layla (3:10),"Eve pinned Layla at 3:10 when the momentum of a crossbody by Layla put Eve on top for the win; after the bout, Eve knocked Layla to the floor"
different_opponent,split,2009-06-29,Raw,WWE Monday Night RAW #840,998,11753,2,"Kelly Kelly, Beth Phoenix, Rosa Mendes",,Gail Kim & Mickie James defeat Alicia Fox & Maryse (3:24),"Mickie James defeated Kelly Kelly, Beth Phoenix, and Rosa Mendes at 6:07 by pinning Mendes with the DDT; stipulations stated the winner would challenge WWE Divas Champion Maryse at Night of Champions; Maryse provided guest commentary for the match; after the contest, Mickie confronted Maryse at the commentary table"
different_opponent,split,2009-06-29,Raw,WWE Monday Night RAW #840,998,11755,4,Jack Swagger,,Randy Orton defeats Ted DiBiase (10:47),"Gauntlet Match : WWE World Champion Randy Orton defeated Jack Swagger (mystery opponent) via count-out in a non-title match at 1:14 when Swagger stood on the ring apron and allowed himself to be counted-out; after the bout, Swagger took the mic, said he always liked and respected Orton, and then shook his hand before leaving the ring"
different_opponent,split,2009-06-29,Raw,WWE Monday Night RAW #840,998,11756,5,the Big Show,,Evan Bourne defeats Kofi Kingston (3:06),WWE US Champion Kofi Kingston fought the Big Show to a double count-out in a non-title match at 3:40 after Kingston sent Show head-first into the ringpost as both men were on the outside
different_opponent,split,2009-06-29,Raw,WWE Monday Night RAW #840,998,11757,6,MVP,,John Cena vs. Triple H - No Contest (18:33),"Night of Champions #1 Contender Tournament Semi Finals : Triple H pinned MVP by reversing the Playmaker into the Pedigree at 4:37; prior to the bout, footage was shown of MVP appearing with Sherri Shepherd the previous night at the BET Awards in Los Angeles"
different_opponent,split,2009-06-29,Raw,WWE Monday Night RAW #840,998,11754,3,Randy Orton,,Mark Henry defeats Cody Rhodes by Count Out (1:37),"Gauntlet Match : Mark Henry (mystery opponent) pinned WWE World Champion Randy Orton in a non-title match at 3:33 with the powerslam; prior to the bout, Henry took the mic and said he also liked and respected Orton and would also leave a good impression on his return to Raw; after the contest, Batista appeared at the entrance stage to celebrate the win"
different_opponent,keep,2009-07-24,SmackDown,WWE Friday Night SmackDown #518,1004,11797,5,Eve,,Eve Torres (w/ JTG & Shad Gaspard ) defeats Natalya (w/ David Hart Smith & Tyson Kidd ) (2:57),Eve (w/ Cryme Tyme) pinned Natalya Neidhart (w/ Tyson Kidd & David Hart Smith) with a moonsault at 2:59 after knocking Natalya off the top
different_opponent,split,2009-08-10,Raw,WWE Monday Night RAW #846,1010,11845,3,The Calgary Kid,,Calgary Kid ( The Miz ) defeats Eugene (1:21),"The Calgary Kid defeated Eugene in a contract on a pole match at 1:20; stipulations stated the winner would earn a contract on Raw; after the bout, the masked Kid helped Eugene to his feet only to drop him with the Skull Crushing Finale, then unmasked himself as Mike Mizanin; moments later, Mizanin announced himself as the winner and said he was awesome (Eugene's surprise return after a 2-year absence; his last appearance)"
different_opponent,fix_lineup,2009-08-31,Raw,WWE Monday Night RAW #849,1017,11896,7,Cody Rhodes,,"D-Generation X ( Shawn Michaels & Triple H ) & John Cena defeat Legacy ( Cody Rhodes , Randy Orton & Ted DiBiase ) (9:00)","Cody Rhodes (w/ Dusty Rhodes) fought WWE World Champion Randy Orton to a no contest when, prior to the bout, Dusty took the mic and told guest referee John Cena that he was sorry, with Orton and Cody then double teaming Cena; following Orton's entrance, the challenger was shown backstage getting a pep talk from his father; moments later, Ted Dibiase Jr. ran in the ring and dropped Cena with Dream Street, with all three men then assaulting Cena; Triple H & Shawn Michaels then ran in to make the save, with Dusty taking off his cowboy boot and hitting Triple H in the head and Cody dropping Michaels with Crossroads; moments later, Orton, Cody, Dusty, and Dibiase raised their arms in victory before Orton dropped Dusty with a RKO; the show then ended with Cody and Orton staring at each other"
different_opponent,keep,2009-10-09,SmackDown,WWE Friday Night SmackDown #529,1030,11974,2,Eve,,Michelle McCool defeats Eve Torres (3:18),WWE Women's Champion Michelle McCool pinned Eve in a non-title match at 3:19 with a boot to the face
different_opponent,keep,2009-11-02,Raw,WWE Monday Night RAW #858,1038,12021,1,Mike Mizanini,,The Miz (c) defeats Evan Bourne (4:14),WWE US Champion Mike Mizanini pinned Evan Bourne at 4:14 with the Skull Crushing Finale after a hiptoss into the corner
different_opponent,keep,2009-11-09,Raw,WWE Monday Night RAW #859,1040,12035,2,an unknown,,Sheamus defeats David Deville (2:00),"Sheamus pinned an unknown with a crucifix powerbomb at 2:01; prior to the bout, it was noted that Jamie Noble was contemplating retirement after the injuries he sustained from Sheamus the previous week; it was also announced Sheamus, Jack Swagger, WWE US Champion Mike Mizanin, Dolph Ziggler, & Drew McIntyre would face WWE IC Champion John Morrison, Matt Hardy, Finlay, Evan Bourne, & Shelton Benjamin in an elimination match at Survivor Series; prior to the match, Sheamus cut an in-ring promo claiming he retired Noble"
different_opponent,keep,2010-01-11,Raw,WWE Monday Night RAW #868,1060,12175,5,Eve,,Eve Torres defeats Katie Lea (1:53),"WWE Divas Championship Tournament Quarter-Finals : Eve pinned Katie Lea with a reversal into a roll up at 1:54; Maryse provided guest commentary for the match; after the contest, Eve and Maryse had a confrontation at ringside"
different_opponent,keep,2010-01-25,Raw,WWE Monday Night RAW #870,1064,12197,3,Eve,,Maryse defeats Eve Torres (2:05),"WWE Divas Championship Tournament Semi-Finals : Maryse pinned Eve with the French Kiss at 2:07; prior to the bout, Maryse cut an in-ring promo until guest host Dule Hill began playing with the entrance pyro; Hill then apologized to Maryse but she said she didn't accept it and called him a loser"
different_opponent,split,2010-01-29,SmackDown,WWE Friday Night SmackDown #545,1065,12205,5,“Mickie James”,,Michelle McCool (c) defeats Piggy James ( Layla ) (0:53),"WWE Women's Champion Michelle McCool pinned “Mickie James” (Layla dressed as Piggy James) in an impromptu match at the 54-second mark with a roll up after the challenger hit the corner; prior to the match, McCool showed footage of her smashing a pig cake into Mickie's face the previous week, said Mickie was gone from Smackdown!, and then issued an open challenge to any woman in the back to face her then and there for the title; moments later, Layla came out as “Piggy James” and said she couldn't stop crying the previous week because she didn't get enough cake to eat, then accepted the title shot"
different_opponent,keep,2010-03-01,Raw,WWE Monday Night RAW #875,1076,12274,5,Eve,,Eve Torres defeats Alicia Fox and Gail Kim and Jillian and Kelly Kelly and Maryse (2:00),"Eve defeated Kelly Kelly, Gail Kim, WWE Divas Champion Maryse, Jillian Hall, and Alicia Fox by pinning Fox with a somersault splash in a pajama pillow fight match at 1:56; prior to the bout, Cheech & Chong appeared to the tune of War's “Low Rider” to introduce the divas, but ended up not introducing one by name; Cheech & Chong remainded ringside for the duration of the match, sitting in swivel chairs; after the bout, Hornswoggle appeared and gave Cheech & Chong more Lucky Charms; the participants appeared three at a time, implying it was a 3-on-3 bout"
different_opponent,keep,2010-04-12,Raw,WWE Monday Night RAW #881,1089,12352,2,Eve,,Eve Torres defeats Maryse (c) (2:19) - TITLE CHANGE !!!,"Eve pinned WWE Divas Champion Maryse to win the title at 2:00 with a roll over after blocking the French Kiss; prior to the bout, Eve briefly danced in the ring with guest host David Hasselhoff"
different_opponent,split,2010-05-23,PPV,WWE Over The Limit 2010,1102,12458,8,Eve,,Eve Torres (c) defeats Maryse (5:02),WWE Divas Champion Eve pinned Maryse at 5:04 with a reversal into a modified Pedigree
different_opponent,split,2010-07-18,PPV,WWE Money In The Bank 2010,1119,12567,3,Eve,,Alicia Fox (c) defeats Eve Torres (5:52),WWE Divas Champion Alicia Fox pinned Eve at 5:54 with the scissors kick after lifting her knees to block a somersault splash off the middle rope by the challenger
different_opponent,keep,2010-07-19,Raw,WWE Monday Night RAW #895,1120,12576,3,Eve,,Eve Torres defeats Maryse (w/ Ted DiBiase ) (1:13),"Eve pinned Maryse (w/ Ted Dibiase Jr.) at 1:17 with a kick to the head; Dibiase provided guest commentary for the match; after the bout, Dibiase protested the finish since Maryse's foot was on the bottom rope during the cover; moments later, John Morrison attacked Dibiase and hit Starship Pain"
different_opponent,split,2010-07-23,SmackDown,WWE Friday Night SmackDown #570,1121,12584,4,the Masked Man,,"The Big Show defeats Joey Mercury (w/ CM Punk , Luke Gallows & Serena ) (1:30)","The Big Show pinned the Masked Man (sub. for Luke Gallows) (w/ CM Punk, Gallows, & Serena) at 1:33 with the punch to the face; late in the bout, Show unmasked his opponent, revealing him as Joey Mercury, and put the mask on his own face"
different_opponent,split,2010-07-26,Raw,WWE Monday Night RAW #896,1122,12594,2,Brie Bella,,"Alicia Fox , Jillian & Tamina defeat Eve Torres , Gail Kim & Natalya (2:50)","WWE Divas Champion Alicia Fox pinned Brie Bella (w/ Nikki Bella) in a non-title match at 1:04 with the scissors kick after Jillian Hall came ringside and prevented the Bellas from switching places behind the referee's back; after the match, Jillian took the mic and sang Queen's “We Are the Champions” until Alicia attacked her and dropped her with the scissors kick"
different_opponent,fix_lineup,2010-07-26,Raw,WWE Monday Night RAW #896,1122,12596,4,"Sheamus, The Miz",,John Cena defeats Chris Jericho (14:15),"WWE World Champion Sheamus & WWE US Champion Mike Mizanin defeated John Cena & Chris Jericho at 13:23 when Miz pinned Cena after Jericho attacked his partner and dropped Cena with the Code Breaker; after the bout, Jericho applied the Walls of Jericho on Cena, with Cena then reversing it into the STFU; moments later, the Great Khali came out to break up the fight only to be dropped by Edge and a spear; John Morrison and R-Truth then came out, with all the men arguing and Khali dropping Morrison and Edge with chops to the head as the show ended"
different_opponent,fix_lineup,2010-07-26,Raw,WWE Monday Night RAW #896,1122,12596,4,John Cena,,John Cena defeats Chris Jericho (14:15),"WWE World Champion Sheamus & WWE US Champion Mike Mizanin defeated John Cena & Chris Jericho at 13:23 when Miz pinned Cena after Jericho attacked his partner and dropped Cena with the Code Breaker; after the bout, Jericho applied the Walls of Jericho on Cena, with Cena then reversing it into the STFU; moments later, the Great Khali came out to break up the fight only to be dropped by Edge and a spear; John Morrison and R-Truth then came out, with all the men arguing and Khali dropping Morrison and Edge with chops to the head as the show ended"
different_opponent,split,2010-07-26,Raw,WWE Monday Night RAW #896,1122,12597,5,John Morrison,,The Great Khali defeats Ted DiBiase (w/ Maryse ) (2:20),"Ted Dibiase Jr. (w/ Maryse) pinned John Morrison at 2:17 after hitting a drop toe hold and causing Morrison to butt heads with R-Truth, who provided guest commentary for the bout and prevented Dibiase from using the ropes for leverage during the final moments; after the bout, Morrison argued with Truth over the loss; moments later, John Cena was shown watching the situation backstage"
different_opponent,split,2010-07-26,Raw,WWE Monday Night RAW #896,1122,12598,6,Jey Uso,,Randy Orton defeats The Miz (14:20),"Randy Orton pinned Jey Uso (w/ Jimmy Uso & Tamina) with the RKO at 2:33; WWE World Champion Sheamus sat ringside for the match; after the bout, Jimmy jumped Orton from behind only for Orton to gain the upper hand; moments later, Sheamus slid in the ring to try to kick Orton in the face but accidentally kicked Jimmy instead; Orton followed by dropping Sheamus with the RKO; WWE US Champion Mike Mizanin then ran out to cash in his Money in the Bank title shot; as the referee waited for Sheamus to get to his feet, Orton slid back in the ring and dropped Miz with the RKO; after the commercial break, Sheamus and Miz argued in the ring until Michael Cole received another e-mail from the Raw GM in which it was ordered Sheamus & Miz would face John Cena & Chris Jericho later in the show"
different_opponent,fix_lineup,2010-07-26,Raw,WWE Monday Night RAW #896,1122,12593,1,The Great Khali,,Edge vs. Wade Barrett - No Contest (5:45),"Edge fought the Great Khali (w/ Runjin Singh) to a no contest at the 1:30 mark when Wade Barrett, Heath Slater, Skip Sheffield, David Otunga, Justin Gabriel, Darren Young, & Michael Tarver came out, with Edge and Singh escaping ringside; Cole called the match by himself after noting Jerry Lawler was getting ready to be part of the elimination tag team match later in the show against Nexus; stipulations stated Khali would be off John Cena's Summer Slam team if he lost; after the bout, Nexus surrounded Khali but then let him leave the ring unharmed"
different_opponent,split,2010-08-16,Raw,WWE Monday Night RAW #899,1128,12643,4,Darren Young,,The Miz defeats John Cena by DQ (13:00),"John Cena defeated Darren Young via submission with the STFU at 8:00; stipulations stated Young would be kicked out of Nexus if he lost; prior to the bout, the remaining members of Nexus came out on the entrance stage; after the match, Nexus surrounded the ring, with Cena then leaving ringside; moments later, Nexus surrounded and attacked Young; during the segment, Jerry Lawler referred to Young as “Daniel Bryan” until he was corrected; Young then sustained Sheffield's clothesline, Barrett's forward slam, and Gabriel's 450 splash"
different_opponent,split,2010-08-16,Raw,WWE Monday Night RAW #899,1128,12640,1,"Skip Sheffield, David Otunga",,Edge defeats R-Truth (4:20),"Skip Sheffield & David Otunga defeated John Morrison & R-Truth at 3:00 when Sheffield pinned Morrison with a clothesline; during the bout, the remaining members of Nexus were shown watching on backstage; stipulations stated Sheffield & Otunga would be kicked out of Nexus if they lost"
different_opponent,split,2010-09-20,Raw,WWE Monday Night RAW #904,1138,12717,2,Layla,,Natalya defeats Alicia Fox and Brie Bella and Eve Torres and Gail Kim and Jillian and Maryse and Melina and Nikki Bella and Tamina (4:13),WWE Unified Women's Champion Layla (w/ WWE Unified Women's Champion Michelle McCool) pinned Melina at 2:03 with a modified jawbreaker off the top; McCool provided guest commentary for the match
different_opponent,split,2010-09-20,Raw,WWE Monday Night RAW #904,1138,12720,5,John Cena,,"The Nexus ( Heath Slater & Justin Gabriel ) (w/ David Otunga , Michael Tarver & Wade Barrett ) defeat Evan Bourne & Mark Henry (3:18)","John Cena defeated David Otunga, Heath Slater, Justin Gabriel, & Michael Tarver (w/ Wade Barrett) in a gauntlet match at 13:47; prior to the bout, Barrett took the mic, stood on the commentary table, and said Cena would have to beat the other members of Nexus in a gauntlet match before facing Barrett in their previously announced singles match; Cena pinned Slater with the FU (2:25); Cena pinned Otunga with an inside cradle (6:55); Tarver submitted to Cena's STFU (7:58); Cena defeated Gabriel via disqualification when the other members of Nexus and Barrett attacked Cena; Barrett stood on the commentary table for the duration of the bout; moments later, Cena cleared the ring with a steel chair; Cena then took the mic and said he wanted his match with Barrett, with Barrett saying he had nothing to gain before agreeing to the match at Hell in a Cell but only under the stipulation that Cena joins Nexus if he loses; Cena agreed but then added his own stipulation that Nexus is gone from the WWE if he wins, with Barrett agreeing as the show came to a close"
different_opponent,fix_lineup,2010-09-20,Raw,WWE Monday Night RAW #904,1138,12716,1,Chris Jericho,,Alex Riley & The Miz defeat Daniel Bryan & John Morrison (5:12),"John Morrison pinned Chris Jericho at 10:20 with a knee to the face and Starship Pain; after the bout, Jericho was visibly upset as some in the crowd chanted “Y2J”"
different_opponent,fix_lineup,2010-09-20,Raw,WWE Monday Night RAW #904,1138,12719,4,Daniel Bryan,,John Cena defeats Edge (7:48),"WWE US Champion Daniel Bryan defeated Edge via reverse decision in a non-title match; Edge originally pinned Bryan with the spear at 4:03 after Mike Mizanin, who provided guest commentary for the bout, dropped Bryan over the top rope as Alex Riley, who ran out moments earlier, distracted the referee from the opposite end of the ring; prior to the entrances, Mizanin walked out with a mic, saying he did not tap out to Bryan, that he suffered from a tender ligament, and the doctors told him not to compete at Night of Champions; Miz then said he had to save himself from potential surgery but would regain the US title; during the contest, Miz announced Riley had been signed to assist Miz; after the bout, Michael Cole recieved an e-mail from the GM which read the decision was overturned due to interference, with Edge then taking the mic and saying he was sick of the anonymous GM interfering with his career; after Edge left ringside, Miz & Riley double teamed Bryan in the ring for several minutes, with Riley holding Bryan as Miz repeatedly slapped Bryan across the face and then dropped him with the Skull Crushing Finale; Miz and Riley then left ringside as the crowd chanted “You tapped out” at him (Bryan's first appearance using Wagner's ‘Ride of the Valkyries' as his entrance music)"
different_opponent,split,2010-09-20,Raw,WWE Monday Night RAW #904,1138,12721,6,Vladimir Kozlov,,Cody Rhodes & Drew McIntyre (c) defeat The Hart Dynasty ( David Hart Smith & Tyson Kidd ) (w/ Natalya ) (3:11),"WWE Tag Team Champions Drew McIntyre & Cody Rhodes defeated Santino Marella & Vladimir Kozlov in a non-title match at 4:13 when McIntyre pinned Kozlov with the Future Shock; David Hart Smith & Tyson Kidd provided guest commentary for the bout; after the contest, Kidd noted he and Smith would get their title rematch the following week"
different_opponent,keep,2011-02-11,SmackDown,WWE Friday Night SmackDown #599,1183,13059,7,Eve,,Eve Torres defeats Layla (w/ Michelle McCool ) (3:00),WWE Divas Champion Eve pinned Layla (w/ Michelle McCool) in a non-title match at 2:55 with a roll over after Layla knocked the champion off the top and made the cover
different_opponent,keep,2011-03-07,Raw,WWE Monday Night RAW #928,1191,13109,4,Eve,,Eve Torres (w/ Gail Kim ) (c) defeats Nikki Bella (w/ Brie Bella ) (3:07),"WWE Divas Champion Eve (w/ Gail Kim) pinned Nikki Bella (w/ Brie Bella) at 3:08 with a neckbreaker after the referee prevented the Bellas from switching places in the ring; mid-way through the bout, Michael Cole grabbed a mic and stood on the announce table, saying no one cared about the match and the fans were waiting to see who he would make as the guest referee for his WrestleMania match against Jerry Lawler; after the bout, Cole took the mic and said, “Thank God that's over”"
different_opponent,keep,2011-03-21,Raw,WWE Monday Night RAW #930,1195,13141,3,Eve,,Eve Torres defeats Maryse (2:24),"WWE Divas Champion Eve pinned Maryse in a non-title match at 2:22 with a reversal into the neckbreaker; late in the bout, Michael Cole took the mic and told the divas to hurry up because he had another world exclusive for Jerry Lawler later in the show; after the contest, Eve confronted Cole on the floor and slapped him as he stuck his head out of his pod; moments later, Cole taunted her while telling his security guard to get her away from him"
different_opponent,keep,2011-04-11,Raw,WWE Monday Night RAW #933,1202,13185,2,Eve,,Brie Bella (w/ Nikki Bella ) defeats Eve Torres (c) (2:16) - TITLE CHANGE !!!,"Brie Bella (w/ Nikki Bella) pinned WWE Divas Champion Eve at 2:14 with a kick to the mid-section and facebuster after Eve fought off an interfering Nikki, who briefly switched places with Brie behind the referee's back; prior to the bout, Eve gave the referee a marker so identify the legal Bella from the one in the corner Sin Cara pinned Primo Colon at 4:31 with a backwards flip slam off the top rope (Sin Cara's TV in-ring debut)"
different_opponent,keep,2011-04-18,Raw,WWE Monday Night RAW #934,1204,13198,5,Eve,,Eve Torres defeats Nikki Bella (w/ Brie Bella ) (1:46),"Eve pinned Nikki Bella (w/ WWE Divas Champion Brie Bella) with a la magistral cradle at 1:48; prior to the bout, Brie took the mic and said Eve may want a title rematch but may never get one if Eve gets drafted to Smackdown the following week; after the bout, Michael Cole took the mic, left his Coal Mine, and spoke to the crowd about the upcoming royal wedding and said he would be knighted in mere moments"
different_opponent,keep,2011-04-25,Raw,WWE Monday Night RAW #935 - Draft 2011,1206,13210,3,Eve,,Eve Torres defeats Layla (0:35),"Eve pinned Layla with a roll up at the 38-second mark after Layla became distracted by Michelle McCool at ringside; during the closing moments of the match, Michael Cole took the mic, interrupted the match, and said he would put on a clinic later in the show in his match against Jim Ross; after the contest, Layla confronted McCool on the floor before ramming her into the barricade and apron; moments later, a crying Layla yelled at McCool that she was sick of this, then threw McCool over the announce table; as a result of the win, Rey Mysterio Jr. was drafted to Raw; Mysterio then came out to the entrance stage and put on a Raw T-shirt as the Raw roster cheered on backstage"
different_opponent,split,2011-05-20,SmackDown,WWE Friday Night SmackDown #613,1214,13270,7,Jey Uso,,The Great Khali defeats Jimmy Uso (2:05),"The Great Khali pinned Jey Uso (w/ Jimmy Uso) at 2:07 with a chop to the head and the tree slam; prior to the bout, a backstage segment aired in which Matt Striker said he would speak with World Heavyweight Champion Randy Orton immediately following the match; late in the bout, Jinder Mahal came out with a mic, spoke Hindi to Khali, with Khali coming out to the floor and Jinder slapping him across the face; moments later, Khali reentered the ring and assaulted Jey; after the match; Khali attacked Jimmy as well"
different_opponent,keep,2011-08-08,Raw,WWE Monday Night RAW #950,1239,13457,3,Rey Mysterio Jr,,The Miz defeats Kofi Kingston (10:42),"Rey Mysterio Jr. fought Mike Mizanin to a no contest when Miz assaulted Mysterio from behind during Mysterio's entrance and rammed him into the WWE symbol until referees came to Mysterio's aid; moments later, Michael Cold conducted an in-ring interview with Miz in which Miz said all the talk was about the WWE World Title situation, yet he didn't have a match for Summer Slam; Miz then called for a referee to come out and declare him the winner via forfeit; the referee then came out and told Justin Roberts that Miz would have another match per Triple H's orders; Kofi Kingston then appeared for the bout"
different_opponent,keep,2011-08-08,Raw,WWE Monday Night RAW #950,1239,13459,5,Eve,,Beth Phoenix defeats Eve Torres (2:56),"Beth Phoenix pinned Eve with the Glam Slam at 2:56; after the bout, Beth took the mic and said Eve and others like her were done mocking the divas division; after Beth went to the floor and turned around to continue her rant, WWE Divas Champion Kelly Kelly attacked her from behind and tended to Eve in the ring"
different_opponent,keep,2011-08-22,Raw,WWE Monday Night RAW #952,1244,13493,2,Eve,,Eve Torres (w/ Kelly Kelly ) defeats Nikki Bella (w/ Brie Bella ) (2:34),"Eve (w/ WWE Divas Champion Kelly Kelly) pinned Nikki Bella (w/ Brie Bella) with a neckbreaker at 2:34; during Eve and Kelly's entrance, Beth Phoenix and Natalya Neidhart cut an insert promo about not wanting to be popular like Eve and Kelly, then declining to say what it is they actually wanted; after the contest, Kelly dropped Brie with the K2; moments later, Beth and Natalya appeared at the entrance stage and clapped for Eve and Kelly's win while Kelly held up her title belt"
different_opponent,split,2011-08-26,SmackDown,WWE Friday Night SmackDown #627,1245,13497,1,an unknown,,Wade Barrett defeats Bo Rotundo,"Wade Barrett fought an unknown to a no contest; prior to the bout, Barrett took the mic and said he had shacken the WWE to its core more than once and it was beneath him as a man and as a competitor to face his no-name opponent; Barrett then walked out of the match"
different_opponent,keep,2011-10-17,Raw,WWE Monday Night RAW #960,1262,13626,3,Eve,,Eve Torres (w/ Kelly Kelly ) defeats Natalya (w/ Beth Phoenix ) (2:10),"Natalya Neidhart (w/ WWE Divas Champion Beth Phoenix) pinned Eve (w/ Kelly Kelly) with the moonsault at 2:12; prior to the bout, it was announced Eve would challenge Phoenix at Vengeance"
different_opponent,split,2011-10-23,PPV,WWE Vengeance 2011,1264,13642,4,Eve,,Beth Phoenix (c) defeats Eve Torres (7:18),"WWE Divas Champion Beth Phoenix pinned Eve with the Glam Slam at 7:18 after avoiding the moonsault; during the champion's entrance, footage was shown of Kelly Kelly being attacked backstage earlier in the night by Phoenix, alongside Natalya Neidhart and Brie & Nikki Bella, with officials having to pull Eve away when she ran out to make the save; as a result, Kelly and Natalya were banned from ringside (Eve's debut with new theme music)"
different_opponent,keep,2011-11-11,SmackDown,WWE Friday Night SmackDown #638,1270,13693,5,three unknowns,,"The Big Show defeats Andy Baker , Tom LaRuffa & Zak Zodiac (1:15)","The Big Show defeated three unknowns in a handicap match at 1:21 after dropping two with a double chokeslam and pinning the third after the punch to the face; after the bout, World Heavyweight Champion Mark Henry, who watched the match from the entrance stage, took the mic and promised to give Show a lasting impression at Survivor Series"
different_opponent,keep,2011-11-18,SmackDown,WWE Friday Night SmackDown #639,1272,13707,2,Sin Cara,,Dolph Ziggler (w/ Vickie Guerrero ) defeats Sin Cara (4:10),"WWE US Champion Dolph Ziggler (w/ Vickie Guerrero) pinned Sin Cara in a non-title match with a reversal of a roll up and grabbing the tights for leverage at 4:27; prior to the bout, Vickie took the mic and announced Ziggler would compete in two matches Sunday – in both the Survivor Series and defending the title against John Morrison; the bout was wrestled under blue and orange lights; after the contest, Sin Cara attacked Ziggler until Jack Swagger ran in the ring and helped double team Cara; Mason Ryan then ran out to make the save and cleared both men from the ring"
different_opponent,split,2011-11-20,PPV,WWE Survivor Series 2011,1273,13716,3,Eve,,Beth Phoenix (c) defeats Eve Torres (4:33),"WWE Divas Champion Beth Phoenix (w/ Natalya Neidhart) pinned Eve with a Glam Slam off the top at 4:34 in a lumberjill match; lumberjills for the match included Natalya, Kelly Kelly, AJ, Alicia, Kaitlyn, Aksana, Nikki & Brie Bella, Tamina, Rosa Mendes, and Maxine"
different_opponent,keep,2011-12-05,Raw,WWE Monday Night RAW #967,1278,13752,2,The Miz,,The Miz defeats Randy Orton by Count Out (4:29),"Mike Mizanin defeated Mike Mizanin via count-out at 4:29 when Orton chased Wade Barrett, who came to the aisle late in the match, backstage; stipulations stated Miz would earn a WWE World Title match at TLC if he won; after the contest, Orton returned ringside to go after Miz, only to be attacked from behind by Barrett"
different_opponent,keep,2011-12-23,SmackDown,WWE Friday Night SmackDown #644,1284,13807,6,Mark Henry,,Daniel Bryan & The Big Show defeat Dolph Ziggler & Jack Swagger (w/ Vickie Guerrero ) (6:54),"The Big Show fought Mark Henry to a no contest; during Show's entrance, a graphic briefly appeared on screen advertising a YouTube account; following the ring entrances, David Otunga walked out, noted he was legal representation for John Laurinaitis, and said Henry was not legally cleared to compete and the match would not happen; after Otunga wished the fans a happy holidays, Show knocked him out with a punch; the bout was to have determined the #1 contender for the World Heavyweight Title"
different_opponent,fix_lineup,2011-12-26,Raw,WWE Monday Night RAW #970,1285,13814,6,CM Punk,,Dolph Ziggler (w/ Vickie Guerrero ) defeats CM Punk and Jack Swagger (12:15),"Gauntlet Match : WWE World Champion CM Punk pinned Jack Swagger (w/ Vickie Guerrero) in a non-title match with a kick to the head at 4:26; after the fall, Swagger attacked Punk from behind and injured his leg; stipulations stated Punk would defend the title the following week against Swagger if he lost and would advance to meet Dolph Ziggler if he won"
different_opponent,split,2011-12-26,Raw,WWE Monday Night RAW #970,1285,13815,7,Dolph Ziggler,,CM Punk (c) defeats The Miz,"Gauntlet Match : Dolph Ziggler pinned WWE World Champion CM Punk in a non-title match at around the 10-minute mark with the Zig Zag after Punk became distracted by John Laurinaitis on the ring apron; late in the match, Laurinaitis walked out and had Vickie Guerrero and Jack Swagger, who were ringside in Ziggler's corner, ejected for Vickie interfering moments earlier; while Laurinaitis had them ejected, Punk had Ziggler covered after kicking him in the head, with the referee not noticing; after the match, Ziggler ran around the ring, celebrating with the title belt; stipulations stated Punk would defend the title the following week against Ziggler if he lost and would advance to meet Mark Henry if he won; had Punk faced and beaten Henry, he would have immediately faced Laurinaitis in a match as well"
different_opponent,split,2012-01-16,Raw,WWE Monday Night RAW #973,1291,13862,7,Jack Swagger,,John Cena defeats Kane by DQ,"John Cena fought WWE US Champion Jack Swagger to a no contest in a non-title match when Cena jumped Swagger before the opening bell and assaulted him and out of the ring; the crowd then chanted “Let's go, Cena” and “Cena sucks” as Cena continued to attack Swagger on the floor; Cena eventually went to stomp Swagger's head, as it lay across the steel ring steps, and instead went to crush Swagger with another pair of steps; Kane's music and entrance then played, with Kane appearing on the big screen and saying he was impressed with Cena's rage and hoped he will have embraced the hate by the time of the Royal Rumble"
different_opponent,split,2012-01-23,Raw,WWE Monday Night RAW #974,1293,13876,6,John Laurinaitis,,CM Punk (c) defeats Dolph Ziggler,"WWE World Champion CM Punk fought John Laurinaitis (w/ David Otunga) to a no contest in a non-title match; during Laurinaitis's entrance, it was noted he was a champion in All Japan Pro Wrestling and wrestled the likes of Steve Williams and Stan Hansen; after coming to the ring, Laurinaitis had Otunga read the fax they received earlier in the show from the board of directors which called into question his actions as Raw interim GM and his status was under review; the fax also read he would have a formal job evaluation the next week to see whether he keeps the job or is terminated, and the evaluation would be from Triple H; Punk then said now nothing was stopping him from kicking the teeth out of his face before Triple H fires him, with Laurinaitis said it was a wakeup call and wanted to apologize to Punk and the fans; Laurinaitis then said he would allow Mick Foley to be in the Royal Rumble match, with Punk then saying he hoped Triple H inherited Vince McMahon's “You're fired;” Laurinaitis then said his match with Punk wasn't going to happen but Punk would face Otunga, with Otunga immediately attacking Punk; Punk fought off Otunga and locked him in the Anaconda Vice, with Otunga quickly tapping out; moments later, Punk cornered Laurinaitis, cleared Otunga from the ring, and dropped Laurinaitis with the Go To Sleep; Dolph Ziggler then ran out and dropped Punk with the Zig Zag to close the show"
different_opponent,keep,2012-01-30,Raw,WWE Monday Night RAW #975,1296,13898,6,Eve,,Beth Phoenix (c) defeats Eve Torres (0:30),"WWE Divas Champion Beth Phoenix pinned Eve with the Glam Slam at the 31-second mark; after the contest, Kane appeared on the big screen and told Eve that it was all John Cena's fault for what happened to Zack Ryder; Kane then said Cena couldn't beat him or the Rock until he fully embraces the hate, and that he would continue to inflict pain on Ryder; Kane then said he would use Eve as a message; his pyro then went off, with Kane appearing behind Eve in the ring; moments later, John Cena ran out to make the save, with the two brwaling in the ring and at ringside before Cena twice rammed the ringsteps into Kane's face; Cena then attempted to drop Kane with the FU through the commentary table but Kane escaped and left through the crowd"
different_opponent,keep,2012-03-05,Raw,WWE Monday Night RAW #980,1307,13972,3,Eve,,Eve Torres defeats Alicia Fox (0:34),"Eve pinned Alicia Fox at the 26-second mark; Kelly Kelly provided guest commentary for the match, during which it was noted she was nominated for a Nickelodeon Kids Choice Award; after the bout, Zack Ryder walked out using a crutch and said he was glad he and Eve never hooked up; following the commercial break, Eve ran up to Ryder backstage and kissed him, then walked off leaving Ryder smiling"
different_opponent,keep,2012-03-26,Raw,WWE Monday Night RAW #983,1313,14017,3,Eve,,Kelly Kelly defeats Eve Torres (w/ Beth Phoenix ) (2:30),Kelly Kelly pinned Eve (w/ WWE Divas Champion Beth Phoenix) at 2:29 with a cradle after avoiding the moonsault
different_opponent,keep,2012-05-04,SmackDown,WWE Friday Night SmackDown #663,1326,14117,5,Damien Sandow,,Ryback defeats Derrick Bateman (1:07),"Damien Sandow fought Derrick Bateman to a no contest when, following his entrance, Sandow took the mic and said he wouldn't waste his time facing a “miscreant” like Bateman and that he would opt not to wrestle for the benefit of the fans; moments later, Bateman took the mic and said he earned a match on Smackdown and wouldn't leave until he got one; Ryback then appeared"
different_opponent,split,2012-05-18,SmackDown,WWE Friday Night SmackDown #665,1330,14152,3,"Jimmy, Jey Uso",,"John Cena , Randy Orton & Sheamus defeat Dolph Ziggler , Kane & Lord Tensai",Jimmy & Jey Uso defeated Dolph Ziggler & Jack Swagger
different_opponent,split,2012-05-28,Raw,WWE Monday Night RAW #992,1334,14191,7,Brodus Clay,,"John Cena defeats John Laurinaitis , Tensai & The Big Show","The Big Show fought Brodus Clay (w/ Cameron & Naomi) to a no contest; upon his entrance, Show took the mic and said Clay was as much of a sell out as him, then comparing Clay to Doink the Clown before adding Doink, unlike Clay, actually had talent; after Show assaulted Clay at ringside, Show fought off WWE Tag Team Champions Kofi Kingston & R-Truth before kicking apart the commentary table; Show then used part of the table to twice hit Clay across the back and easily manhandled Kingston & Truth while knocking Clay out with a punch; moments later, Show and John Laurinaitis held up their hands at the entrance stage as the show ended; moments later, Clay was taken backstage on a stretcher"
different_opponent,keep,2012-07-02,Raw,WWE Monday Night RAW #997,1345,14284,4,Diamond Dallas Page,,Heath Slater defeats Doink (1:24),"Heath Slater pinned Diamond Dallas Page with a neckbreaker at 1:21 after Doink hit the corner; following Slater's entrance, a video package recapped his recent altercations with Vader, Roddy Piper, Cyndi Lauper, and Psycho Sid; moments later, Slater took the mic and said he wasn't a clown, with Doink then coming out; after the bout, Diamond Dallas Page walked out, with both he and Slater holding up the diamond sign before dropping Slater with the Diamond Cutter"
different_opponent,keep,2012-07-09,Raw,WWE Monday Night RAW #998,1347,14300,6,Booker T,,Michael Cole defeats Jerry Lawler by DQ (1:00),"Jerry Lawler pinned Booker T after an airplane spin at the 58-second mark; Booker T & Josh Matthews provided commentary for the match; after the bout, the Raw GM sent an email, which Matthews read, that said Cole was the winner as a result of interference from Booker; moments later, WWE US Champion Santino Marella came out with his detective hat and said the Raw GM must be under the ring; moments later, Hornswoggle was revealed as the Raw GM and bit Cole and Lawler before leaving the ring"
different_opponent,keep,2012-08-06,Raw,WWE Monday Night RAW #1002,1356,14365,6,Eve,,Kelly Kelly defeats Eve Torres (3:03),Kelly Kelly pinned Eve at 3:04 with a hurricanrana into a roll up (Kelly Kelly's surprise return after a 3-month absence)
different_opponent,keep,2012-08-10,SmackDown,WWE Friday Night SmackDown #677,1357,14372,4,two unknowns,,Jinder Mahal defeats Ricky Starks & Robbie Barnes (0:39),"Jinder Mahal defeated two unknowns at the 41-second mark when one submitted to the Camel Clutch; during his entrance, an insert promo aired from Mahal in which he said he would beat his two opponents faster than Ryback would; after the match, Mahal locked both men in a simultaneous Camel Clutch before Ryback came out, scaring Mahal to the floor; Ryback then took the two opponents and lifted them up for a simultaneous Samoan Drop"
different_opponent,keep,2012-08-17,SmackDown,WWE Friday Night SmackDown #678,1359,14388,3,Eve,,Eve Torres defeats Kaitlyn (2:16),Eve pinned Kaitlyn
different_opponent,split,2012-08-20,Raw,WWE Monday Night RAW #1004,1361,14403,4,two unknowns,,Ryback defeats Andy Tovarez & Mike Spinner by DQ (1:30),"Ryback defeated two unknowns in a handicap match via disqualification at 1:28 when Jinder Mahal attacked Ryback from behind and applied the Camel Clutch; after the match, Ryback powered out of the move and cleared Mahal to the floor; moments later, Ryback dropped both opponents with the Samoan Drop"
different_opponent,keep,2012-09-03,Raw,WWE Monday Night RAW #1006,1365,14438,3,CM Punk,,Sheamus defeats Jack Swagger (2:45),"WWE World Champion CM Punk fought World Heavyweight Champion Sheamus to a no contest in a non-title match; following Sheamus's entrance, Punk came out in street clothes and cut an in-ring promo saying he wouldn't be exploited at the 8pm hour simply because he's from Chicago; Punk then said he was taking the night off and left the ring; after Punk left ringside, Sheamus took the mic and said Punk disrespected the fans by walking away; moments later, Punk was shown backstage talking with AJ and saying he was taking a personal day; Punk then got in a waiting car and left the arena; Matt Striker then appeared and asked AJ what she would do for the match, with AJ then asking who Striker was before saying she would find Sheamus an opponent"
different_opponent,split,2012-09-03,Raw,WWE Monday Night RAW #1006,1365,14439,4,Eve,,Eve Torres defeats Kaitlyn (3:15),"Eve pinned Kaitlyn with the neckbreaker at 3:12; WWE Divas Champion Layla provided guest commentary for the bout; after the match, Eve shook Kaitlyn's hand and helped her to her feet; moments later, Eve confronted Layla at ringside and extended her hand for Layla to shake, with Layla reluctantly doing so"
different_opponent,split,2012-09-16,PPV,WWE Night Of Champions 2012,1369,14471,5,Eve,,Eve Torres defeats Layla (c) (6:38) - TITLE CHANGE !!!,Eve (sub. for Kaitlyn) pinned WWE Divas Champion Layla to win the title at 6:38 with a neckbreaker
different_opponent,keep,2012-09-17,Raw,WWE Monday Night RAW #1008,1370,14475,2,Eve,,Eve Torres defeats Beth Phoenix (1:40),"WWE Divas Champion Eve pinned Beth Phoenix in a non-title match with a roll up after Phoenix hit the corner at 1:40; Layla provided guest commentary for the match; after the bout, Eve confronted Layla at the commentary table"
different_opponent,keep,2012-10-01,Raw,WWE Monday Night RAW #1010,1374,14511,5,Eve,,Eve Torres defeats Beth Phoenix (2:35),"WWE Divas Champion Eve pinned Beth Phoenix in a non-title match with the neckbreaker at 2:34; during her entrance, a pretaped insert promo aired from Eve in which she praised her fellow divas"
different_opponent,keep,2012-10-08,Raw,WWE Monday Night RAW #1011,1376,14531,8,Eve,,Eve Torres (c) defeats Kaitlyn (2:52),"WWE Divas Champion Eve defeated Kaitlyn via submission with a leg grapevine at 2:52; Kaitlyn's ankle was heavily taped for the bout; Layla provided guest commentary for the match; after the contest, Layla made the save when Eve refused to break the hold, with Eve then apologizing to Kaitlyn before Layla shoved her away"
different_opponent,split,2012-10-08,Raw,WWE Monday Night RAW #1011,1376,14532,9,Vince McMahon,,Sheamus defeats CM Punk by DQ,"Vince McMahon fought WWE World Champion CM Punk (w/ Paul Heyman) to a no contest in a non-title match at around the 9-minute mark; during McMahon's entrance, Punk jumped him from behind at ringside; during the match, Punk at one point put on a headset at the commentary table and yelled “What a maneuver!”; at the 6-minute mark, McMahon took a kendo stick, punched Heyman, and took possession of the title belt, keeping Punk from entering the ring to take it back; moments later, Punk grabbed his own kendo stick, leading to the two trading blows in the ring; during the closing moments of the match, Punk had McMahon up for the Go To Sleep before Ryback ran out, scaring Punk to the floor; moments later, John Cena appeared and tossed Punk back into the ring, where he narrowly escaped Ryback's Shell Shocked; Punk then escaped through the crowd, with McMahon then taking a mic and telling Punk he had a week to decide who he would face at Hell in a Cell — Cena or Ryback — and if he didn't decide then McMahon would decide for him"
different_opponent,keep,2012-10-15,Raw,WWE Monday Night RAW #1012,1378,14546,8,Eve,,Eve Torres (c) defeats Layla,WWE Divas Champion Eve pinned Layla at 4:40 after knocking Layla face-first off the top rope; the challenger's foot was on the bottom rope during the cover but the referee didn't see it
different_opponent,split,2012-11-18,PPV,WWE Survivor Series 2012,1389,14628,2,Eve,,Eve Torres (c) defeats Kaitlyn (7:02),WWE Divas Champion Eve pinned Kaitlyn with the neckbreaker at 7:02 after yanking the challenger off the apron to the floor
different_opponent,split,2012-11-23,SmackDown,WWE Friday Night SmackDown #692,1391,14645,4,the Big Show,,The Big Show defeats Team Hell No ( Daniel Bryan & Kane ) (8:01),"World Heavyweight Champion the Big Show defeated WWE Tag Team Champions Kane & Daniel Bryan in a handicap match at 8:01 by pinning Bryan with the chokeslam, moments after Kane left ringside and Show powered out of the No Lock; during the bout, Sheamus was shown sitting in Booker T's suite, alongside William Regal; after the bout, Kane returned to the ring to tend to Bryan as Show held up the title belt in the direction of Sheamus; Show then attempted to knock out Kane with a punch, with the two grabbing each other by the throat before Bryan kicked Show from behind and Show escaped to the floor; moments later, Show took the mic at the entrance stage and cut a promo on facing Sheamus in a chairs match at TLC"
different_opponent,split,2012-12-16,PPV,"WWE TLC: Tables, Ladders & Chairs 2012",1398,14697,5,Eve,,Eve Torres (c) defeats Naomi (3:05),"WWE Divas Champion Eve pinned Naomi with the neckbreaker at 3:07; during the match, Brodus Clay and Cameron were shown watching on backstage; after the bout, Eve posed beside Naomi's body for a photographer"
different_opponent,keep,2012-12-17,Raw,WWE Monday Night RAW #1021,1399,14703,3,Eve,,Kaitlyn defeats Eve Torres (2:06),"Kaitlyn pinned WWE Divas Champion Eve in a non-title match at 2:06 with a fireman's carry into a gutbuster; after the bout, Kaitlyn put the belt on Eve's body and posed for a photograph by a ringside photogapher"
different_opponent,keep,2013-01-14,Raw,WWE Monday Night RAW #1025,1407,15630,3,Eve,,Kaitlyn defeats Eve Torres (c) (5:30) - TITLE CHANGE !!!,Kaitlyn pinned WWE Divas Champion Eve with a spear to win the title at 5:27; stipulations stated that Eve would lose the title were she disqualified or counted out (Eve's last appearance)
different_opponent,split,2013-07-19,SmackDown,WWE Friday Night SmackDown #726,1466,16062,6,"Jimmy, Jey Uso",,"Daniel Bryan , Randy Orton & Rob Van Dam defeat The Shield ( Dean Ambrose , Roman Reigns & Seth Rollins )","Jimmy & Jey Uso fought WWE Tag Team Champions Seth Rollins & Roman Reigns to a no contest in a non-title match when the two teams brawled before the match began, with WWE US Champion Dean Ambrose then appearing and aiding Rollins & Reigns; moments later, Mark Henry ran out and evened the odds, with the Shield escaping into the crowd"
extra_name,split,2001-01-29,Raw,WWF RAW is WAR #401,161,960,5,Bradshaw,,The Hardy Boyz ( Jeff Hardy & Matt Hardy ) (w/ Lita ) defeat The APA ( Bradshaw & Faarooq ) (w/ Jacqueline ) and The Right To Censor ( Bull Buchanan & The Goodfather ) (2:40),"Matt & Jeff Hardy (w/ Lita) defeated the Acolytes (w/ Jackie) and Bull Buchanon & the Goodfather when Jeff pinned Buchanon with the Swanton after Bradshaw hit the Clothesline from Hell but was prevented from making the cover; due to prematch stipulations, the Hardyz earned a tag team title shot for Smackdown!"
extra_name,split,2001-01-29,Raw,WWF RAW is WAR #401,161,960,5,Faarooq,,The Hardy Boyz ( Jeff Hardy & Matt Hardy ) (w/ Lita ) defeat The APA ( Bradshaw & Faarooq ) (w/ Jacqueline ) and The Right To Censor ( Bull Buchanan & The Goodfather ) (2:40),"Matt & Jeff Hardy (w/ Lita) defeated the Acolytes (w/ Jackie) and Bull Buchanon & the Goodfather when Jeff pinned Buchanon with the Swanton after Bradshaw hit the Clothesline from Hell but was prevented from making the cover; due to prematch stipulations, the Hardyz earned a tag team title shot for Smackdown!"
extra_name,split,2001-05-20,PPV,WWF Judgment Day 2001,180,1107,6,Jeff Hardy,,Chris Benoit & Chris Jericho defeat Christian & Edge and The APA ( Bradshaw & Faarooq ) and The Dudley Boyz ( Bubba Ray Dudley & D-Von Dudley ) (w/ Spike Dudley ) and The Hardy Boyz ( Jeff Hardy & Matt Hardy ) and The Radicalz ( Dean Malenko & Perry Saturn ) (w/ Terri ) and The X-Factor ( Justin Credible & X-Pac ) (w/ Albert ) (25:53),"Chris Jericho & Chris Benoit (mystery partner) defeated Edge & Christian to win Tag Team Turmoil; the Acolytes defeated Dean Malenko & Perry Saturn (w/ Lita) at 1:32 when Farooq pinned Saturn with a spinebuster; the Acolytes defeated the Dudley Boyz (w/ Spike Dudley) when Bradshaw pinned Bubba Ray with the Clothesline from Hell at 4:56 after Hardcore & Crash Holly came ringside and Hardcore dropped D-Von with an Alabama Slam through a table at ringside; X-Pac & Justin Credible (w/ Albert) defeated the Acolytes at 3:44 when X-Pac pinned Bradshaw when Albert swept Bradshaw's leg as Bradshaw attempted a fall away slam and held the leg down from the floor during the cover; X-Pac & Justin Credible defeated Jeff Hardy & WWF European Champion Matt Hardy at 3:11 when X-Pac pinned Matt after Credible hit the superkick as Matt attempted the Twist of Fate; Chris Jericho & Chris Benoit defeated X-Pac & Justin Credible at 5:16 when Jericho applied the Walls of Jericho on X-Pac and Benoit applied the Crippler Crossface on Credible, moments after double teaming an interfering Albert; Chris Jericho & Chris Benoit defeated Edge & Christian at 7:10 when Christian submitted to Benoit's Crippler Crossface after Benoit, with the help of Jericho, avoided a Con-Chair-Two; due to pre-match stipulations, Benoit & Jericho became the #1 contenders to the tag team titles"
extra_name,split,2001-05-20,PPV,WWF Judgment Day 2001,180,1107,6,Matt Hardy,,Chris Benoit & Chris Jericho defeat Christian & Edge and The APA ( Bradshaw & Faarooq ) and The Dudley Boyz ( Bubba Ray Dudley & D-Von Dudley ) (w/ Spike Dudley ) and The Hardy Boyz ( Jeff Hardy & Matt Hardy ) and The Radicalz ( Dean Malenko & Perry Saturn ) (w/ Terri ) and The X-Factor ( Justin Credible & X-Pac ) (w/ Albert ) (25:53),"Chris Jericho & Chris Benoit (mystery partner) defeated Edge & Christian to win Tag Team Turmoil; the Acolytes defeated Dean Malenko & Perry Saturn (w/ Lita) at 1:32 when Farooq pinned Saturn with a spinebuster; the Acolytes defeated the Dudley Boyz (w/ Spike Dudley) when Bradshaw pinned Bubba Ray with the Clothesline from Hell at 4:56 after Hardcore & Crash Holly came ringside and Hardcore dropped D-Von with an Alabama Slam through a table at ringside; X-Pac & Justin Credible (w/ Albert) defeated the Acolytes at 3:44 when X-Pac pinned Bradshaw when Albert swept Bradshaw's leg as Bradshaw attempted a fall away slam and held the leg down from the floor during the cover; X-Pac & Justin Credible defeated Jeff Hardy & WWF European Champion Matt Hardy at 3:11 when X-Pac pinned Matt after Credible hit the superkick as Matt attempted the Twist of Fate; Chris Jericho & Chris Benoit defeated X-Pac & Justin Credible at 5:16 when Jericho applied the Walls of Jericho on X-Pac and Benoit applied the Crippler Crossface on Credible, moments after double teaming an interfering Albert; Chris Jericho & Chris Benoit defeated Edge & Christian at 7:10 when Christian submitted to Benoit's Crippler Crossface after Benoit, with the help of Jericho, avoided a Con-Chair-Two; due to pre-match stipulations, Benoit & Jericho became the #1 contenders to the tag team titles"
extra_name,split,2001-05-20,PPV,WWF Judgment Day 2001,180,1107,6,Justin Credible,,Chris Benoit & Chris Jericho defeat Christian & Edge and The APA ( Bradshaw & Faarooq ) and The Dudley Boyz ( Bubba Ray Dudley & D-Von Dudley ) (w/ Spike Dudley ) and The Hardy Boyz ( Jeff Hardy & Matt Hardy ) and The Radicalz ( Dean Malenko & Perry Saturn ) (w/ Terri ) and The X-Factor ( Justin Credible & X-Pac ) (w/ Albert ) (25:53),"Chris Jericho & Chris Benoit (mystery partner) defeated Edge & Christian to win Tag Team Turmoil; the Acolytes defeated Dean Malenko & Perry Saturn (w/ Lita) at 1:32 when Farooq pinned Saturn with a spinebuster; the Acolytes defeated the Dudley Boyz (w/ Spike Dudley) when Bradshaw pinned Bubba Ray with the Clothesline from Hell at 4:56 after Hardcore & Crash Holly came ringside and Hardcore dropped D-Von with an Alabama Slam through a table at ringside; X-Pac & Justin Credible (w/ Albert) defeated the Acolytes at 3:44 when X-Pac pinned Bradshaw when Albert swept Bradshaw's leg as Bradshaw attempted a fall away slam and held the leg down from the floor during the cover; X-Pac & Justin Credible defeated Jeff Hardy & WWF European Champion Matt Hardy at 3:11 when X-Pac pinned Matt after Credible hit the superkick as Matt attempted the Twist of Fate; Chris Jericho & Chris Benoit defeated X-Pac & Justin Credible at 5:16 when Jericho applied the Walls of Jericho on X-Pac and Benoit applied the Crippler Crossface on Credible, moments after double teaming an interfering Albert; Chris Jericho & Chris Benoit defeated Edge & Christian at 7:10 when Christian submitted to Benoit's Crippler Crossface after Benoit, with the help of Jericho, avoided a Con-Chair-Two; due to pre-match stipulations, Benoit & Jericho became the #1 contenders to the tag team titles"
extra_name,split,2001-05-20,PPV,WWF Judgment Day 2001,180,1107,6,Faarooq,,Chris Benoit & Chris Jericho defeat Christian & Edge and The APA ( Bradshaw & Faarooq ) and The Dudley Boyz ( Bubba Ray Dudley & D-Von Dudley ) (w/ Spike Dudley ) and The Hardy Boyz ( Jeff Hardy & Matt Hardy ) and The Radicalz ( Dean Malenko & Perry Saturn ) (w/ Terri ) and The X-Factor ( Justin Credible & X-Pac ) (w/ Albert ) (25:53),"Chris Jericho & Chris Benoit (mystery partner) defeated Edge & Christian to win Tag Team Turmoil; the Acolytes defeated Dean Malenko & Perry Saturn (w/ Lita) at 1:32 when Farooq pinned Saturn with a spinebuster; the Acolytes defeated the Dudley Boyz (w/ Spike Dudley) when Bradshaw pinned Bubba Ray with the Clothesline from Hell at 4:56 after Hardcore & Crash Holly came ringside and Hardcore dropped D-Von with an Alabama Slam through a table at ringside; X-Pac & Justin Credible (w/ Albert) defeated the Acolytes at 3:44 when X-Pac pinned Bradshaw when Albert swept Bradshaw's leg as Bradshaw attempted a fall away slam and held the leg down from the floor during the cover; X-Pac & Justin Credible defeated Jeff Hardy & WWF European Champion Matt Hardy at 3:11 when X-Pac pinned Matt after Credible hit the superkick as Matt attempted the Twist of Fate; Chris Jericho & Chris Benoit defeated X-Pac & Justin Credible at 5:16 when Jericho applied the Walls of Jericho on X-Pac and Benoit applied the Crippler Crossface on Credible, moments after double teaming an interfering Albert; Chris Jericho & Chris Benoit defeated Edge & Christian at 7:10 when Christian submitted to Benoit's Crippler Crossface after Benoit, with the help of Jericho, avoided a Con-Chair-Two; due to pre-match stipulations, Benoit & Jericho became the #1 contenders to the tag team titles"
extra_name,split,2001-05-20,PPV,WWF Judgment Day 2001,180,1107,6,Bubba Ray Dudley,,Chris Benoit & Chris Jericho defeat Christian & Edge and The APA ( Bradshaw & Faarooq ) and The Dudley Boyz ( Bubba Ray Dudley & D-Von Dudley ) (w/ Spike Dudley ) and The Hardy Boyz ( Jeff Hardy & Matt Hardy ) and The Radicalz ( Dean Malenko & Perry Saturn ) (w/ Terri ) and The X-Factor ( Justin Credible & X-Pac ) (w/ Albert ) (25:53),"Chris Jericho & Chris Benoit (mystery partner) defeated Edge & Christian to win Tag Team Turmoil; the Acolytes defeated Dean Malenko & Perry Saturn (w/ Lita) at 1:32 when Farooq pinned Saturn with a spinebuster; the Acolytes defeated the Dudley Boyz (w/ Spike Dudley) when Bradshaw pinned Bubba Ray with the Clothesline from Hell at 4:56 after Hardcore & Crash Holly came ringside and Hardcore dropped D-Von with an Alabama Slam through a table at ringside; X-Pac & Justin Credible (w/ Albert) defeated the Acolytes at 3:44 when X-Pac pinned Bradshaw when Albert swept Bradshaw's leg as Bradshaw attempted a fall away slam and held the leg down from the floor during the cover; X-Pac & Justin Credible defeated Jeff Hardy & WWF European Champion Matt Hardy at 3:11 when X-Pac pinned Matt after Credible hit the superkick as Matt attempted the Twist of Fate; Chris Jericho & Chris Benoit defeated X-Pac & Justin Credible at 5:16 when Jericho applied the Walls of Jericho on X-Pac and Benoit applied the Crippler Crossface on Credible, moments after double teaming an interfering Albert; Chris Jericho & Chris Benoit defeated Edge & Christian at 7:10 when Christian submitted to Benoit's Crippler Crossface after Benoit, with the help of Jericho, avoided a Con-Chair-Two; due to pre-match stipulations, Benoit & Jericho became the #1 contenders to the tag team titles"
extra_name,split,2001-05-20,PPV,WWF Judgment Day 2001,180,1107,6,Dean Malenko,,Chris Benoit & Chris Jericho defeat Christian & Edge and The APA ( Bradshaw & Faarooq ) and The Dudley Boyz ( Bubba Ray Dudley & D-Von Dudley ) (w/ Spike Dudley ) and The Hardy Boyz ( Jeff Hardy & Matt Hardy ) and The Radicalz ( Dean Malenko & Perry Saturn ) (w/ Terri ) and The X-Factor ( Justin Credible & X-Pac ) (w/ Albert ) (25:53),"Chris Jericho & Chris Benoit (mystery partner) defeated Edge & Christian to win Tag Team Turmoil; the Acolytes defeated Dean Malenko & Perry Saturn (w/ Lita) at 1:32 when Farooq pinned Saturn with a spinebuster; the Acolytes defeated the Dudley Boyz (w/ Spike Dudley) when Bradshaw pinned Bubba Ray with the Clothesline from Hell at 4:56 after Hardcore & Crash Holly came ringside and Hardcore dropped D-Von with an Alabama Slam through a table at ringside; X-Pac & Justin Credible (w/ Albert) defeated the Acolytes at 3:44 when X-Pac pinned Bradshaw when Albert swept Bradshaw's leg as Bradshaw attempted a fall away slam and held the leg down from the floor during the cover; X-Pac & Justin Credible defeated Jeff Hardy & WWF European Champion Matt Hardy at 3:11 when X-Pac pinned Matt after Credible hit the superkick as Matt attempted the Twist of Fate; Chris Jericho & Chris Benoit defeated X-Pac & Justin Credible at 5:16 when Jericho applied the Walls of Jericho on X-Pac and Benoit applied the Crippler Crossface on Credible, moments after double teaming an interfering Albert; Chris Jericho & Chris Benoit defeated Edge & Christian at 7:10 when Christian submitted to Benoit's Crippler Crossface after Benoit, with the help of Jericho, avoided a Con-Chair-Two; due to pre-match stipulations, Benoit & Jericho became the #1 contenders to the tag team titles"
extra_name,split,2001-05-20,PPV,WWF Judgment Day 2001,180,1107,6,X-Pac,,Chris Benoit & Chris Jericho defeat Christian & Edge and The APA ( Bradshaw & Faarooq ) and The Dudley Boyz ( Bubba Ray Dudley & D-Von Dudley ) (w/ Spike Dudley ) and The Hardy Boyz ( Jeff Hardy & Matt Hardy ) and The Radicalz ( Dean Malenko & Perry Saturn ) (w/ Terri ) and The X-Factor ( Justin Credible & X-Pac ) (w/ Albert ) (25:53),"Chris Jericho & Chris Benoit (mystery partner) defeated Edge & Christian to win Tag Team Turmoil; the Acolytes defeated Dean Malenko & Perry Saturn (w/ Lita) at 1:32 when Farooq pinned Saturn with a spinebuster; the Acolytes defeated the Dudley Boyz (w/ Spike Dudley) when Bradshaw pinned Bubba Ray with the Clothesline from Hell at 4:56 after Hardcore & Crash Holly came ringside and Hardcore dropped D-Von with an Alabama Slam through a table at ringside; X-Pac & Justin Credible (w/ Albert) defeated the Acolytes at 3:44 when X-Pac pinned Bradshaw when Albert swept Bradshaw's leg as Bradshaw attempted a fall away slam and held the leg down from the floor during the cover; X-Pac & Justin Credible defeated Jeff Hardy & WWF European Champion Matt Hardy at 3:11 when X-Pac pinned Matt after Credible hit the superkick as Matt attempted the Twist of Fate; Chris Jericho & Chris Benoit defeated X-Pac & Justin Credible at 5:16 when Jericho applied the Walls of Jericho on X-Pac and Benoit applied the Crippler Crossface on Credible, moments after double teaming an interfering Albert; Chris Jericho & Chris Benoit defeated Edge & Christian at 7:10 when Christian submitted to Benoit's Crippler Crossface after Benoit, with the help of Jericho, avoided a Con-Chair-Two; due to pre-match stipulations, Benoit & Jericho became the #1 contenders to the tag team titles"
extra_name,split,2001-05-20,PPV,WWF Judgment Day 2001,180,1107,6,Perry Saturn,,Chris Benoit & Chris Jericho defeat Christian & Edge and The APA ( Bradshaw & Faarooq ) and The Dudley Boyz ( Bubba Ray Dudley & D-Von Dudley ) (w/ Spike Dudley ) and The Hardy Boyz ( Jeff Hardy & Matt Hardy ) and The Radicalz ( Dean Malenko & Perry Saturn ) (w/ Terri ) and The X-Factor ( Justin Credible & X-Pac ) (w/ Albert ) (25:53),"Chris Jericho & Chris Benoit (mystery partner) defeated Edge & Christian to win Tag Team Turmoil; the Acolytes defeated Dean Malenko & Perry Saturn (w/ Lita) at 1:32 when Farooq pinned Saturn with a spinebuster; the Acolytes defeated the Dudley Boyz (w/ Spike Dudley) when Bradshaw pinned Bubba Ray with the Clothesline from Hell at 4:56 after Hardcore & Crash Holly came ringside and Hardcore dropped D-Von with an Alabama Slam through a table at ringside; X-Pac & Justin Credible (w/ Albert) defeated the Acolytes at 3:44 when X-Pac pinned Bradshaw when Albert swept Bradshaw's leg as Bradshaw attempted a fall away slam and held the leg down from the floor during the cover; X-Pac & Justin Credible defeated Jeff Hardy & WWF European Champion Matt Hardy at 3:11 when X-Pac pinned Matt after Credible hit the superkick as Matt attempted the Twist of Fate; Chris Jericho & Chris Benoit defeated X-Pac & Justin Credible at 5:16 when Jericho applied the Walls of Jericho on X-Pac and Benoit applied the Crippler Crossface on Credible, moments after double teaming an interfering Albert; Chris Jericho & Chris Benoit defeated Edge & Christian at 7:10 when Christian submitted to Benoit's Crippler Crossface after Benoit, with the help of Jericho, avoided a Con-Chair-Two; due to pre-match stipulations, Benoit & Jericho became the #1 contenders to the tag team titles"
extra_name,split,2001-05-20,PPV,WWF Judgment Day 2001,180,1107,6,Bradshaw,,Chris Benoit & Chris Jericho defeat Christian & Edge and The APA ( Bradshaw & Faarooq ) and The Dudley Boyz ( Bubba Ray Dudley & D-Von Dudley ) (w/ Spike Dudley ) and The Hardy Boyz ( Jeff Hardy & Matt Hardy ) and The Radicalz ( Dean Malenko & Perry Saturn ) (w/ Terri ) and The X-Factor ( Justin Credible & X-Pac ) (w/ Albert ) (25:53),"Chris Jericho & Chris Benoit (mystery partner) defeated Edge & Christian to win Tag Team Turmoil; the Acolytes defeated Dean Malenko & Perry Saturn (w/ Lita) at 1:32 when Farooq pinned Saturn with a spinebuster; the Acolytes defeated the Dudley Boyz (w/ Spike Dudley) when Bradshaw pinned Bubba Ray with the Clothesline from Hell at 4:56 after Hardcore & Crash Holly came ringside and Hardcore dropped D-Von with an Alabama Slam through a table at ringside; X-Pac & Justin Credible (w/ Albert) defeated the Acolytes at 3:44 when X-Pac pinned Bradshaw when Albert swept Bradshaw's leg as Bradshaw attempted a fall away slam and held the leg down from the floor during the cover; X-Pac & Justin Credible defeated Jeff Hardy & WWF European Champion Matt Hardy at 3:11 when X-Pac pinned Matt after Credible hit the superkick as Matt attempted the Twist of Fate; Chris Jericho & Chris Benoit defeated X-Pac & Justin Credible at 5:16 when Jericho applied the Walls of Jericho on X-Pac and Benoit applied the Crippler Crossface on Credible, moments after double teaming an interfering Albert; Chris Jericho & Chris Benoit defeated Edge & Christian at 7:10 when Christian submitted to Benoit's Crippler Crossface after Benoit, with the help of Jericho, avoided a Con-Chair-Two; due to pre-match stipulations, Benoit & Jericho became the #1 contenders to the tag team titles"
extra_name,split,2001-05-20,PPV,WWF Judgment Day 2001,180,1107,6,D-Von Dudley,,Chris Benoit & Chris Jericho defeat Christian & Edge and The APA ( Bradshaw & Faarooq ) and The Dudley Boyz ( Bubba Ray Dudley & D-Von Dudley ) (w/ Spike Dudley ) and The Hardy Boyz ( Jeff Hardy & Matt Hardy ) and The Radicalz ( Dean Malenko & Perry Saturn ) (w/ Terri ) and The X-Factor ( Justin Credible & X-Pac ) (w/ Albert ) (25:53),"Chris Jericho & Chris Benoit (mystery partner) defeated Edge & Christian to win Tag Team Turmoil; the Acolytes defeated Dean Malenko & Perry Saturn (w/ Lita) at 1:32 when Farooq pinned Saturn with a spinebuster; the Acolytes defeated the Dudley Boyz (w/ Spike Dudley) when Bradshaw pinned Bubba Ray with the Clothesline from Hell at 4:56 after Hardcore & Crash Holly came ringside and Hardcore dropped D-Von with an Alabama Slam through a table at ringside; X-Pac & Justin Credible (w/ Albert) defeated the Acolytes at 3:44 when X-Pac pinned Bradshaw when Albert swept Bradshaw's leg as Bradshaw attempted a fall away slam and held the leg down from the floor during the cover; X-Pac & Justin Credible defeated Jeff Hardy & WWF European Champion Matt Hardy at 3:11 when X-Pac pinned Matt after Credible hit the superkick as Matt attempted the Twist of Fate; Chris Jericho & Chris Benoit defeated X-Pac & Justin Credible at 5:16 when Jericho applied the Walls of Jericho on X-Pac and Benoit applied the Crippler Crossface on Credible, moments after double teaming an interfering Albert; Chris Jericho & Chris Benoit defeated Edge & Christian at 7:10 when Christian submitted to Benoit's Crippler Crossface after Benoit, with the help of Jericho, avoided a Con-Chair-Two; due to pre-match stipulations, Benoit & Jericho became the #1 contenders to the tag team titles"
extra_name,keep,2001-11-15,SmackDown,Thursday Night SmackDown,46,1357,2,Test,,Edge & The Hardy Boyz ( Jeff Hardy & Matt Hardy ) (w/ Lita ) defeat Test & The Dudley Boyz ( Bubba Ray Dudley & D-Von Dudley ) (w/ Stacy Keibler ) (7:15),"Matt & Jeff Hardy (w/ Lita) and Edge defeated the Dudley Boyz (w/ Stacy Keibler) & the Dudley Boyz when Edge pinned D-Von with the spear; after the match, the Dudleyz hit the 3D on Lita"
extra_name,fix_lineup,2002-08-22,SmackDown,Thursday Night SmackDown,86,531,5,Molly knocked Noble into Nidia,,"WWE Women's Champion Molly Holly defeated Nidia (w/ Jamie Noble ) with the somersault sit-down splash onto a standing Nidia after knocking Noble off the apron; had Nidia won the title, she would have flashed the crowd; after the match, Molly knocked Noble into Nidia when Nidia attempted to flash the crowd anyway","WWE Women's Champion Molly Holly pinned Nidia (w/ Jamie Noble) with the somersault sit-down splash onto a standing Nidia after knocking Noble off the apron; had Nidia won the title, she would have flashed the crowd; after the match, Molly knocked Noble into Nidia when Nidia attempted to flash the crowd anyway"
extra_name,keep,2003-10-09,SmackDown,Thursday Night SmackDown,145,2547,5,Faarooq,,A-Train & The Basham Brothers ( Danny Basham & Doug Basham ) defeat Chris Benoit & The APA ( Bradshaw & Faarooq ) (3:43),"Albert, Doug & Danny Basham defeated Chris Benoit & Bradshaw at around the 4-minute mark when Albert pinned Benoit with the backbreaker; prior to the contest, the Acolytes were attacked with chair shots from behind by the Bashams – forcing Farooq out of the contest before it began; during the match, officials checked on Farooq before helping him backstage; after the contest, the Bashams hit the Ball & Gag on Bradshaw"
extra_name,keep,2004-01-08,SmackDown,WWE SmackDown #230,358,3898,1,Chuck Palumbo,,Chris Benoit defeats Chuck Palumbo and Johnny Stamboli and Nunzio (6:20),"Chris Benoit defeated Johnny Stamboli (#1), Chuck Palumbo (#2), & Nunzio (#3) in a mini Royal Rumble match at 6:21; Benoit eliminated Stamboli at 3:09 with a baseball slide as Stamboli was on the ring apron; Benoit eliminated Nunzio at 5:14 as Nunzio tried to save Palumbo's elimination; Benoit eliminated Palumbo"
extra_name,keep,2004-01-08,SmackDown,WWE SmackDown #230,358,3898,1,Nunzio,,Chris Benoit defeats Chuck Palumbo and Johnny Stamboli and Nunzio (6:20),"Chris Benoit defeated Johnny Stamboli (#1), Chuck Palumbo (#2), & Nunzio (#3) in a mini Royal Rumble match at 6:21; Benoit eliminated Stamboli at 3:09 with a baseball slide as Stamboli was on the ring apron; Benoit eliminated Nunzio at 5:14 as Nunzio tried to save Palumbo's elimination; Benoit eliminated Palumbo"
extra_name,keep,2004-03-18,SmackDown,WWE SmackDown #240,381,4033,3,The Big Show,,Rey Mysterio defeats Billy Gunn and Charlie Haas and Shelton Benjamin and The Big Show (22:37),"Shelton Benjamin pinned Charlie Haas with a spin kick as Haas held the opposite leg; after the bout, the two hugged"
extra_name,keep,2004-03-18,SmackDown,WWE SmackDown #240,381,4033,3,Billy Gunn,,Rey Mysterio defeats Billy Gunn and Charlie Haas and Shelton Benjamin and The Big Show (22:37),"Shelton Benjamin pinned Charlie Haas with a spin kick as Haas held the opposite leg; after the bout, the two hugged"
extra_name,keep,2004-03-18,SmackDown,WWE SmackDown #240,381,4033,3,Shelton Benjamin,,Rey Mysterio defeats Billy Gunn and Charlie Haas and Shelton Benjamin and The Big Show (22:37),"Shelton Benjamin pinned Charlie Haas with a spin kick as Haas held the opposite leg; after the bout, the two hugged"
extra_name,keep,2004-06-07,Raw,WWE RAW #576,406,4172,5,Kane,,Kane & La Resistance ( Rob Conway & Sylvain Grenier ) defeat Chris Benoit & Edge (3:54),"WWE Raw Tag Team Champions Rob Conway & Sylvian Grenier defeated the Hurricane & Rosey in a non-title flag match at 3:39 when Grenier pinned Rosey after Conway tripped Rosey as he attempted a suplex into the ring; due to prematch stipulations, the Montreal flag was flown above the American flag as Grenier sang the Canadian National Anthem in French"
extra_name,split,2004-06-10,SmackDown,WWE SmackDown #252,407,4177,3,Booker T,,John Cena defeats Booker T and Rene Dupree and Rob Van Dam,"WWE US Champion John Cena pinned Rene Dupree at 5:44 with the FU; the bout originally ran to the 5-minute limit but Smackdown! GM Kurt Angle gave in to Dupree's request to grant him an additional 5 minutes; had Dupree pinned Cena, he would have earned a US title shot for the Great American Bash; after the contest, Booker T attacked Cena which later brought out RVD to make the save; moments thereafter, Kurt Angle scheduled a 4-way match for the Great American Bash involving all the participants; after clearing the ring, RVD and Cena had a confrontation with RVD dropping the champion to the mat"
extra_name,split,2004-06-10,SmackDown,WWE SmackDown #252,407,4177,3,Rob Van Dam,,John Cena defeats Booker T and Rene Dupree and Rob Van Dam,"WWE US Champion John Cena pinned Rene Dupree at 5:44 with the FU; the bout originally ran to the 5-minute limit but Smackdown! GM Kurt Angle gave in to Dupree's request to grant him an additional 5 minutes; had Dupree pinned Cena, he would have earned a US title shot for the Great American Bash; after the contest, Booker T attacked Cena which later brought out RVD to make the save; moments thereafter, Kurt Angle scheduled a 4-way match for the Great American Bash involving all the participants; after clearing the ring, RVD and Cena had a confrontation with RVD dropping the champion to the mat"
extra_name,split,2004-12-12,PPV,WWE Armageddon 2004,467,4489,6,Luther Reigns,,"The Big Show defeats Kurt Angle , Luther Reigns & Mark Jindrak (10:02)",Kurt Angle defeated Santa Claus via submission with the ankle lock at the 27-second mark in an unscheduled bout
extra_name,split,2004-12-12,PPV,WWE Armageddon 2004,467,4489,6,Mark Jindrak,,"The Big Show defeats Kurt Angle , Luther Reigns & Mark Jindrak (10:02)",Kurt Angle defeated Santa Claus via submission with the ankle lock at the 27-second mark in an unscheduled bout
extra_name,fix_lineup,2005-06-09,SmackDown,WWE SmackDown #304 - Draft 2005,526,7844,5,Balls Mahoney,,"Chris Benoit (w/ Axl Rotten , Balls Mahoney , Bubba Ray Dudley , D-Von Dudley , Paul Heyman , Rhyno , Tazz , The Sandman & Tommy Dreamer ) vs. John Bradshaw Layfield (w/ Carlito Caribbean Cool , Danny Basham , Doug Basham , Kurt Angle , Matt Morgan & Orlando Jordan ) - No Contest (12:30)","Chris Benoit defeated John Bradshaw Layfield (w/ WWE US Champion Orlando Jordan, Doug & Danny Basham) via disqualification at 13:09 when Kurt Angle interfered as JBL was trapped in the Crippler Crossface; prior to the bout, Paul Heyman, the Dudley Boyz, Tommy Dreamer, Rhyno, and the Sandman came ringside, with Heyman doing guest commentary alongside Michael Cole; mid-way through the bout, Carlito Caribbean Cool and Matt Morgan came out to be in JBL's corner; after the bout, the ECW and WWE contingents battled in the ring with Tazz, his head bandaged, Balls Mahoney, and Axl Rotten coming out to join the ECW group clear the ring"
extra_name,fix_lineup,2005-06-09,SmackDown,WWE SmackDown #304 - Draft 2005,526,7844,5,Bubba Ray Dudley,,"Chris Benoit (w/ Axl Rotten , Balls Mahoney , Bubba Ray Dudley , D-Von Dudley , Paul Heyman , Rhyno , Tazz , The Sandman & Tommy Dreamer ) vs. John Bradshaw Layfield (w/ Carlito Caribbean Cool , Danny Basham , Doug Basham , Kurt Angle , Matt Morgan & Orlando Jordan ) - No Contest (12:30)","Chris Benoit defeated John Bradshaw Layfield (w/ WWE US Champion Orlando Jordan, Doug & Danny Basham) via disqualification at 13:09 when Kurt Angle interfered as JBL was trapped in the Crippler Crossface; prior to the bout, Paul Heyman, the Dudley Boyz, Tommy Dreamer, Rhyno, and the Sandman came ringside, with Heyman doing guest commentary alongside Michael Cole; mid-way through the bout, Carlito Caribbean Cool and Matt Morgan came out to be in JBL's corner; after the bout, the ECW and WWE contingents battled in the ring with Tazz, his head bandaged, Balls Mahoney, and Axl Rotten coming out to join the ECW group clear the ring"
extra_name,keep,2005-10-14,SmackDown,WWE Friday Night SmackDown #322,568,8073,2,Psicosis,,"The Legion Of Doom ( Heidenreich & Road Warrior Animal ) & The Mexicools ( Psicosis & Super Crazy ) (w/ Christy Hemme & Juventud ) defeat MNM ( Mercury & Nitro ), Paul Burchill & William Regal (w/ Melina ) (5:08)","Psychosis, Super Crazy, WWE Smackdown! Tag Team Champions Road Warrior Animal & John Heidenreich defeated William Regal, Paul Birchill, Johnny Nitro, & Joey Mercury (w/ Melina); after the bout, Crazy & Psychosis were assaulted by two unknowns (the surprise debut of John & Chad Toland)"
extra_name,fix_lineup,2005-10-24,Raw,WWE Monday Night RAW #648,571,8090,4,Gregory Helms,,Lance Cade & Trevor Murdoch defeat Gregory Helms & Rosey (3:30),"WWE Raw Tag Team Champions Lance Cade & Trevor Murdoch defeated Rosey in a non-title handicap match when Murdcoch scored the pin at 3:12 after a lariat / clip to the knee double team; Hurricane was scheduled to be Rosey's partner but did not appear after the two had an altercation the previous week; during the bout, Hurricane appeared at the entrance stage in street clothes and it was noted he now wished to be known as Gregory Helms"
extra_name,keep,2006-02-20,Raw,WWE Monday Night RAW #665,611,8318,1,Maria,,Candice Michelle defeats Ashley and Maria and Mickie James and Torrie Wilson and Victoria (3:50),"Candice Michelle defeated Ashley, Victoria, Ashley, Torrie Wilson, and Mickie James in a battle royal; Torrie by Victoria via a shove as Torrie stood on the apron at 1:30; Victoria by Ashley & Maria at 2:29; Maria by Mickie after a kick and being shoved out the middle rope at 2:57; Mickie & Ashley by Candice at 3:51 as Mickie attempted to eliminate Ashley with a headscissors; due to pre-match stipulations, Candice became the #1 contender to the women's title and earned a title shot for the following week; after the bout, Candice cut an in-ring promo on WWE Women's Champion Trish Stratus, who watched the match from the stage, and said she would soon have the title; moments later, Edge & Lita interrupted, intimidated Candice from ringside, with Edge then cutting a promo on his loss the previous week, saying it was Mick Foley's fault; Edge then said Jim Duggan had accepted a challenge to a match"
extra_name,keep,2006-02-20,Raw,WWE Monday Night RAW #665,611,8322,5,Kenny,,"Shawn Michaels defeats The Spirit Squad ( Johnny , Kenny , Mikey & Nicky ) (w/ Mitch ) by DQ (3:50)","Shawn Michaels defeated Nicky, (w/ Mitch) via disqualification in a handicap match at 5:39 when all five members of the Spirit Squad attacked Michaels; moments later, Marty Jannetty helped make the save and cleared the Spirit Squad from the ring"
extra_name,keep,2006-02-20,Raw,WWE Monday Night RAW #665,611,8322,5,Johnny,,"Shawn Michaels defeats The Spirit Squad ( Johnny , Kenny , Mikey & Nicky ) (w/ Mitch ) by DQ (3:50)","Shawn Michaels defeated Nicky, (w/ Mitch) via disqualification in a handicap match at 5:39 when all five members of the Spirit Squad attacked Michaels; moments later, Marty Jannetty helped make the save and cleared the Spirit Squad from the ring"
extra_name,keep,2006-02-20,Raw,WWE Monday Night RAW #665,611,8322,5,Mikey,,"Shawn Michaels defeats The Spirit Squad ( Johnny , Kenny , Mikey & Nicky ) (w/ Mitch ) by DQ (3:50)","Shawn Michaels defeated Nicky, (w/ Mitch) via disqualification in a handicap match at 5:39 when all five members of the Spirit Squad attacked Michaels; moments later, Marty Jannetty helped make the save and cleared the Spirit Squad from the ring"
extra_name,keep,2006-05-08,Raw,WWE Monday Night RAW #676,635,8464,3,Edge,,Edge (w/ Lita ) and Mick Foley defeat Tommy Dreamer (2:18),"Mick Foley defeated Edge (w/ Lita) and Tommy Dreamer in a hardcore match at 2:19 when both he and Edge covered Dreamer following a Mandible Claw from Foley and the spear from Edge; prior to the bout, Foley said Edge agreed to any match Foley wanted and Foley wanted a triple threat match; he then introduced Tommy Dreamer as the third participant; Foley and Edge spent the entirety of the match double teaming Dreamer with a baseball bat wrapped in barbed wire causing him to bleed profusely; after the contest, Foley and Edge shook hands before leaving the ring with Lita"
extra_name,keep,2006-06-19,Raw,WWE Monday Night RAW #682,649,8553,6,Shelton Benjamin,,Johnny Nitro & Shelton Benjamin (w/ Melina ) defeat Carlito (2:50),"Johnny Nitro (w/ Melina) defeated WWE IC Champion Shelton Benjamin and Carlito Caribbean Cool in a non-title match by pinning Carlito with a roll over and grabbing the tights for leverage at 2:50; after the bout, Benjamin attempted to attack Carlito but ended up sustaining the Back Cracker"
extra_name,keep,2006-07-31,Raw,WWE Monday Night RAW #688,663,8643,2,Victoria,,Candice Michelle & Trish Stratus defeat Mickie James & Victoria (4:24),"Trish Stratus & Candice Michelle defeated WWE Women's Champion Mickie James & Candice Michelle at 4:15 when Trish pinned Mickie with the Stratusfaction; Torrie Wilson was the guest referee for the bout; prior to the bout, footage was shown of Torrie's photo shoot for the cover of FHM"
extra_name,keep,2006-09-11,Raw,WWE Monday Night RAW #694,676,8735,4,John Cena,,"Carlito , Jeff Hardy & John Cena defeat Edge , Johnny Nitro & Randy Orton (w/ Lita & Melina ) (17:47)","Jeff Hardy defeated WWE IC Champion Johnny Nitro (w/ Melina) via disqualification at 12:18 when Melina prevented referee Jack Doane from counting Hardy's cover following the Twist of Fate; after the bout, Hardy hit the Swanton on the champion"
extra_name,keep,2006-09-11,Raw,WWE Monday Night RAW #694,676,8735,4,Carlito,,"Carlito , Jeff Hardy & John Cena defeat Edge , Johnny Nitro & Randy Orton (w/ Lita & Melina ) (17:47)","Jeff Hardy defeated WWE IC Champion Johnny Nitro (w/ Melina) via disqualification at 12:18 when Melina prevented referee Jack Doane from counting Hardy's cover following the Twist of Fate; after the bout, Hardy hit the Swanton on the champion"
extra_name,keep,2006-09-11,Raw,WWE Monday Night RAW #694,676,8735,4,Randy Orton,,"Carlito , Jeff Hardy & John Cena defeat Edge , Johnny Nitro & Randy Orton (w/ Lita & Melina ) (17:47)","Jeff Hardy defeated WWE IC Champion Johnny Nitro (w/ Melina) via disqualification at 12:18 when Melina prevented referee Jack Doane from counting Hardy's cover following the Twist of Fate; after the bout, Hardy hit the Swanton on the champion"
extra_name,keep,2006-09-11,Raw,WWE Monday Night RAW #694,676,8735,4,Edge,,"Carlito , Jeff Hardy & John Cena defeat Edge , Johnny Nitro & Randy Orton (w/ Lita & Melina ) (17:47)","Jeff Hardy defeated WWE IC Champion Johnny Nitro (w/ Melina) via disqualification at 12:18 when Melina prevented referee Jack Doane from counting Hardy's cover following the Twist of Fate; after the bout, Hardy hit the Swanton on the champion"
extra_name,split,2007-01-07,PPV,WWE New Year's Revolution 2007,715,9007,3,Trevor Murdoch,,Cryme Tyme ( JTG & Shad ) defeat Jim Duggan & Super Crazy and Lance Cade & Trevor Murdoch and The Highlanders ( Robbie McAllister & Rory McAllister ) and World's Greatest Tag Team ( Charlie Haas & Shelton Benjamin ) (19:11),"Cryme Tyme defeated Shelton Benjamin & Charlie Haas, Robbie & Rory McAllister, and Super Crazy & Jim Duggan in an unadvertised tag team turmoil match at 19:12; Haas & Benjamin defeated the Highlanders at 5:04 when Benjamin pinned Robbie with a superplex; Haas & Benjamin defeated Crazy & Duggan at 7:59 when Haas pinned Crazy with a German suplex into a bridge; Cade & Murdoch defeated Haas & Benjamin at 12:30 when Murdoch pinned Haas after Cade hit an elbow drop off the top behind the referee's back as Haas had Murdoch caught in the Haas of Pain; Cryme Tyme defeated Cade & Murdoch when Shad pinned Cade following the G9 after avoiding the High Low; due to pre-match stipulations, Cryme Tyme earned a future WWE Raw Tag Team Title shot"
extra_name,split,2007-01-07,PPV,WWE New Year's Revolution 2007,715,9007,3,Lance Cade,,Cryme Tyme ( JTG & Shad ) defeat Jim Duggan & Super Crazy and Lance Cade & Trevor Murdoch and The Highlanders ( Robbie McAllister & Rory McAllister ) and World's Greatest Tag Team ( Charlie Haas & Shelton Benjamin ) (19:11),"Cryme Tyme defeated Shelton Benjamin & Charlie Haas, Robbie & Rory McAllister, and Super Crazy & Jim Duggan in an unadvertised tag team turmoil match at 19:12; Haas & Benjamin defeated the Highlanders at 5:04 when Benjamin pinned Robbie with a superplex; Haas & Benjamin defeated Crazy & Duggan at 7:59 when Haas pinned Crazy with a German suplex into a bridge; Cade & Murdoch defeated Haas & Benjamin at 12:30 when Murdoch pinned Haas after Cade hit an elbow drop off the top behind the referee's back as Haas had Murdoch caught in the Haas of Pain; Cryme Tyme defeated Cade & Murdoch when Shad pinned Cade following the G9 after avoiding the High Low; due to pre-match stipulations, Cryme Tyme earned a future WWE Raw Tag Team Title shot"
extra_name,fix_lineup,2007-03-23,SmackDown,WWE Friday Night SmackDown #396,739,9162,7,Batista,,Batista & The Undertaker defeat Finlay & King Booker by DQ (13:14),"The Undertaker defeated Booker T (w/ Sharmell) & Finlay via disqualification in a handicap match at 11:46 when Finlay hit Taker with his shallalagh as Taker attempted to hit the chokeslam on both men; the match was scheduled as a tag team match with World Heavyweight Champion Batista as Taker's partner but Batista was unable to compete due to the backstage attack he sustained from Booker & Finlay earlier in the show; after the bout, Batista made the save for Taker, with Batista setting Booker up for the powerbomb as Taker set up Finlay for his own; moments later, Batista threw Booker into Taker as Taker attempted to powerbomb Finlay, knocking Taker to the mat; Taker and Batista stared at each other as the show came to a close"
extra_name,keep,2008-02-08,SmackDown,WWE Friday Night SmackDown #442,843,9860,5,Montel Vontavious Porter,,"Batista , Finlay & The Undertaker (w/ Hornswoggle ) vs. Big Daddy V , Montel Vontavious Porter & The Great Khali (w/ Matt Striker & Ranjin Singh ) - No Contest (14:30)","The Undertaker, Batista, & Finlay (w/ Hornswoggle) fought the Great Khali (w/ Runjin Singh), WWE US Champion MVP, & Big Daddy V (w/ Matt Striker) to a no contest at around the 17-minute mark after Finlay hit Khali with the shillalagh and the babyfaces cleared the heels from the ring; the broadcast ended with Batista, Finlay, and Taker in the ring in a three-way staredown (the bout began during the commercial break)"
extra_name,keep,2008-02-08,SmackDown,WWE Friday Night SmackDown #442,843,9860,5,Big Daddy V,,"Batista , Finlay & The Undertaker (w/ Hornswoggle ) vs. Big Daddy V , Montel Vontavious Porter & The Great Khali (w/ Matt Striker & Ranjin Singh ) - No Contest (14:30)","The Undertaker, Batista, & Finlay (w/ Hornswoggle) fought the Great Khali (w/ Runjin Singh), WWE US Champion MVP, & Big Daddy V (w/ Matt Striker) to a no contest at around the 17-minute mark after Finlay hit Khali with the shillalagh and the babyfaces cleared the heels from the ring; the broadcast ended with Batista, Finlay, and Taker in the ring in a three-way staredown (the bout began during the commercial break)"
extra_name,split,2008-04-27,PPV,WWE Backlash 2008,867,10021,6,Maria,,"Beth Phoenix , Jillian Hall , Layla , Melina , Natalya & Victoria defeat Ashley , Cherry , Kelly Kelly , Maria , Michelle McCool & Mickie James (6:25)","Beth Phoenix, Jillian Hall, Melina, Layla, Victoria, & Natalya Neidhart defeated WWE Women's Champion Mickie James, Michelle McCool, Kelly Kelly, Ashley, & Cherry at 6:31 when Phoenix pinned Ashley with the cradle suplex after Ashley knocked Layla to the floor"
extra_name,keep,2008-05-05,Raw,WWE Monday Night RAW #780,870,10043,6,Nunzio,,"Bam Neely , Chavo Guerrero , CM Punk , Elijah Burke , John Morrison , Kane , Kofi Kingston , Matt Striker , Mike Knox , Nunzio , Shelton Benjamin , Stevie Richards , The Miz & Tommy Dreamer defeat Mr. Kennedy & Triple H (5:43)","ECW World Champion Kane, CM Punk, WWE Smackdown! Tag Team Champions John Morrison & Mike Mizanin, Kofi Kingston, Mike Knox, Stevie Richards, Tommy Dreamer, Shelton Benjamin, Elijah Burke, Matt Striker, Chavo Guerrero Jr., Bam Neely defeated WWE World Champion Triple H & Ken Kennedy in a handicap match at 5:45 when Guerrero pinned Kennedy with the frog splash after Kane and Neely began fighting on the floor; after the bout, several ECW wrestlers began fighting amongst themselves, with Triple H laying out the rest with a steel chair; moments later, the lights went out in the arena; when they came back on, Randy Orton was in the ring and dropped Triple H with the RKO"
extra_name,keep,2008-06-06,SmackDown,WWE Friday Night SmackDown #459,880,10116,5,Kelly Kelly,,Natalya defeats Cherry and Kelly Kelly and Layla and Maryse and Michelle McCool and Victoria (2:25),"Natalya defeated Cherry, Maryse, Victoria, Layla, and Michelle McCool in a Golden Star on a pole match at 2:25 after knocking Victoria and Michelle off the turnbuckle; pre-match stipulations stated the winner would be one of the two women to compete for the newly-created Smackdown! Women's Title"
extra_name,split,2008-09-07,PPV,WWE Unforgiven 2008,910,10346,7,John Bradshaw Layfield,,Chris Jericho defeats Batista and John Bradshaw Layfield and Kane and Rey Mysterio (20:00) - TITLE CHANGE !!!,"Chris Jericho (sub. for World Heavyweight Champion CM Punk) defeated Batista, Kane, and Rey Mysterio Jr. in a Championship Scramble to win the title at 17:18; order of entry: Batista (0:00); JBL (0:00); Kane (4:28); Mysterio (8:18); Jericho (13:07); decisions: Kane pinned JBL with the chokeslam (7:22); Batista pinned Kane with a spinebuster (16:41); Jericho pinned Kane as Batista fought with Mysterio (17:09)"
extra_name,keep,2008-10-13,Raw,WWE Monday Night RAW #803,922,10427,4,Shad,,"Cryme Tyme ( JTG & Shad ) & Kelly Kelly defeat Jillian Hall , John Morrison & The Miz (3:19)","Cryme Tyme & Kelly Kelly defeated John Morrison, Mike Mizanin, & Jillian Hall at 3:20 when Shad pinned Morrison with a reverse Russian legsweep after JTG hit Morrison in the head with a Mighty Ducks goalie mask; prior to the bout, Morrison & Mizanin cut an in-ring rap, with Jillian singing in-between their verses"
extra_name,keep,2008-10-13,Raw,WWE Monday Night RAW #803,922,10427,4,JTG,,"Cryme Tyme ( JTG & Shad ) & Kelly Kelly defeat Jillian Hall , John Morrison & The Miz (3:19)","Cryme Tyme & Kelly Kelly defeated John Morrison, Mike Mizanin, & Jillian Hall at 3:20 when Shad pinned Morrison with a reverse Russian legsweep after JTG hit Morrison in the head with a Mighty Ducks goalie mask; prior to the bout, Morrison & Mizanin cut an in-ring rap, with Jillian singing in-between their verses"
extra_name,fix_lineup,2008-11-14,SmackDown,WWE Friday Night SmackDown #482,932,10505,1,R-Truth,,Matt Hardy & R-Truth defeat Mark Henry & Shelton Benjamin (12:28),"ECW World Champion Matt Hardy pinned WWE US Champion Shelton Benjamin in a non-title match at 14:08 with the Twist of Fate; prior to the bout, it was announced Batista, Hardy, R Truth, WWE Raw Tag Team Champions CM Punk & Kofi Kingston would face Randy Orton, Benjamin, Mark Henry, WWE IC Champion William Regal, & Cody Rhodes in an elimination match at Survivor Series; during Benjamin's entrance, Hurricane Helms cut an insert promo stating Benjamin looked like the love child of Butch Reed and Gary Coleman"
extra_name,fix_lineup,2008-11-14,SmackDown,WWE Friday Night SmackDown #482,932,10505,1,Mark Henry,,Matt Hardy & R-Truth defeat Mark Henry & Shelton Benjamin (12:28),"ECW World Champion Matt Hardy pinned WWE US Champion Shelton Benjamin in a non-title match at 14:08 with the Twist of Fate; prior to the bout, it was announced Batista, Hardy, R Truth, WWE Raw Tag Team Champions CM Punk & Kofi Kingston would face Randy Orton, Benjamin, Mark Henry, WWE IC Champion William Regal, & Cody Rhodes in an elimination match at Survivor Series; during Benjamin's entrance, Hurricane Helms cut an insert promo stating Benjamin looked like the love child of Butch Reed and Gary Coleman"
extra_name,fix_lineup,2008-11-14,SmackDown,WWE Friday Night SmackDown #482,932,10508,4,Ezekiel Jackson,,Ezekiel Jackson & The Brian Kendrick defeat Carlito & Primo (3:42),The Brian Kendrick (w/ Ezikial Jackson) pinned WWE Smackdown! Tag Team Champion Carlito (w/ WWE Smackdown! Tag Team Champion Primo Colon) at 5:50 with The Kendrick after Carlito became distracted by Jackson attacking Primo on the floor
extra_name,fix_lineup,2008-11-14,SmackDown,WWE Friday Night SmackDown #482,932,10508,4,Primo,,Ezekiel Jackson & The Brian Kendrick defeat Carlito & Primo (3:42),The Brian Kendrick (w/ Ezikial Jackson) pinned WWE Smackdown! Tag Team Champion Carlito (w/ WWE Smackdown! Tag Team Champion Primo Colon) at 5:50 with The Kendrick after Carlito became distracted by Jackson attacking Primo on the floor
extra_name,split,2008-11-28,SmackDown,WWE Friday Night SmackDown #484,936,10539,4,Curt Hawkins,,John Morrison & The Miz defeat Curt Hawkins & Zack Ryder and Jeff Hardy & Triple H (9:00),Beat the Clock Challenge : Jeff Hardy pinned The Brian Kendrick (w/ Ezikial Jackson) at 12:13 with an overhead wheelbarrow slam and the Swanton after knocking Jackson off the apron
extra_name,split,2008-11-28,SmackDown,WWE Friday Night SmackDown #484,936,10539,4,Triple H,,John Morrison & The Miz defeat Curt Hawkins & Zack Ryder and Jeff Hardy & Triple H (9:00),Beat the Clock Challenge : Jeff Hardy pinned The Brian Kendrick (w/ Ezikial Jackson) at 12:13 with an overhead wheelbarrow slam and the Swanton after knocking Jackson off the apron
extra_name,split,2008-11-28,SmackDown,WWE Friday Night SmackDown #484,936,10539,4,Zack Ryder,,John Morrison & The Miz defeat Curt Hawkins & Zack Ryder and Jeff Hardy & Triple H (9:00),Beat the Clock Challenge : Jeff Hardy pinned The Brian Kendrick (w/ Ezikial Jackson) at 12:13 with an overhead wheelbarrow slam and the Swanton after knocking Jackson off the apron
extra_name,split,2009-01-16,SmackDown,WWE Friday Night SmackDown #491,949,11408,3,Natalya,,Michelle McCool & Natalya defeat The Bella Twins ( Brie Bella & Nikki Bella ) by DQ (0:45),Michelle McCool defeated Victoria (Victoria's last match)
extra_name,split,2009-01-16,SmackDown,WWE Friday Night SmackDown #491,949,11411,6,Vladimir Kozlov,,The Big Show & Vladimir Kozlov defeat Triple H (13:46),MVP defeated the Big Show in a last man standing match after Triple H interfered
extra_name,fix_lineup,2009-01-30,SmackDown,WWE Friday Night SmackDown #493,953,11439,2,Montel Vontavious Porter,,Vladimir Kozlov defeats Carlito and Chavo Guerrero and Curt Hawkins and Jesse and Kizarny and Kung Fu Naki and Montel Vontavious Porter and Primo and R-Truth and Scotty Goldman and Shelton Benjamin and The Brian Kendrick and The Great Khali and Zack Ryder (9:27),"R Truth pinned The Brian Kendrick with the scissors kick at 2:14; prior to the bout, Ezikial Jackson escorted Kendrick ringside but was ejected by the referee before the contest began"
extra_name,fix_lineup,2009-01-30,SmackDown,WWE Friday Night SmackDown #493,953,11439,2,Curt Hawkins,,Vladimir Kozlov defeats Carlito and Chavo Guerrero and Curt Hawkins and Jesse and Kizarny and Kung Fu Naki and Montel Vontavious Porter and Primo and R-Truth and Scotty Goldman and Shelton Benjamin and The Brian Kendrick and The Great Khali and Zack Ryder (9:27),"R Truth pinned The Brian Kendrick with the scissors kick at 2:14; prior to the bout, Ezikial Jackson escorted Kendrick ringside but was ejected by the referee before the contest began"
extra_name,fix_lineup,2009-01-30,SmackDown,WWE Friday Night SmackDown #493,953,11439,2,Kung Fu Naki,,Vladimir Kozlov defeats Carlito and Chavo Guerrero and Curt Hawkins and Jesse and Kizarny and Kung Fu Naki and Montel Vontavious Porter and Primo and R-Truth and Scotty Goldman and Shelton Benjamin and The Brian Kendrick and The Great Khali and Zack Ryder (9:27),"R Truth pinned The Brian Kendrick with the scissors kick at 2:14; prior to the bout, Ezikial Jackson escorted Kendrick ringside but was ejected by the referee before the contest began"
extra_name,fix_lineup,2009-01-30,SmackDown,WWE Friday Night SmackDown #493,953,11439,2,Jesse,,Vladimir Kozlov defeats Carlito and Chavo Guerrero and Curt Hawkins and Jesse and Kizarny and Kung Fu Naki and Montel Vontavious Porter and Primo and R-Truth and Scotty Goldman and Shelton Benjamin and The Brian Kendrick and The Great Khali and Zack Ryder (9:27),"R Truth pinned The Brian Kendrick with the scissors kick at 2:14; prior to the bout, Ezikial Jackson escorted Kendrick ringside but was ejected by the referee before the contest began"
extra_name,fix_lineup,2009-01-30,SmackDown,WWE Friday Night SmackDown #493,953,11439,2,Shelton Benjamin,,Vladimir Kozlov defeats Carlito and Chavo Guerrero and Curt Hawkins and Jesse and Kizarny and Kung Fu Naki and Montel Vontavious Porter and Primo and R-Truth and Scotty Goldman and Shelton Benjamin and The Brian Kendrick and The Great Khali and Zack Ryder (9:27),"R Truth pinned The Brian Kendrick with the scissors kick at 2:14; prior to the bout, Ezikial Jackson escorted Kendrick ringside but was ejected by the referee before the contest began"
extra_name,fix_lineup,2009-01-30,SmackDown,WWE Friday Night SmackDown #493,953,11439,2,Kizarny,,Vladimir Kozlov defeats Carlito and Chavo Guerrero and Curt Hawkins and Jesse and Kizarny and Kung Fu Naki and Montel Vontavious Porter and Primo and R-Truth and Scotty Goldman and Shelton Benjamin and The Brian Kendrick and The Great Khali and Zack Ryder (9:27),"R Truth pinned The Brian Kendrick with the scissors kick at 2:14; prior to the bout, Ezikial Jackson escorted Kendrick ringside but was ejected by the referee before the contest began"
extra_name,fix_lineup,2009-01-30,SmackDown,WWE Friday Night SmackDown #493,953,11439,2,Chavo Guerrero,,Vladimir Kozlov defeats Carlito and Chavo Guerrero and Curt Hawkins and Jesse and Kizarny and Kung Fu Naki and Montel Vontavious Porter and Primo and R-Truth and Scotty Goldman and Shelton Benjamin and The Brian Kendrick and The Great Khali and Zack Ryder (9:27),"R Truth pinned The Brian Kendrick with the scissors kick at 2:14; prior to the bout, Ezikial Jackson escorted Kendrick ringside but was ejected by the referee before the contest began"
extra_name,fix_lineup,2009-01-30,SmackDown,WWE Friday Night SmackDown #493,953,11439,2,R-Truth,,Vladimir Kozlov defeats Carlito and Chavo Guerrero and Curt Hawkins and Jesse and Kizarny and Kung Fu Naki and Montel Vontavious Porter and Primo and R-Truth and Scotty Goldman and Shelton Benjamin and The Brian Kendrick and The Great Khali and Zack Ryder (9:27),"R Truth pinned The Brian Kendrick with the scissors kick at 2:14; prior to the bout, Ezikial Jackson escorted Kendrick ringside but was ejected by the referee before the contest began"
extra_name,fix_lineup,2009-01-30,SmackDown,WWE Friday Night SmackDown #493,953,11439,2,Scotty Goldman,,Vladimir Kozlov defeats Carlito and Chavo Guerrero and Curt Hawkins and Jesse and Kizarny and Kung Fu Naki and Montel Vontavious Porter and Primo and R-Truth and Scotty Goldman and Shelton Benjamin and The Brian Kendrick and The Great Khali and Zack Ryder (9:27),"R Truth pinned The Brian Kendrick with the scissors kick at 2:14; prior to the bout, Ezikial Jackson escorted Kendrick ringside but was ejected by the referee before the contest began"
extra_name,fix_lineup,2009-01-30,SmackDown,WWE Friday Night SmackDown #493,953,11439,2,Carlito,,Vladimir Kozlov defeats Carlito and Chavo Guerrero and Curt Hawkins and Jesse and Kizarny and Kung Fu Naki and Montel Vontavious Porter and Primo and R-Truth and Scotty Goldman and Shelton Benjamin and The Brian Kendrick and The Great Khali and Zack Ryder (9:27),"R Truth pinned The Brian Kendrick with the scissors kick at 2:14; prior to the bout, Ezikial Jackson escorted Kendrick ringside but was ejected by the referee before the contest began"
extra_name,fix_lineup,2009-01-30,SmackDown,WWE Friday Night SmackDown #493,953,11439,2,Primo,,Vladimir Kozlov defeats Carlito and Chavo Guerrero and Curt Hawkins and Jesse and Kizarny and Kung Fu Naki and Montel Vontavious Porter and Primo and R-Truth and Scotty Goldman and Shelton Benjamin and The Brian Kendrick and The Great Khali and Zack Ryder (9:27),"R Truth pinned The Brian Kendrick with the scissors kick at 2:14; prior to the bout, Ezikial Jackson escorted Kendrick ringside but was ejected by the referee before the contest began"
extra_name,fix_lineup,2009-01-30,SmackDown,WWE Friday Night SmackDown #493,953,11439,2,Zack Ryder,,Vladimir Kozlov defeats Carlito and Chavo Guerrero and Curt Hawkins and Jesse and Kizarny and Kung Fu Naki and Montel Vontavious Porter and Primo and R-Truth and Scotty Goldman and Shelton Benjamin and The Brian Kendrick and The Great Khali and Zack Ryder (9:27),"R Truth pinned The Brian Kendrick with the scissors kick at 2:14; prior to the bout, Ezikial Jackson escorted Kendrick ringside but was ejected by the referee before the contest began"
extra_name,fix_lineup,2009-01-30,SmackDown,WWE Friday Night SmackDown #493,953,11439,2,The Great Khali,,Vladimir Kozlov defeats Carlito and Chavo Guerrero and Curt Hawkins and Jesse and Kizarny and Kung Fu Naki and Montel Vontavious Porter and Primo and R-Truth and Scotty Goldman and Shelton Benjamin and The Brian Kendrick and The Great Khali and Zack Ryder (9:27),"R Truth pinned The Brian Kendrick with the scissors kick at 2:14; prior to the bout, Ezikial Jackson escorted Kendrick ringside but was ejected by the referee before the contest began"
extra_name,split,2009-01-30,SmackDown,WWE Friday Night SmackDown #493,953,11444,7,Triple H,,The Undertaker & Triple H defeat Edge & The Big Show (15:35),Elimination Chamber Qualifying Match : The Undertaker defeated Mark Henry (w/ Tony Atlas) via submission with the Hell's Gate at 5:25 following a chokeslam
extra_name,split,2009-03-06,SmackDown,WWE Friday Night SmackDown #498,962,11504,4,Michelle McCool,,Maria & Melina defeat Maryse & Michelle McCool (2:45),"WWE Divas Champion Maryse pinned Eve in a non-title match at 3:26 with the DDT after avoiding a crossbody off the top; Michelle McCool provided guest commentary for the match; after the contest, WWE Women's Champion Melina ran out and jumped Maryse until Michelle climbed in the ring and threw Melina into the ringpost"
extra_name,fix_lineup,2009-03-06,SmackDown,WWE Friday Night SmackDown #498,962,11503,3,R-Truth,,Chavo Guerrero & Shelton Benjamin defeat Montel Vontavious Porter & R-Truth (6:03),"Money in the Bank Qualifying Match : MVP pinned Matt Hardy at 7:59 by reversing an attempt at the Twist of Fate into a roll up; prior to the match, Matt cut an in-ring promo on Jeff Hardy not wanting to wrestle him and said once they both win their Money in the Bank qualifying matches then he would finally get his hands on Jeff at WrestleMania"
extra_name,fix_lineup,2009-03-20,SmackDown,WWE Friday Night SmackDown #500,965,11525,1,Kofi Kingston,,"Christian , Finlay , Kane & Shelton Benjamin (w/ Hornswoggle ) defeat CM Punk , Kofi Kingston , Mark Henry & Montel Vontavious Porter (w/ Tony Atlas ) (10:55)",MVP pinned WWE US Champion Shelton Benjamin to win the title at 5:20 with the Playmaker after reversing the Paydirt into a Hot Shot
extra_name,fix_lineup,2009-03-20,SmackDown,WWE Friday Night SmackDown #500,965,11525,1,Mark Henry,,"Christian , Finlay , Kane & Shelton Benjamin (w/ Hornswoggle ) defeat CM Punk , Kofi Kingston , Mark Henry & Montel Vontavious Porter (w/ Tony Atlas ) (10:55)",MVP pinned WWE US Champion Shelton Benjamin to win the title at 5:20 with the Playmaker after reversing the Paydirt into a Hot Shot
extra_name,fix_lineup,2009-03-20,SmackDown,WWE Friday Night SmackDown #500,965,11525,1,CM Punk,,"Christian , Finlay , Kane & Shelton Benjamin (w/ Hornswoggle ) defeat CM Punk , Kofi Kingston , Mark Henry & Montel Vontavious Porter (w/ Tony Atlas ) (10:55)",MVP pinned WWE US Champion Shelton Benjamin to win the title at 5:20 with the Playmaker after reversing the Paydirt into a Hot Shot
extra_name,fix_lineup,2009-03-20,SmackDown,WWE Friday Night SmackDown #500,965,11525,1,Finlay,,"Christian , Finlay , Kane & Shelton Benjamin (w/ Hornswoggle ) defeat CM Punk , Kofi Kingston , Mark Henry & Montel Vontavious Porter (w/ Tony Atlas ) (10:55)",MVP pinned WWE US Champion Shelton Benjamin to win the title at 5:20 with the Playmaker after reversing the Paydirt into a Hot Shot
extra_name,fix_lineup,2009-03-20,SmackDown,WWE Friday Night SmackDown #500,965,11525,1,Christian,,"Christian , Finlay , Kane & Shelton Benjamin (w/ Hornswoggle ) defeat CM Punk , Kofi Kingston , Mark Henry & Montel Vontavious Porter (w/ Tony Atlas ) (10:55)",MVP pinned WWE US Champion Shelton Benjamin to win the title at 5:20 with the Playmaker after reversing the Paydirt into a Hot Shot
extra_name,fix_lineup,2009-03-20,SmackDown,WWE Friday Night SmackDown #500,965,11525,1,Kane,,"Christian , Finlay , Kane & Shelton Benjamin (w/ Hornswoggle ) defeat CM Punk , Kofi Kingston , Mark Henry & Montel Vontavious Porter (w/ Tony Atlas ) (10:55)",MVP pinned WWE US Champion Shelton Benjamin to win the title at 5:20 with the Playmaker after reversing the Paydirt into a Hot Shot
extra_name,keep,2009-03-30,Raw,WWE Monday Night RAW #827,967,11537,1,Michelle McCool,,"Alicia Fox , Brie Bella , Eve Torres , Gail Kim , Kelly Kelly , Maria , Melina , Mickie James & Tiffany defeat Beth Phoenix , Jillian Hall , Katie Lea , Layla , Maryse , Michelle McCool , Natalya , Nikki Bella & Rosa Mendes (1:41)","WWE Women's Champion Melina, Maria, Gail Kim, Eve, Alicia Fox, Brie Bella, Tiffany, Kelly Kelly, & Mickie James defeated WWE Divas Champion Maryse, Jillian Hall, Layla, Nikki Bella, Katie Lea, Natalya Neidhart, Beth Phoenix, & Rosa Mendez at 1:41 when Tiffany pinned Katie Lea with an inside cradle; after the bout, Santino Marella said he wanted to speak to WWE President Jack Tunney about getting into the divas battle royal only to find out Tunney had died; Santino then said he would prove he had what it takes to become Miss WrestleMania and then disrobed, revealing a mankini underneath; Marella then danced to Kid Rock's “So Hot” until nearly all the divas ganged up on him and threw him to the floor; Beth, Rosa, and Santino then left ringside, with Beth covering up Santino"
extra_name,keep,2009-05-04,Raw,WWE Monday Night RAW #832,979,11627,6,Ted DiBiase,,"Legacy ( Cody Rhodes , Randy Orton & Ted DiBiase ) vs. Shane McMahon - No Contest (11:45)","WWE World Champion Randy Orton fought Shane McMahon to a no contest in a non-title match when McMahon came out of the crowd and attacked Orton before the bout, with the two then fighting into the crowd and back to the ring; moments later, Ted Dibiase Jr. & Cody Rhodes attacked McMahon, with WWE US Champion MVP attempting to make the save but being thrown to the floor; Batista then appeared, hit the spear on Rhodes, and cleared the ring; Vickie Guerrero then appeared at the entrance stage and said McMahon would face Orton, as scheduled, later in the night while Batsita would face Dibiase and MVP would face Rhodes; shen then said whomever won their individual matches could legally be in the match when Orton faced McMahon"
extra_name,keep,2009-05-04,Raw,WWE Monday Night RAW #832,979,11627,6,Cody Rhodes,,"Legacy ( Cody Rhodes , Randy Orton & Ted DiBiase ) vs. Shane McMahon - No Contest (11:45)","WWE World Champion Randy Orton fought Shane McMahon to a no contest in a non-title match when McMahon came out of the crowd and attacked Orton before the bout, with the two then fighting into the crowd and back to the ring; moments later, Ted Dibiase Jr. & Cody Rhodes attacked McMahon, with WWE US Champion MVP attempting to make the save but being thrown to the floor; Batista then appeared, hit the spear on Rhodes, and cleared the ring; Vickie Guerrero then appeared at the entrance stage and said McMahon would face Orton, as scheduled, later in the night while Batsita would face Dibiase and MVP would face Rhodes; shen then said whomever won their individual matches could legally be in the match when Orton faced McMahon"
extra_name,keep,2009-05-18,Raw,WWE Monday Night RAW #834,984,11656,3,Santino Marella,,Santino Marella defeats Chavo Guerrero (3:33),"Santino Marella pinned Chavo Guerrero Jr. at 3:36 with a roll over after Guerrero struck his head on the top turnbuckle; after the bout, Guerrero grabbed the mic and said Santina Marella would defend her Miss WrestleMania crown later in the show against Vickie Guerrero"
extra_name,fix_lineup,2009-05-29,SmackDown,WWE Friday Night SmackDown #510,987,11677,6,Rey Mysterio,,Chris Jericho & Edge vs. Jeff Hardy & Rey Mysterio - No Contest,"World Heavyweight Champion Edge & Chris Jericho defeated Jeff Hardy in a handicap match at 5:10 when Edge scored the pin with the spear after Hardy dropped Jericho with the Twist of Fate; prior to the bout, Edge cut an in-ring promo in which he claimed he has dominated ladder matches than anyone else; Jericho initially didn't appear during his ring entrance; WWE IC Champion Rey Mysterio Jr. was scheduled to be Hardy's partner but during Mysterio's entrance, a fan wearing a Mysterio shirt and mask attacked Mysterio from the crowd, revealing himself to be Jericho; as Jericho attempted to tear Mysterio's mask off, Hardy came out to make the save; Mysterio was then helped backstage, forcing Hardy to continue the bout as a handicap match; after the contest, Edge pulled a ladder out from under the ring, hit Hardy in the face with it, and then slammed the ladder onto him as the show came to a close"
extra_name,split,2009-06-29,Raw,WWE Monday Night RAW #840,998,11753,2,Gail Kim,,Gail Kim & Mickie James defeat Alicia Fox & Maryse (3:24),"Mickie James defeated Kelly Kelly, Beth Phoenix, and Rosa Mendes at 6:07 by pinning Mendes with the DDT; stipulations stated the winner would challenge WWE Divas Champion Maryse at Night of Champions; Maryse provided guest commentary for the match; after the contest, Mickie confronted Maryse at the commentary table"
extra_name,fix_lineup,2009-08-31,Raw,WWE Monday Night RAW #849,1017,11896,7,Ted DiBiase,,"D-Generation X ( Shawn Michaels & Triple H ) & John Cena defeat Legacy ( Cody Rhodes , Randy Orton & Ted DiBiase ) (9:00)","Cody Rhodes (w/ Dusty Rhodes) fought WWE World Champion Randy Orton to a no contest when, prior to the bout, Dusty took the mic and told guest referee John Cena that he was sorry, with Orton and Cody then double teaming Cena; following Orton's entrance, the challenger was shown backstage getting a pep talk from his father; moments later, Ted Dibiase Jr. ran in the ring and dropped Cena with Dream Street, with all three men then assaulting Cena; Triple H & Shawn Michaels then ran in to make the save, with Dusty taking off his cowboy boot and hitting Triple H in the head and Cody dropping Michaels with Crossroads; moments later, Orton, Cody, Dusty, and Dibiase raised their arms in victory before Orton dropped Dusty with a RKO; the show then ended with Cody and Orton staring at each other"
extra_name,fix_lineup,2009-08-31,Raw,WWE Monday Night RAW #849,1017,11896,7,Cody Rhodes,,"D-Generation X ( Shawn Michaels & Triple H ) & John Cena defeat Legacy ( Cody Rhodes , Randy Orton & Ted DiBiase ) (9:00)","Cody Rhodes (w/ Dusty Rhodes) fought WWE World Champion Randy Orton to a no contest when, prior to the bout, Dusty took the mic and told guest referee John Cena that he was sorry, with Orton and Cody then double teaming Cena; following Orton's entrance, the challenger was shown backstage getting a pep talk from his father; moments later, Ted Dibiase Jr. ran in the ring and dropped Cena with Dream Street, with all three men then assaulting Cena; Triple H & Shawn Michaels then ran in to make the save, with Dusty taking off his cowboy boot and hitting Triple H in the head and Cody dropping Michaels with Crossroads; moments later, Orton, Cody, Dusty, and Dibiase raised their arms in victory before Orton dropped Dusty with a RKO; the show then ended with Cody and Orton staring at each other"
extra_name,keep,2009-09-28,Raw,WWE Monday Night RAW #853,1026,11953,5,Randy Orton,,"John Cena vs. Chris Jericho , Randy Orton & The Big Show - No Contest",Gauntlet Match #1 : WWE World Champion John Cena defeated WWE Unified Tag Team Champion Chris Jericho via disqualification in a non-title match when Jericho refused to break the Walls of Jericho at 3:21 after Cena reached the ropes; Jericho kept the hold applied until the Big Show arrived for the second match
extra_name,keep,2009-09-28,Raw,WWE Monday Night RAW #853,1026,11953,5,The Big Show,,"John Cena vs. Chris Jericho , Randy Orton & The Big Show - No Contest",Gauntlet Match #1 : WWE World Champion John Cena defeated WWE Unified Tag Team Champion Chris Jericho via disqualification in a non-title match when Jericho refused to break the Walls of Jericho at 3:21 after Cena reached the ropes; Jericho kept the hold applied until the Big Show arrived for the second match
extra_name,split,2010-03-08,Raw,WWE Monday Night RAW #876,1078,12288,5,Jack Swagger,,"Batista , Drew McIntyre , Jack Swagger , Mark Henry , Vince McMahon & Vladimir Kozlov defeat John Cena (11:21)","Vince McMahon pinned John Cena in a No DQ handicap gauntlet match at 11:20; Criss Angel served as the guest ring announcer for the match; following his entrance, McMahon took the mic and said he wanted to make sure Bret Hart was sitting at home watching the bout and that McMahon would pin Cena; McMahon then said the match – previously scheduled as a singles match – would now be a handicap gauntlet match; Vladimir Kozlov interfered on behalf of McMahon to start the match, with WWE IC Champion Drew McIntyre coming in at the minute mark, Jack Swagger following a minute later, Mark Henry coming in at the 6-minute mark, and WWE World Champion Batista arriving during the final moments; the No DQ stipulation was not mentioned until McMahon took the mic late in the match and added the stipulation; upon coming out late in the match, Batista laid out Henry with a spear and knocked him to the floor after Henry refused to assault Cena with the timekeeper's bell; moments later, Kofi Kingston attempted to make the save but sustained the sit-down powerbomb; Batista then hit the spear and powerbomb on Cena as Cena attempted the FU on McMahon; the show ended with Batista standing over Cena's body"
extra_name,split,2010-03-08,Raw,WWE Monday Night RAW #876,1078,12288,5,Batista,,"Batista , Drew McIntyre , Jack Swagger , Mark Henry , Vince McMahon & Vladimir Kozlov defeat John Cena (11:21)","Vince McMahon pinned John Cena in a No DQ handicap gauntlet match at 11:20; Criss Angel served as the guest ring announcer for the match; following his entrance, McMahon took the mic and said he wanted to make sure Bret Hart was sitting at home watching the bout and that McMahon would pin Cena; McMahon then said the match – previously scheduled as a singles match – would now be a handicap gauntlet match; Vladimir Kozlov interfered on behalf of McMahon to start the match, with WWE IC Champion Drew McIntyre coming in at the minute mark, Jack Swagger following a minute later, Mark Henry coming in at the 6-minute mark, and WWE World Champion Batista arriving during the final moments; the No DQ stipulation was not mentioned until McMahon took the mic late in the match and added the stipulation; upon coming out late in the match, Batista laid out Henry with a spear and knocked him to the floor after Henry refused to assault Cena with the timekeeper's bell; moments later, Kofi Kingston attempted to make the save but sustained the sit-down powerbomb; Batista then hit the spear and powerbomb on Cena as Cena attempted the FU on McMahon; the show ended with Batista standing over Cena's body"
extra_name,split,2010-03-08,Raw,WWE Monday Night RAW #876,1078,12288,5,Vladimir Kozlov,,"Batista , Drew McIntyre , Jack Swagger , Mark Henry , Vince McMahon & Vladimir Kozlov defeat John Cena (11:21)","Vince McMahon pinned John Cena in a No DQ handicap gauntlet match at 11:20; Criss Angel served as the guest ring announcer for the match; following his entrance, McMahon took the mic and said he wanted to make sure Bret Hart was sitting at home watching the bout and that McMahon would pin Cena; McMahon then said the match – previously scheduled as a singles match – would now be a handicap gauntlet match; Vladimir Kozlov interfered on behalf of McMahon to start the match, with WWE IC Champion Drew McIntyre coming in at the minute mark, Jack Swagger following a minute later, Mark Henry coming in at the 6-minute mark, and WWE World Champion Batista arriving during the final moments; the No DQ stipulation was not mentioned until McMahon took the mic late in the match and added the stipulation; upon coming out late in the match, Batista laid out Henry with a spear and knocked him to the floor after Henry refused to assault Cena with the timekeeper's bell; moments later, Kofi Kingston attempted to make the save but sustained the sit-down powerbomb; Batista then hit the spear and powerbomb on Cena as Cena attempted the FU on McMahon; the show ended with Batista standing over Cena's body"
extra_name,split,2010-03-08,Raw,WWE Monday Night RAW #876,1078,12288,5,Drew McIntyre,,"Batista , Drew McIntyre , Jack Swagger , Mark Henry , Vince McMahon & Vladimir Kozlov defeat John Cena (11:21)","Vince McMahon pinned John Cena in a No DQ handicap gauntlet match at 11:20; Criss Angel served as the guest ring announcer for the match; following his entrance, McMahon took the mic and said he wanted to make sure Bret Hart was sitting at home watching the bout and that McMahon would pin Cena; McMahon then said the match – previously scheduled as a singles match – would now be a handicap gauntlet match; Vladimir Kozlov interfered on behalf of McMahon to start the match, with WWE IC Champion Drew McIntyre coming in at the minute mark, Jack Swagger following a minute later, Mark Henry coming in at the 6-minute mark, and WWE World Champion Batista arriving during the final moments; the No DQ stipulation was not mentioned until McMahon took the mic late in the match and added the stipulation; upon coming out late in the match, Batista laid out Henry with a spear and knocked him to the floor after Henry refused to assault Cena with the timekeeper's bell; moments later, Kofi Kingston attempted to make the save but sustained the sit-down powerbomb; Batista then hit the spear and powerbomb on Cena as Cena attempted the FU on McMahon; the show ended with Batista standing over Cena's body"
extra_name,split,2010-03-08,Raw,WWE Monday Night RAW #876,1078,12288,5,Mark Henry,,"Batista , Drew McIntyre , Jack Swagger , Mark Henry , Vince McMahon & Vladimir Kozlov defeat John Cena (11:21)","Vince McMahon pinned John Cena in a No DQ handicap gauntlet match at 11:20; Criss Angel served as the guest ring announcer for the match; following his entrance, McMahon took the mic and said he wanted to make sure Bret Hart was sitting at home watching the bout and that McMahon would pin Cena; McMahon then said the match – previously scheduled as a singles match – would now be a handicap gauntlet match; Vladimir Kozlov interfered on behalf of McMahon to start the match, with WWE IC Champion Drew McIntyre coming in at the minute mark, Jack Swagger following a minute later, Mark Henry coming in at the 6-minute mark, and WWE World Champion Batista arriving during the final moments; the No DQ stipulation was not mentioned until McMahon took the mic late in the match and added the stipulation; upon coming out late in the match, Batista laid out Henry with a spear and knocked him to the floor after Henry refused to assault Cena with the timekeeper's bell; moments later, Kofi Kingston attempted to make the save but sustained the sit-down powerbomb; Batista then hit the spear and powerbomb on Cena as Cena attempted the FU on McMahon; the show ended with Batista standing over Cena's body"
extra_name,split,2010-07-26,Raw,WWE Monday Night RAW #896,1122,12594,2,Jillian,,"Alicia Fox , Jillian & Tamina defeat Eve Torres , Gail Kim & Natalya (2:50)","WWE Divas Champion Alicia Fox pinned Brie Bella (w/ Nikki Bella) in a non-title match at 1:04 with the scissors kick after Jillian Hall came ringside and prevented the Bellas from switching places behind the referee's back; after the match, Jillian took the mic and sang Queen's “We Are the Champions” until Alicia attacked her and dropped her with the scissors kick"
extra_name,split,2010-07-26,Raw,WWE Monday Night RAW #896,1122,12594,2,Tamina,,"Alicia Fox , Jillian & Tamina defeat Eve Torres , Gail Kim & Natalya (2:50)","WWE Divas Champion Alicia Fox pinned Brie Bella (w/ Nikki Bella) in a non-title match at 1:04 with the scissors kick after Jillian Hall came ringside and prevented the Bellas from switching places behind the referee's back; after the match, Jillian took the mic and sang Queen's “We Are the Champions” until Alicia attacked her and dropped her with the scissors kick"
extra_name,fix_lineup,2010-08-16,Raw,WWE Monday Night RAW #899,1128,12647,8,Jack Swagger,,"Team RAW ( Chris Jericho , Edge , John Cena , John Morrison , R-Truth & Randy Orton ) defeat Team SmackDown ( CM Punk , Cody Rhodes , Jack Swagger , Kofi Kingston , Rey Mysterio & The Big Show ) and The Nexus ( David Otunga , Heath Slater , Justin Gabriel , Michael Tarver , Skip Sheffield & Wade Barrett )","Wade Barrett pinned Chris Jericho at 5:22 by catching Jericho attempting the Code Breaker and reversing it into the fireman's carry into a forward slam; Jericho's right arm was heavily taped for the bout; during the match, the remaining members of Nexus were shown watching on backstage; stipulations stated Barrett would be kicked out of Nexus if he lost"
extra_name,fix_lineup,2010-08-16,Raw,WWE Monday Night RAW #899,1128,12647,8,Michael Tarver,,"Team RAW ( Chris Jericho , Edge , John Cena , John Morrison , R-Truth & Randy Orton ) defeat Team SmackDown ( CM Punk , Cody Rhodes , Jack Swagger , Kofi Kingston , Rey Mysterio & The Big Show ) and The Nexus ( David Otunga , Heath Slater , Justin Gabriel , Michael Tarver , Skip Sheffield & Wade Barrett )","Wade Barrett pinned Chris Jericho at 5:22 by catching Jericho attempting the Code Breaker and reversing it into the fireman's carry into a forward slam; Jericho's right arm was heavily taped for the bout; during the match, the remaining members of Nexus were shown watching on backstage; stipulations stated Barrett would be kicked out of Nexus if he lost"
extra_name,fix_lineup,2010-08-16,Raw,WWE Monday Night RAW #899,1128,12647,8,CM Punk,,"Team RAW ( Chris Jericho , Edge , John Cena , John Morrison , R-Truth & Randy Orton ) defeat Team SmackDown ( CM Punk , Cody Rhodes , Jack Swagger , Kofi Kingston , Rey Mysterio & The Big Show ) and The Nexus ( David Otunga , Heath Slater , Justin Gabriel , Michael Tarver , Skip Sheffield & Wade Barrett )","Wade Barrett pinned Chris Jericho at 5:22 by catching Jericho attempting the Code Breaker and reversing it into the fireman's carry into a forward slam; Jericho's right arm was heavily taped for the bout; during the match, the remaining members of Nexus were shown watching on backstage; stipulations stated Barrett would be kicked out of Nexus if he lost"
extra_name,fix_lineup,2010-08-16,Raw,WWE Monday Night RAW #899,1128,12647,8,Heath Slater,,"Team RAW ( Chris Jericho , Edge , John Cena , John Morrison , R-Truth & Randy Orton ) defeat Team SmackDown ( CM Punk , Cody Rhodes , Jack Swagger , Kofi Kingston , Rey Mysterio & The Big Show ) and The Nexus ( David Otunga , Heath Slater , Justin Gabriel , Michael Tarver , Skip Sheffield & Wade Barrett )","Wade Barrett pinned Chris Jericho at 5:22 by catching Jericho attempting the Code Breaker and reversing it into the fireman's carry into a forward slam; Jericho's right arm was heavily taped for the bout; during the match, the remaining members of Nexus were shown watching on backstage; stipulations stated Barrett would be kicked out of Nexus if he lost"
extra_name,fix_lineup,2010-08-16,Raw,WWE Monday Night RAW #899,1128,12647,8,Rey Mysterio,,"Team RAW ( Chris Jericho , Edge , John Cena , John Morrison , R-Truth & Randy Orton ) defeat Team SmackDown ( CM Punk , Cody Rhodes , Jack Swagger , Kofi Kingston , Rey Mysterio & The Big Show ) and The Nexus ( David Otunga , Heath Slater , Justin Gabriel , Michael Tarver , Skip Sheffield & Wade Barrett )","Wade Barrett pinned Chris Jericho at 5:22 by catching Jericho attempting the Code Breaker and reversing it into the fireman's carry into a forward slam; Jericho's right arm was heavily taped for the bout; during the match, the remaining members of Nexus were shown watching on backstage; stipulations stated Barrett would be kicked out of Nexus if he lost"
extra_name,fix_lineup,2010-08-16,Raw,WWE Monday Night RAW #899,1128,12647,8,Justin Gabriel,,"Team RAW ( Chris Jericho , Edge , John Cena , John Morrison , R-Truth & Randy Orton ) defeat Team SmackDown ( CM Punk , Cody Rhodes , Jack Swagger , Kofi Kingston , Rey Mysterio & The Big Show ) and The Nexus ( David Otunga , Heath Slater , Justin Gabriel , Michael Tarver , Skip Sheffield & Wade Barrett )","Wade Barrett pinned Chris Jericho at 5:22 by catching Jericho attempting the Code Breaker and reversing it into the fireman's carry into a forward slam; Jericho's right arm was heavily taped for the bout; during the match, the remaining members of Nexus were shown watching on backstage; stipulations stated Barrett would be kicked out of Nexus if he lost"
extra_name,fix_lineup,2010-08-16,Raw,WWE Monday Night RAW #899,1128,12647,8,Cody Rhodes,,"Team RAW ( Chris Jericho , Edge , John Cena , John Morrison , R-Truth & Randy Orton ) defeat Team SmackDown ( CM Punk , Cody Rhodes , Jack Swagger , Kofi Kingston , Rey Mysterio & The Big Show ) and The Nexus ( David Otunga , Heath Slater , Justin Gabriel , Michael Tarver , Skip Sheffield & Wade Barrett )","Wade Barrett pinned Chris Jericho at 5:22 by catching Jericho attempting the Code Breaker and reversing it into the fireman's carry into a forward slam; Jericho's right arm was heavily taped for the bout; during the match, the remaining members of Nexus were shown watching on backstage; stipulations stated Barrett would be kicked out of Nexus if he lost"
extra_name,fix_lineup,2010-08-16,Raw,WWE Monday Night RAW #899,1128,12647,8,David Otunga,,"Team RAW ( Chris Jericho , Edge , John Cena , John Morrison , R-Truth & Randy Orton ) defeat Team SmackDown ( CM Punk , Cody Rhodes , Jack Swagger , Kofi Kingston , Rey Mysterio & The Big Show ) and The Nexus ( David Otunga , Heath Slater , Justin Gabriel , Michael Tarver , Skip Sheffield & Wade Barrett )","Wade Barrett pinned Chris Jericho at 5:22 by catching Jericho attempting the Code Breaker and reversing it into the fireman's carry into a forward slam; Jericho's right arm was heavily taped for the bout; during the match, the remaining members of Nexus were shown watching on backstage; stipulations stated Barrett would be kicked out of Nexus if he lost"
extra_name,fix_lineup,2010-08-16,Raw,WWE Monday Night RAW #899,1128,12647,8,Skip Sheffield,,"Team RAW ( Chris Jericho , Edge , John Cena , John Morrison , R-Truth & Randy Orton ) defeat Team SmackDown ( CM Punk , Cody Rhodes , Jack Swagger , Kofi Kingston , Rey Mysterio & The Big Show ) and The Nexus ( David Otunga , Heath Slater , Justin Gabriel , Michael Tarver , Skip Sheffield & Wade Barrett )","Wade Barrett pinned Chris Jericho at 5:22 by catching Jericho attempting the Code Breaker and reversing it into the fireman's carry into a forward slam; Jericho's right arm was heavily taped for the bout; during the match, the remaining members of Nexus were shown watching on backstage; stipulations stated Barrett would be kicked out of Nexus if he lost"
extra_name,fix_lineup,2010-08-16,Raw,WWE Monday Night RAW #899,1128,12647,8,Kofi Kingston,,"Team RAW ( Chris Jericho , Edge , John Cena , John Morrison , R-Truth & Randy Orton ) defeat Team SmackDown ( CM Punk , Cody Rhodes , Jack Swagger , Kofi Kingston , Rey Mysterio & The Big Show ) and The Nexus ( David Otunga , Heath Slater , Justin Gabriel , Michael Tarver , Skip Sheffield & Wade Barrett )","Wade Barrett pinned Chris Jericho at 5:22 by catching Jericho attempting the Code Breaker and reversing it into the fireman's carry into a forward slam; Jericho's right arm was heavily taped for the bout; during the match, the remaining members of Nexus were shown watching on backstage; stipulations stated Barrett would be kicked out of Nexus if he lost"
extra_name,fix_lineup,2010-08-16,Raw,WWE Monday Night RAW #899,1128,12647,8,The Big Show,,"Team RAW ( Chris Jericho , Edge , John Cena , John Morrison , R-Truth & Randy Orton ) defeat Team SmackDown ( CM Punk , Cody Rhodes , Jack Swagger , Kofi Kingston , Rey Mysterio & The Big Show ) and The Nexus ( David Otunga , Heath Slater , Justin Gabriel , Michael Tarver , Skip Sheffield & Wade Barrett )","Wade Barrett pinned Chris Jericho at 5:22 by catching Jericho attempting the Code Breaker and reversing it into the fireman's carry into a forward slam; Jericho's right arm was heavily taped for the bout; during the match, the remaining members of Nexus were shown watching on backstage; stipulations stated Barrett would be kicked out of Nexus if he lost"
extra_name,fix_lineup,2010-08-16,Raw,WWE Monday Night RAW #899,1128,12647,8,John Cena,,"Team RAW ( Chris Jericho , Edge , John Cena , John Morrison , R-Truth & Randy Orton ) defeat Team SmackDown ( CM Punk , Cody Rhodes , Jack Swagger , Kofi Kingston , Rey Mysterio & The Big Show ) and The Nexus ( David Otunga , Heath Slater , Justin Gabriel , Michael Tarver , Skip Sheffield & Wade Barrett )","Wade Barrett pinned Chris Jericho at 5:22 by catching Jericho attempting the Code Breaker and reversing it into the fireman's carry into a forward slam; Jericho's right arm was heavily taped for the bout; during the match, the remaining members of Nexus were shown watching on backstage; stipulations stated Barrett would be kicked out of Nexus if he lost"
extra_name,fix_lineup,2010-08-16,Raw,WWE Monday Night RAW #899,1128,12647,8,Edge,,"Team RAW ( Chris Jericho , Edge , John Cena , John Morrison , R-Truth & Randy Orton ) defeat Team SmackDown ( CM Punk , Cody Rhodes , Jack Swagger , Kofi Kingston , Rey Mysterio & The Big Show ) and The Nexus ( David Otunga , Heath Slater , Justin Gabriel , Michael Tarver , Skip Sheffield & Wade Barrett )","Wade Barrett pinned Chris Jericho at 5:22 by catching Jericho attempting the Code Breaker and reversing it into the fireman's carry into a forward slam; Jericho's right arm was heavily taped for the bout; during the match, the remaining members of Nexus were shown watching on backstage; stipulations stated Barrett would be kicked out of Nexus if he lost"
extra_name,fix_lineup,2010-08-16,Raw,WWE Monday Night RAW #899,1128,12647,8,John Morrison,,"Team RAW ( Chris Jericho , Edge , John Cena , John Morrison , R-Truth & Randy Orton ) defeat Team SmackDown ( CM Punk , Cody Rhodes , Jack Swagger , Kofi Kingston , Rey Mysterio & The Big Show ) and The Nexus ( David Otunga , Heath Slater , Justin Gabriel , Michael Tarver , Skip Sheffield & Wade Barrett )","Wade Barrett pinned Chris Jericho at 5:22 by catching Jericho attempting the Code Breaker and reversing it into the fireman's carry into a forward slam; Jericho's right arm was heavily taped for the bout; during the match, the remaining members of Nexus were shown watching on backstage; stipulations stated Barrett would be kicked out of Nexus if he lost"
extra_name,fix_lineup,2010-08-16,Raw,WWE Monday Night RAW #899,1128,12647,8,R-Truth,,"Team RAW ( Chris Jericho , Edge , John Cena , John Morrison , R-Truth & Randy Orton ) defeat Team SmackDown ( CM Punk , Cody Rhodes , Jack Swagger , Kofi Kingston , Rey Mysterio & The Big Show ) and The Nexus ( David Otunga , Heath Slater , Justin Gabriel , Michael Tarver , Skip Sheffield & Wade Barrett )","Wade Barrett pinned Chris Jericho at 5:22 by catching Jericho attempting the Code Breaker and reversing it into the fireman's carry into a forward slam; Jericho's right arm was heavily taped for the bout; during the match, the remaining members of Nexus were shown watching on backstage; stipulations stated Barrett would be kicked out of Nexus if he lost"
extra_name,fix_lineup,2010-08-16,Raw,WWE Monday Night RAW #899,1128,12647,8,Randy Orton,,"Team RAW ( Chris Jericho , Edge , John Cena , John Morrison , R-Truth & Randy Orton ) defeat Team SmackDown ( CM Punk , Cody Rhodes , Jack Swagger , Kofi Kingston , Rey Mysterio & The Big Show ) and The Nexus ( David Otunga , Heath Slater , Justin Gabriel , Michael Tarver , Skip Sheffield & Wade Barrett )","Wade Barrett pinned Chris Jericho at 5:22 by catching Jericho attempting the Code Breaker and reversing it into the fireman's carry into a forward slam; Jericho's right arm was heavily taped for the bout; during the match, the remaining members of Nexus were shown watching on backstage; stipulations stated Barrett would be kicked out of Nexus if he lost"
extra_name,split,2010-09-20,Raw,WWE Monday Night RAW #904,1138,12717,2,Maryse,,Natalya defeats Alicia Fox and Brie Bella and Eve Torres and Gail Kim and Jillian and Maryse and Melina and Nikki Bella and Tamina (4:13),WWE Unified Women's Champion Layla (w/ WWE Unified Women's Champion Michelle McCool) pinned Melina at 2:03 with a modified jawbreaker off the top; McCool provided guest commentary for the match
extra_name,split,2010-09-20,Raw,WWE Monday Night RAW #904,1138,12717,2,Alicia Fox,,Natalya defeats Alicia Fox and Brie Bella and Eve Torres and Gail Kim and Jillian and Maryse and Melina and Nikki Bella and Tamina (4:13),WWE Unified Women's Champion Layla (w/ WWE Unified Women's Champion Michelle McCool) pinned Melina at 2:03 with a modified jawbreaker off the top; McCool provided guest commentary for the match
extra_name,split,2010-09-20,Raw,WWE Monday Night RAW #904,1138,12717,2,Gail Kim,,Natalya defeats Alicia Fox and Brie Bella and Eve Torres and Gail Kim and Jillian and Maryse and Melina and Nikki Bella and Tamina (4:13),WWE Unified Women's Champion Layla (w/ WWE Unified Women's Champion Michelle McCool) pinned Melina at 2:03 with a modified jawbreaker off the top; McCool provided guest commentary for the match
extra_name,split,2010-09-20,Raw,WWE Monday Night RAW #904,1138,12717,2,Jillian,,Natalya defeats Alicia Fox and Brie Bella and Eve Torres and Gail Kim and Jillian and Maryse and Melina and Nikki Bella and Tamina (4:13),WWE Unified Women's Champion Layla (w/ WWE Unified Women's Champion Michelle McCool) pinned Melina at 2:03 with a modified jawbreaker off the top; McCool provided guest commentary for the match
extra_name,split,2010-09-20,Raw,WWE Monday Night RAW #904,1138,12717,2,Brie Bella,,Natalya defeats Alicia Fox and Brie Bella and Eve Torres and Gail Kim and Jillian and Maryse and Melina and Nikki Bella and Tamina (4:13),WWE Unified Women's Champion Layla (w/ WWE Unified Women's Champion Michelle McCool) pinned Melina at 2:03 with a modified jawbreaker off the top; McCool provided guest commentary for the match
extra_name,split,2010-09-20,Raw,WWE Monday Night RAW #904,1138,12717,2,Tamina,,Natalya defeats Alicia Fox and Brie Bella and Eve Torres and Gail Kim and Jillian and Maryse and Melina and Nikki Bella and Tamina (4:13),WWE Unified Women's Champion Layla (w/ WWE Unified Women's Champion Michelle McCool) pinned Melina at 2:03 with a modified jawbreaker off the top; McCool provided guest commentary for the match
extra_name,split,2010-09-20,Raw,WWE Monday Night RAW #904,1138,12717,2,Nikki Bella,,Natalya defeats Alicia Fox and Brie Bella and Eve Torres and Gail Kim and Jillian and Maryse and Melina and Nikki Bella and Tamina (4:13),WWE Unified Women's Champion Layla (w/ WWE Unified Women's Champion Michelle McCool) pinned Melina at 2:03 with a modified jawbreaker off the top; McCool provided guest commentary for the match
extra_name,split,2010-09-20,Raw,WWE Monday Night RAW #904,1138,12717,2,Eve Torres,,Natalya defeats Alicia Fox and Brie Bella and Eve Torres and Gail Kim and Jillian and Maryse and Melina and Nikki Bella and Tamina (4:13),WWE Unified Women's Champion Layla (w/ WWE Unified Women's Champion Michelle McCool) pinned Melina at 2:03 with a modified jawbreaker off the top; McCool provided guest commentary for the match
extra_name,fix_lineup,2010-09-20,Raw,WWE Monday Night RAW #904,1138,12716,1,Daniel Bryan,,Alex Riley & The Miz defeat Daniel Bryan & John Morrison (5:12),"John Morrison pinned Chris Jericho at 10:20 with a knee to the face and Starship Pain; after the bout, Jericho was visibly upset as some in the crowd chanted “Y2J”"
extra_name,keep,2010-12-10,SmackDown,WWE Friday Night SmackDown #590,1163,12914,4,Chavo Guerrero,,Santino Marella & Vladimir Kozlov (c) defeat Chavo Guerrero & Drew McIntyre (3:10),"WWE Tag Team Champions Santino Marella & Vladimir Kozlov defeated Drew McIntyre (mystery partner) & Chavo Guerrero Jr. at 3:10 when Santino pinned Guerrero with the Cobra after Chavo tagged himself in and missed the frog splash; prior to the bout, Guerrero came out on the entrance stage to introduce McIntyre as his partner; after the contest, McIntyre dropped Guerrero with the Future Shock"
extra_name,keep,2010-12-17,SmackDown,WWE Friday Night SmackDown #591,1165,12932,6,Alberto Del Rio,,Edge & Rey Mysterio vs. Alberto Del Rio & The Miz - No Contest (7:30),"Edge & Rey Mysterio Jr. fought WWE World Champion Mike Mizanin (w/ Alex Riley) & Alberto Del Rio to a no contest at around the 6-minute mark when, after Miz sustained the 619 and spear, World Heavyweight Champion Kane – who moments earlier was shown standing over bodies backstage – attacked Kane; Ricardo Rodriguez served as Del Rio's ring announcer for the bout; after the match, the entire Smackdown locker room came out to break up the fight between Edge and Kane; both men fought off the other wrestlers before Edge then dropped Kane with the spear"
extra_name,keep,2011-05-09,Raw,WWE Monday Night RAW #937,1211,13244,2,Eve Torres,,Eve Torres & Kelly Kelly defeat The Bella Twins ( Brie Bella & Nikki Bella ) (1:22),"Eve & Kelly Kelly defeated WWE Divas Champion Brie Bella & Nikki Bella at 1:24 when Kelly scored the pin by reversing an inside cradle; prior to the bout, it was announced Kelly would be featured in Maxim's publication on the world's top 100 sexiest women, which would be on sale the following day; after the contest, Kharma came out, with the Bellas hiding on the opposite side of the ring before running backstage; Kharma then knocked down Eve in the ring before scaring Kelly up the ramp; Kharma then returned to the ring and dropped Eve with the double underhook slam"
extra_name,fix_lineup,2011-06-27,Raw,WWE Monday Night RAW #944 - RAW Roulette 2011,1227,13370,1,Eve Torres,,Eve Torres & Kelly Kelly defeat The Bella Twins ( Brie Bella & Nikki Bella ) (3:08),"WWE Divas Champion Kelly Kelly defeated Nikki Bella (w/ Brie Bella) in a non-title submission match at 1:14 when Nikki submitted to a Boston Crab; during the Bellas' entrance, it was noted Brie would challenge Kelly at Money in the Bank; after the entrances, Booker T appeared backstage and spun the wheel, with it landing on submission match; after the contest, the Bellas attacked Kelly until Eve made the save"
extra_name,fix_lineup,2011-06-27,Raw,WWE Monday Night RAW #944 - RAW Roulette 2011,1227,13370,1,Brie Bella,,Eve Torres & Kelly Kelly defeat The Bella Twins ( Brie Bella & Nikki Bella ) (3:08),"WWE Divas Champion Kelly Kelly defeated Nikki Bella (w/ Brie Bella) in a non-title submission match at 1:14 when Nikki submitted to a Boston Crab; during the Bellas' entrance, it was noted Brie would challenge Kelly at Money in the Bank; after the entrances, Booker T appeared backstage and spun the wheel, with it landing on submission match; after the contest, the Bellas attacked Kelly until Eve made the save"
extra_name,keep,2011-09-26,Raw,WWE Monday Night RAW #957,1255,13577,6,Dolph Ziggler,,"Air Boom ( Evan Bourne & Kofi Kingston ) & Zack Ryder defeat Dolph Ziggler , Jack Swagger & Mason Ryan (w/ Vickie Guerrero ) (6:29)","Zack Ryder, WWE Tag Team Champions Kofi Kingston & Evan Bourne defeated Mason Ryan (surprise partner), WWE US Champion Dolph Ziggler & Jack Swagger (w/ Vickie Guerrero) in an impromptu match at 6:29 when Ryder pinned Ziggler with the Rough Ryder; Ryan appeared ringside at the 4-minute mark, escorted to the ring by Vickie; minutes later, after he was tagged in, he attacked his own tag team partners, leading to the finish; after the bout, Vickie yelled at Swagger for not working as a team"
extra_name,keep,2011-09-26,Raw,WWE Monday Night RAW #957,1255,13577,6,Jack Swagger,,"Air Boom ( Evan Bourne & Kofi Kingston ) & Zack Ryder defeat Dolph Ziggler , Jack Swagger & Mason Ryan (w/ Vickie Guerrero ) (6:29)","Zack Ryder, WWE Tag Team Champions Kofi Kingston & Evan Bourne defeated Mason Ryan (surprise partner), WWE US Champion Dolph Ziggler & Jack Swagger (w/ Vickie Guerrero) in an impromptu match at 6:29 when Ryder pinned Ziggler with the Rough Ryder; Ryan appeared ringside at the 4-minute mark, escorted to the ring by Vickie; minutes later, after he was tagged in, he attacked his own tag team partners, leading to the finish; after the bout, Vickie yelled at Swagger for not working as a team"
extra_name,split,2011-11-04,SmackDown,WWE Friday Night SmackDown #637,1268,13680,8,The Big Show,,Christian & Mark Henry vs. Sheamus & The Big Show - No Contest,"Sheamus fought Christian to a no contest; prior to the entrances, the Big Show cut an in-ring promo in which he said he would knock out Henry if given the chance, with Christian then interrupting and saying Show's “Mama said knock you out” line was so good, he thought he was done and it was time for Christian to come out for his scheduled match with Sheamus; Christian then asked what made Show think he was deserving of one more match with Henry, with Show eventually dropping Christian with the chokeslam; following Sheamus's entrance, the referee told him Christian said he was unable to compete due to the chokeslam, with Wade Barrett then appearing and saying Christian was in no shape to compete so he would take his place in the match"
extra_name,split,2011-11-04,SmackDown,WWE Friday Night SmackDown #637,1268,13680,8,Mark Henry,,Christian & Mark Henry vs. Sheamus & The Big Show - No Contest,"Sheamus fought Christian to a no contest; prior to the entrances, the Big Show cut an in-ring promo in which he said he would knock out Henry if given the chance, with Christian then interrupting and saying Show's “Mama said knock you out” line was so good, he thought he was done and it was time for Christian to come out for his scheduled match with Sheamus; Christian then asked what made Show think he was deserving of one more match with Henry, with Show eventually dropping Christian with the chokeslam; following Sheamus's entrance, the referee told him Christian said he was unable to compete due to the chokeslam, with Wade Barrett then appearing and saying Christian was in no shape to compete so he would take his place in the match"
extra_name,keep,2011-12-23,SmackDown,WWE Friday Night SmackDown #644,1284,13807,6,Daniel Bryan,,Daniel Bryan & The Big Show defeat Dolph Ziggler & Jack Swagger (w/ Vickie Guerrero ) (6:54),"The Big Show fought Mark Henry to a no contest; during Show's entrance, a graphic briefly appeared on screen advertising a YouTube account; following the ring entrances, David Otunga walked out, noted he was legal representation for John Laurinaitis, and said Henry was not legally cleared to compete and the match would not happen; after Otunga wished the fans a happy holidays, Show knocked him out with a punch; the bout was to have determined the #1 contender for the World Heavyweight Title"
extra_name,fix_lineup,2011-12-26,Raw,WWE Monday Night RAW #970,1285,13814,6,CM Punk,,Dolph Ziggler (w/ Vickie Guerrero ) defeats CM Punk and Jack Swagger (12:15),"Gauntlet Match : WWE World Champion CM Punk pinned Jack Swagger (w/ Vickie Guerrero) in a non-title match with a kick to the head at 4:26; after the fall, Swagger attacked Punk from behind and injured his leg; stipulations stated Punk would defend the title the following week against Swagger if he lost and would advance to meet Dolph Ziggler if he won"
extra_name,split,2012-05-28,Raw,WWE Monday Night RAW #992,1334,14191,7,Tensai,,"John Cena defeats John Laurinaitis , Tensai & The Big Show","The Big Show fought Brodus Clay (w/ Cameron & Naomi) to a no contest; upon his entrance, Show took the mic and said Clay was as much of a sell out as him, then comparing Clay to Doink the Clown before adding Doink, unlike Clay, actually had talent; after Show assaulted Clay at ringside, Show fought off WWE Tag Team Champions Kofi Kingston & R-Truth before kicking apart the commentary table; Show then used part of the table to twice hit Clay across the back and easily manhandled Kingston & Truth while knocking Clay out with a punch; moments later, Show and John Laurinaitis held up their hands at the entrance stage as the show ended; moments later, Clay was taken backstage on a stretcher"
extra_name,split,2012-05-28,Raw,WWE Monday Night RAW #992,1334,14191,7,John Laurinaitis,,"John Cena defeats John Laurinaitis , Tensai & The Big Show","The Big Show fought Brodus Clay (w/ Cameron & Naomi) to a no contest; upon his entrance, Show took the mic and said Clay was as much of a sell out as him, then comparing Clay to Doink the Clown before adding Doink, unlike Clay, actually had talent; after Show assaulted Clay at ringside, Show fought off WWE Tag Team Champions Kofi Kingston & R-Truth before kicking apart the commentary table; Show then used part of the table to twice hit Clay across the back and easily manhandled Kingston & Truth while knocking Clay out with a punch; moments later, Show and John Laurinaitis held up their hands at the entrance stage as the show ended; moments later, Clay was taken backstage on a stretcher"
extra_name,keep,2013-03-25,Raw,WWE Monday Night RAW #1035,1429,15794,6,Roman Reigns,,"The Shield ( Dean Ambrose , Roman Reigns & Seth Rollins ) defeat Justin Gabriel , The Great Khali & Zack Ryder (2:30)","Dean Ambrose, Seth Rollins, & Dean Ambrose defeated Zack Ryder, the Great Khali, & Justin Gabriel at 2:32 when Rollins pinned Gabriel with a kneedrop off the top as Ambrose held Gabriel in a bow and arrow; after the match, Khali attempted to fight off the Shield but was triple teamed and sustained the triple powerbomb; moments later, Sheamus and Randy Orton came out to the ring as the Big Show came out of the crowd to block the Shield's exit; Show, Orton, & Sheamus then cleared the Shield from the ring"
extra_name,fix_lineup,2013-05-03,SmackDown,WWE Friday Night SmackDown #715,1441,15879,8,The Big Show,,Randy Orton & Sheamus defeat Mark Henry & The Big Show,"Mark Henry defeated Sheamus in an arm wrestling contest; Josh Matthews was the MC for the contest; after the match, Sheamus took the mic, congratulated Henry, and challenged him to a rematch using the opposite arm; as the two went to start, Sheamus sucker punched him, then hit the boot to the face before yelling, “That's what I do!”"
extra_name,fix_lineup,2013-05-03,SmackDown,WWE Friday Night SmackDown #715,1441,15879,8,Randy Orton,,Randy Orton & Sheamus defeat Mark Henry & The Big Show,"Mark Henry defeated Sheamus in an arm wrestling contest; Josh Matthews was the MC for the contest; after the match, Sheamus took the mic, congratulated Henry, and challenged him to a rematch using the opposite arm; as the two went to start, Sheamus sucker punched him, then hit the boot to the face before yelling, “That's what I do!”"
extra_name,split,2013-07-19,SmackDown,WWE Friday Night SmackDown #726,1466,16062,6,Dean Ambrose,,"Daniel Bryan , Randy Orton & Rob Van Dam defeat The Shield ( Dean Ambrose , Roman Reigns & Seth Rollins )","Jimmy & Jey Uso fought WWE Tag Team Champions Seth Rollins & Roman Reigns to a no contest in a non-title match when the two teams brawled before the match began, with WWE US Champion Dean Ambrose then appearing and aiding Rollins & Reigns; moments later, Mark Henry ran out and evened the odds, with the Shield escaping into the crowd"
extra_name,keep,2013-09-23,Raw,WWE Monday Night RAW #1061,1487,16220,6,Kofi Kingston,,"R-Truth , Rob Van Dam , The Prime Time Players ( Darren Young & Titus O'Neil ), The Usos ( Jey Uso & Jimmy Uso ), Daniel Bryan , Dolph Ziggler , Justin Gabriel , Kofi Kingston & Zack Ryder defeat The Shield ( Dean Ambrose , Roman Reigns & Seth Rollins ) (23:15)","Daniel Bryan, Rob Van Dam, Jimmy & Jey Uso, Dolph Ziggler, Darren Young & Titus O'Neil, Justin Gabriel, & Zack Ryder defeated WWE US Champion Dean Ambrose, WWE Tag Team Champions Seth Rollins & Roman Reigns in an elimination match at 23:11; Ambrose pinned RVD with the modified DDT at 2:55 after RVD struck the ringpost shoulder-first; Ambrose pinned Kingston with the modified DDT at 8:08; Reigns pinned O'Neil with the spear at 9:44; Reigns pinned Gabriel with the spear at 10:02; Reigns pinned Ryder with the spear at 10:35 as Ryder attempted the Broski Boot; Jey pinned Reigns with the splash off the top after a superkick from Jimmy at 11:24; Rollins pinned Young with a flying knee to the head at 17:20 as Young had Ambrose covered with a roll up; Ziggler pinned Ambrose with the Zig Zag at 18:39; Rollins pinned Truth with a running stomp to the head at 21:10; Bryan pinned Rollins with the running knee to the head; following his entrance, Bryan cut a promo about how ridiculous it was that he would conspire with the referee to make a fast count on Randy Orton when Orton was already knocked out at Night of Champions; Bryan went on to say it didn't matter what version of Orton shows up at Battleground because he would beat him regardless; during the Sheild's entrance through the crowd, they were jumped at ringside by Cody Rhodes and Goldust, who themselves came out of the crowd; Rhodes and Goldust assaulted the Shield until they were pulled away by security and taken backstage; Kingston's shoulder was heavily taped as a result of his match earlier in the show; RVD's arm and ribs were heavily taped as well; late in the match, Ambrose and Reigns returned ringside but were easily fought off by Ziggler and the Usos"
extra_name,keep,2013-09-23,Raw,WWE Monday Night RAW #1061,1487,16220,6,R-Truth,,"R-Truth , Rob Van Dam , The Prime Time Players ( Darren Young & Titus O'Neil ), The Usos ( Jey Uso & Jimmy Uso ), Daniel Bryan , Dolph Ziggler , Justin Gabriel , Kofi Kingston & Zack Ryder defeat The Shield ( Dean Ambrose , Roman Reigns & Seth Rollins ) (23:15)","Daniel Bryan, Rob Van Dam, Jimmy & Jey Uso, Dolph Ziggler, Darren Young & Titus O'Neil, Justin Gabriel, & Zack Ryder defeated WWE US Champion Dean Ambrose, WWE Tag Team Champions Seth Rollins & Roman Reigns in an elimination match at 23:11; Ambrose pinned RVD with the modified DDT at 2:55 after RVD struck the ringpost shoulder-first; Ambrose pinned Kingston with the modified DDT at 8:08; Reigns pinned O'Neil with the spear at 9:44; Reigns pinned Gabriel with the spear at 10:02; Reigns pinned Ryder with the spear at 10:35 as Ryder attempted the Broski Boot; Jey pinned Reigns with the splash off the top after a superkick from Jimmy at 11:24; Rollins pinned Young with a flying knee to the head at 17:20 as Young had Ambrose covered with a roll up; Ziggler pinned Ambrose with the Zig Zag at 18:39; Rollins pinned Truth with a running stomp to the head at 21:10; Bryan pinned Rollins with the running knee to the head; following his entrance, Bryan cut a promo about how ridiculous it was that he would conspire with the referee to make a fast count on Randy Orton when Orton was already knocked out at Night of Champions; Bryan went on to say it didn't matter what version of Orton shows up at Battleground because he would beat him regardless; during the Sheild's entrance through the crowd, they were jumped at ringside by Cody Rhodes and Goldust, who themselves came out of the crowd; Rhodes and Goldust assaulted the Shield until they were pulled away by security and taken backstage; Kingston's shoulder was heavily taped as a result of his match earlier in the show; RVD's arm and ribs were heavily taped as well; late in the match, Ambrose and Reigns returned ringside but were easily fought off by Ziggler and the Usos"
missing_match,keep,2001-01-18,SmackDown,Thursday Night SmackDown,3,,,,,,"Chris Jericho fought Perry Saturn to a no contest in a ladder match when Chris Benoit interfered; after the bout, Jericho was double teamed with the ladder"
missing_match,add_match,2001-01-22,Raw,WWF RAW is WAR #400,160,,,,,,Raven pinned WWF Hardcore Champion Al Snow to win the title after a masked woman knocked the champion out and put Raven on top for the cover
missing_match,keep,2001-03-05,Raw,WWF RAW is WAR #406,167,,,,,,"Too Cool fought X-Pac & Justin Credible to a no contest when Kurt Angle interfered before all the participants came to the ring, breaking Scotty 2 Hotty's ankle"
missing_match,keep,2001-03-12,Raw,WWF RAW is WAR #407,168,,,,,,WWF Hardcore Champion the Big Show fought the Undertaker to a no contest when Triple H attacked the challenger before the bout
missing_match,split,2001-04-01,PPV,"WWF WrestleMania X-Seven - ""Houston... We Have A Problem""",171,,,,,,Dave Taylor defeated Steve Bradley
missing_match,split,2001-04-01,PPV,"WWF WrestleMania X-Seven - ""Houston... We Have A Problem""",171,,,,,,Redd Dogg defeated Michael Shane
missing_match,split,2001-04-01,PPV,"WWF WrestleMania X-Seven - ""Houston... We Have A Problem""",171,,,,,,Steve Blackman & Grandmaster Sexay defeated Redd Dogg Begnaud & Big Daddy Moore
missing_match,split,2001-04-01,PPV,"WWF WrestleMania X-Seven - ""Houston... We Have A Problem""",171,,,,,,Haku defeated Shawn Hernandez
missing_match,split,2001-04-01,PPV,"WWF WrestleMania X-Seven - ""Houston... We Have A Problem""",171,,,,,,K-Kwick defeated Brandon Groom
missing_match,split,2001-04-01,PPV,"WWF WrestleMania X-Seven - ""Houston... We Have A Problem""",171,,,,,,Essa Rios defeated Vinny Valentino
missing_match,split,2001-04-01,PPV,"WWF WrestleMania X-Seven - ""Houston... We Have A Problem""",171,,,,,,"Test & the Acolytes defeated WWF European Champion Eddie Guerrero, Dean Malenko, & Perry Saturn (w/ Terri) at 4:07 when Test pinned Saturn with a boot to the face after Saturn saved Terri from a pumphandle slam"
missing_match,split,2001-04-01,PPV,"WWF WrestleMania X-Seven - ""Houston... We Have A Problem""",171,,,,,,"Trish Stratus defeated Stephanie McMahon via disqualification in a whipping match when William Regal interfered at 4:09; after the match, Chris Jericho made the save"
missing_match,split,2001-04-01,PPV,"WWF WrestleMania X-Seven - ""Houston... We Have A Problem""",171,,,,,,"Rhyno pinned WWF Light Heavyweight Champion Crash Holly (w/ Molly Holly) at the 55-second mark with the Gore in a non-title match; after the match, Rhyno hit the Gore on Molly"
missing_match,split,2001-04-01,PPV,"WWF WrestleMania X-Seven - ""Houston... We Have A Problem""",171,,,,,,"WWF Hardcore Champion Kane pinned Val Venis (w/ Steven Richards) following a clothesline off the top at 5:42 after sending the challenger into a trash can set up in the corner; after the match, the Undertaker made the save against the remainder of the RTC"
missing_match,split,2001-04-01,PPV,"WWF WrestleMania X-Seven - ""Houston... We Have A Problem""",171,,,,,,"Kurt Angle & William Regal defeated WWF IC Champion Chris Jericho in a handicap match at 4:34 when Regal scored the pin with the modified neckbreaker after Angle hit Jericho in the back with a chair; after the match, Chris Benoit made the save"
missing_match,split,2001-04-01,PPV,"WWF WrestleMania X-Seven - ""Houston... We Have A Problem""",171,,,,,,"X-Pac (w/ Justin Credible & Albert) pinned Billy Gunn at 3:04 when Albert interfered and hit the Baldo Bomb after Gunn hit the Fameasser; after the match, X-Factor continued to attack Gunn"
missing_match,split,2001-04-01,PPV,"WWF WrestleMania X-Seven - ""Houston... We Have A Problem""",171,,,,,,"The Rock defeated WWF World Champion Steve Austin (w/ Vince McMahon) via disqualification in a steel cage match at around the 6-minute mark when McMahon entered the cage and knocked out referee Tim White with a double axe handle after the challenger hit the Rock Bottom; moments prior to the finish, McMahon pulled the referee out of the cage to prevent him from counting the pin as Rock had Austin covered with the People's Elbow; the referee responded by shoving McMahon to the floor; after the match, Triple H entered the cage with a sledgehammer, teased a face turn, but eventually helped in triple teaming the Rock; prior to the bout, McMahon did the ring introduction for the champion; as the show came to a close, the Rock was beaten bloody while Triple H, Austin, and McMahon shared a few beers (Rock's last match until July)"
missing_match,keep,2001-04-26,SmackDown,Thursday Night SmackDown,17,,,,,,"WWF World Champion Steve Austin & WWF IC Champion Triple H fought Sho Funaki & Taka Michinoku (mystery opponents) to a no contest after Kaientai came to ringside with Kane and the Undertaker, with Austin and Triple H running away"
missing_match,split,2001-05-20,PPV,WWF Judgment Day 2001,180,,,,,,Steve Bradley defeated Scott Vick
missing_match,split,2001-05-20,PPV,WWF Judgment Day 2001,180,,,,,,Raven pinned Tony Jones with the DDT at 2:43
missing_match,split,2001-05-20,PPV,WWF Judgment Day 2001,180,,,,,,WWF Light Heavyweight Champion Jerry Lynn pinned Christopher Daniels with the tornado DDT at 4:36
missing_match,split,2001-05-20,PPV,WWF Judgment Day 2001,180,,,,,,Taka Michinoku & Sho Funaki defeated Donovan Morgan & Robert Thompson when Taka pinned Morgan with the Michinoku Driver at 4:34
missing_match,split,2001-05-20,PPV,WWF Judgment Day 2001,180,,,,,,The Big Show pinned WWF Hardcore Champion Rhyno to win the title at 4:57 with the chokeslam onto a garbage can after Rhyno hit a chair while attempting the Gore
missing_match,split,2001-05-20,PPV,WWF Judgment Day 2001,180,,,,,,The Acolytes defeated Dean Malenko & Perry Saturn (w/ Terri) when Bradshaw pinned Saturn after delivering two spike powerbombs
missing_match,split,2001-05-20,PPV,WWF Judgment Day 2001,180,,,,,,WWF European Champion Matt Hardy (w/ Jeff Hardy & Lita) pinned X-Pac with the Twist of Fate after Eddie Guerrero interfered for the champion after X-Pac nailed Lita
missing_match,split,2001-05-20,PPV,WWF Judgment Day 2001,180,,,,,,"Hardcore & Crash Holly defeated the Dudley Boyz after Hardcore used the ring bell as a weapon on Bubba Ray, moments after both Spike Dudley and Molly Holly tried to settle the issue between the two teams"
missing_match,split,2001-05-20,PPV,WWF Judgment Day 2001,180,,,,,,Eddie Guerrero & Jeff Hardy (w/ Lita) defeated Edge & Christian when Guerrero pinned Christian with a powerbomb off the top
missing_match,split,2001-05-20,PPV,WWF Judgment Day 2001,180,,,,,,WWF IC Champion Kane pinned Kurt Angle with the chokeslam after Shane McMahon interfered
missing_match,split,2001-05-20,PPV,WWF Judgment Day 2001,180,,,,,,"Chris Benoit & Chris Jericho defeated WWF Tag Team Champions – WWF World Champion Steve Austin & Triple H (w/ Stephanie McMahon) to win the titles at 13:55 when Jericho pinned Austin after Triple H accidentally hit his partner in the stomach with a sledgehammer, meaning to hit Jericho who had Austin covered after hitting the Lionsault; late in the bout, Triple H tore his quadriceps muscle when he broke Jericho's Walls of Jericho applied on Austin (Triple H's last match for 7 months)"
missing_match,keep,2001-07-19,SmackDown,Thursday Night SmackDown,29,,,,,,"WWF World Champion Steve Austin & Kurt Angle fought WCW World Champion Booker T & Rhyno to a no contest when Austin left ringside to find Debra backstage, after DDP appeared on the Ovaltron claiming to have kidnapped her, and Angle was beaten down by his opponents and the Dudley Boyz – despite efforts from Kane, Jericho, the Undertaker, and the Acolytes to make the save"
missing_match,keep,2001-08-16,SmackDown,Thursday Night SmackDown,33,,,,,,The Rock pinned Sean Stasiak at the 17-second mark with the Rock Bottom in an impromptu match
missing_match,add_match,2001-08-23,SmackDown,Thursday Night SmackDown,34,,,,,,"WWF Hardcore Champion Rob Van Dam pinned Raven with the Five Star Frog Splash in an impromptu match at around 1:30; Raven attacked the champion as Hardy was being helped backstage and brought his own referee with him in hopes of winning the title under the 24/7 rule; after the match, Steve Austin and Stephanie McMahon disciplined RVD and Raven for fighting each other when they should be working together against the WWF"
missing_match,keep,2001-09-04,SmackDown,Thursday Night SmackDown,36,,,,,,"WWF & WCW Tag Team Champion the Undertaker fought Steven Richards to a no contest at around the 30-second mark when Richards lured Taker up the ramp, with Taker punching Richards out before becoming distracted by Brian Adams in the aisle, who then kicked over Taker's motorcycle; as Taker began brawling with Adams at ringside, Bryan Clarke attacked Taker from behind; Adams & Clarke continued to assault Taker inside the ring, with Richards directing traffic, before eventually hitting a double chokeslam (Adams' surprise return after a 4-year absence; Clarke's surprise return after a 6-year absence)"
missing_match,add_match,2001-09-10,Raw,WWF RAW is WAR #433,200,,,,,,"Rob Van Dam pinned WWF Hardcore Champion Kurt Angle to win the title after Steve Austin attacked Angle from behind, threw him off the stage, and threw RVD off as well – who eventually covered Angle and got the win"
missing_match,keep,2001-10-04,SmackDown,Thursday Night SmackDown,40,,,,,,"Torrie Wilson defeated Stacy Keibler in a swimsuit contest; after the contest, Tajiri made the save when Stacy began choking Torrie with her own bathrobe; Jonathan Coachman was the MC for the event"
missing_match,keep,2001-11-29,SmackDown,Thursday Night SmackDown,48,,,,,,"WWF Women's Champion Trish Stratus fought Jackie to a no contest when Vince McMahon cut an in-ring promo prior to the bell and demanded that Trish join the Vince McMahon ‘Kiss My Ass Club'; during the segment, the Rock made the save for Trish by hitting the Rock Bottom on Vince; moments thereafter, Chris Jericho interfered and hit the Rock with a steel chair before hitting his version the People's Elbow ontop of the chair"
missing_match,keep,2002-01-07,Raw,WWF RAW #450,223,,,,,,WWF Women's Champion Trish Stratus fought Terri to a no contest in a wet t-shirt contest when Jazz interfered and attacked Trish; Jerry Lawler was the guest host for the contest (Jazz's MSG debut)
missing_match,keep,2002-01-10,SmackDown,Thursday Night SmackDown,54,,,,,,Jazz & Terri defeated WWF Women's Champion Trish Stratus & Jackie; the match was cut from the show and was not televised
missing_match,keep,2002-02-21,SmackDown,Thursday Night SmackDown,60,,,,,,Triple H fought the Undertaker to a no contest when Taker refused to compete
missing_match,add_match,2002-02-28,SmackDown,Thursday Night SmackDown,61,,,,,,Goldust pinned WWF Hardcore Champion Maven to win the title as the champion was backstage receiving medical treatment
missing_match,add_match,2002-04-15,Raw,WWF RAW #464,241,,,,,,Tommy Dreamer pinned WWF Hardcore Champion Raven at the 6-second mark to win the title with the Death Valley Driver
missing_match,keep,2002-04-15,Raw,WWF RAW #464,241,,,,,,Steven Richards pinned WWF Hardcore Champion Tommy Dreamer at the 6-second mark to win the title with the superkick
missing_match,add_match,2002-04-15,Raw,WWF RAW #464,241,,,,,,Bubba Ray Dudley pinned WWF Hardcore Champion Steven Richards at the 15-second mark to win the title following a guitar shot to the head
missing_match,split,2002-04-21,PPV,WWF Backlash 2002,242,,,,,,"WWF Cruiserweight Champion Tajiri defeated Billy Kidman, Chavo Guerrero Jr., and the Hurricane by pinning the Hurricane"
missing_match,split,2002-04-21,PPV,WWF Backlash 2002,242,,,,,,Dawn Marie pinned Kim Neilson to earn a WWF contract
missing_match,split,2002-04-21,PPV,WWF Backlash 2002,242,,,,,,Tazz defeated Hardcore Holly
missing_match,split,2002-04-21,PPV,WWF Backlash 2002,242,,,,,,Val Venis & Hugh Morrus defeated Albert & D-Von Dudley
missing_match,split,2002-04-21,PPV,WWF Backlash 2002,242,,,,,,Christian & Lance Storm defeated Randy Orton & Mark Henry
missing_match,split,2002-04-21,PPV,WWF Backlash 2002,242,,,,,,Torrie Wilson defeated Stacy Keibler and Ivory in a swimsuit contest
missing_match,split,2002-04-21,PPV,WWF Backlash 2002,242,,,,,,WWF Tag Team Champions Billy Gunn & Chuck Palumbo defeated Al Snow & Maven
missing_match,split,2002-04-21,PPV,WWF Backlash 2002,242,,,,,,Chris Jericho defeated Rikishi
missing_match,split,2002-04-21,PPV,WWF Backlash 2002,242,,,,,,Edge defeated Kurt Angle
missing_match,keep,2002-05-06,Raw,WWE RAW #467,245,,,,,,Bubba Ray Dudley pinned WWE Hardcore Champion Steven Richards with the Bubba Bomb to win the title
missing_match,keep,2002-05-06,Raw,WWE RAW #467,245,,,,,,Raven pinned WWE Hardcore Champion Bubba Ray Dudley to win the title after hitting Bubba over the head with a trashcan lid and following with the DDT
missing_match,keep,2002-05-06,Raw,WWE RAW #467,245,,,,,,Justin Credible pinned WWE Hardcore Champion Raven with the superkick to win the title
missing_match,keep,2002-05-06,Raw,WWE RAW #467,245,,,,,,Crash Holly pinned WWE Hardcore Champion Justin Credible with a missile dropkick to win the title
missing_match,add_match,2002-05-06,Raw,WWE RAW #467,245,,,,,,Trish Stratus pinned WWE Hardcore Champion Crash Holly to win the title after Bubba Ray hit Crash over the head with a trash can and turned away before making the cover himself
missing_match,add_match,2002-05-06,Raw,WWE RAW #467,245,,,,,,"Steven Richards pinned WWE Hardcore Champion Trish Stratus to win the title after Bubba Ray was sprayed in the face with a fire extinguisher by Jazz and, while blinded, hit a powerbomb on Trish through a table set up in the ring – thinking it was Jazz; after the match, Bubba carried Trish backstage"
missing_match,keep,2002-05-06,Raw,WWE RAW #467,245,,,,,,"Terri defeated Molly Holly in a swimsuit contest; Jerry Lawler was the guest MC for the event; after the contest, Molly attacked Terri from behind"
missing_match,keep,2002-05-09,SmackDown,Thursday Night SmackDown,71,,,,,,WWE World Champion Hulk Hogan & Edge fought Chris Jericho & Kurt Angle to a no contest
missing_match,keep,2002-05-27,Raw,WWE RAW #470,249,,,,,,"Terri pinned WWE Hardcore Champion Steven Richards to win the title when, as she was conducting an interview with Richards backstage, a brawl broke out also involving Jackie, the Big Bossman, and Shawn Stasiak; after Richards was beaten down and the other three participants took their battle elsewhere, Terri made the pin"
missing_match,keep,2002-05-27,Raw,WWE RAW #470,249,,,,,,Steven Richards pinned WWE Hardcore Champion Terri with a roll up to win the title as she was celebrating
missing_match,keep,2002-06-06,SmackDown,Thursday Night SmackDown,75,,,,,,"KOTR Qualifying Match : Chris Jericho defeated Edge via forfeit when Edge was unable to compete due to a shoulder injury sustained during the previous week's steel cage match against Kurt Angle; during the segment, Jericho attacked Edge and further injured the shoulder by laying it across the steel ring steps and smashing it with a steel chair before Val Venis made the save"
missing_match,add_match,2002-07-15,Raw,WWE RAW #477,257,,,,,,Bradshaw pinned WWE Hardcore Champion Johnny Stamboli with the Clothesline from Hell to win the title as Stamboli was talking with Eric Bischoff in his office
missing_match,add_match,2002-07-29,Raw,WWE RAW #479,260,,,,,,Johnny Stamboli pinned WWE Hardcore Champion Jeff Hardy to win the title after a spinebuster
missing_match,keep,2002-07-29,Raw,WWE RAW #479,260,,,,,,"Tommy Dreamer pinned WWE Hardcore Champion Johnny Stamboli to win the title after Bradshaw hit the Clothesline from Hell on the champion, only to be sent out of the ring by Dreamer after a cane shot"
missing_match,keep,2002-10-03,SmackDown,Thursday Night SmackDown,92,,,,,,"Torrie Wilson defeated Dawn Marie in a bikini contest; after the contest, Dawn Marie threw her opponent to the floor"
missing_match,keep,2002-10-10,SmackDown,Thursday Night SmackDown,93,,,,,,Torrie Wilson defeated Dawn Marie in a Lingerie contest
missing_match,add_match,2002-10-28,Raw,WWE RAW #492,276,,,,,,"WWE Raw Tag Team Champions Chris Jericho & Christian defeated Bubba Ray Dudley & Jeff Hardy (sub. for Spike Dudley who was injured earlier in the night) when Jericho pinned Hardy with the Lionsault after using one of the title belts as a weapon; moments before the finish, Bubba left ringside to save Spike – who had been captured by Rico, Rosey, and Jamal"
missing_match,keep,2002-10-31,SmackDown,Thursday Night SmackDown,96,,,,,,Torrie Wilson pinned Dawn Marie in a pool of mud match following a chop
missing_match,keep,2002-11-04,Raw,WWE RAW #493,277,,,,,,"Super Tuesday – shown 11/12/02 : WWE Raw World Champion Triple H, WWE Raw Tag Team Champions Chris Jericho & Christian, and Rosey & Jamal defeated Kane, Booker T, Rob Van Dam, Bubba Ray Dudley, & Jeff Hardy when Triple H pinned Kane with the Pedigree after Ric Flair interfered and hit Kane with a chair as Kane attempted a plancha to the floor"
missing_match,split,2002-11-17,PPV,WWE Survivor Series 2002,279,,,,,,Shelton Benjamin & Charlie Haas defeated Danny Doring & Danny Gimondo when Haas forced a submission from Gimondo
missing_match,keep,2002-11-28,SmackDown,Thursday Night SmackDown,100,,,,,,Torrie Wilson defeated Dawn Marie in a Pilgrim match
missing_match,add_match,2003-01-09,SmackDown,Thursday Night SmackDown,106,,,,,,Rikishi pinned John Cena (w/ Bull Buchanon) in a Kiss My Ass match after superkicking a chair into Cena's face
missing_match,keep,2003-01-09,SmackDown,Thursday Night SmackDown,106,,,,,,Sho Funaki pinned Red Dogg with a cradle
missing_match,add_match,2003-01-09,SmackDown,Thursday Night SmackDown,106,,,,,,Jamie Noble & Nunzio defeated Nova & Spanky when Noble forced a submission from Nova
missing_match,add_match,2003-01-09,SmackDown,Thursday Night SmackDown,106,,,,,,Matt Hardy (w/ Shannon Moore) pinned Chuck Palumbo with the Twist of Fate after Moore interfered
missing_match,add_match,2003-01-09,SmackDown,Thursday Night SmackDown,106,,,,,,Brock Lesnar pinned the Big Show in a No DQ match following a chair shot
missing_match,add_match,2003-01-09,SmackDown,Thursday Night SmackDown,106,,,,,,Bill DeMott pinned Shannon Moore with a sit-down powerbomb
missing_match,add_match,2003-01-09,SmackDown,Thursday Night SmackDown,106,,,,,,WWE Cruiserweight Champion Billy Kidman pinned Tajiri
missing_match,add_match,2003-01-09,SmackDown,Thursday Night SmackDown,106,,,,,,Chris Benoit & Edge defeated Shelton Benjamin & Charlie Haas (w/ Kurt Angle) when Edge pinned Benjamin with the spear
missing_match,keep,2003-04-07,Raw,WWE RAW #515,306,,,,,,Scott Steiner fought Christopher Nowinski to a no contest when Steiner brutally assaulted Nowinski at ringside and on the rampway before the bout following an anti-war tirade from Nowinski
missing_match,keep,2003-05-05,Raw,WWE RAW #519,311,,,,,,"Bill Goldberg fought Christian to a no contest; prior to the bout, Rico and 3 Minute Warning came ringside and attempted to pay Goldberg back for their beating the previous week; Goldberg easily took out all three men, scoring a pin over Rico with the Jackhammer; following the pinfall, Christian attacked Goldberg with a chair and left through the crowd; Steve Austin then came to the ring and ordered a rematch for the following week between Goldberg and Christian – this time in a steel cage – before he and Goldberg closed the show by downing numerous Molson beers"
missing_match,split,2003-05-18,PPV,WWE Judgment Day 2003,313,,,,,,"Torrie Wilson defeated Sable in a bikini challenge; Tazz was the MC for the contest; after the cheers were about even for each woman, Torrie took off her bikini to reveal a smaller diamond bikini underneath; moments later, before leaving the ring, Torrie kissed Sable on the lips"
missing_match,keep,2003-06-12,SmackDown,Thursday Night SmackDown,128,,,,,,"Vince McMahon defeated Zach Gowen in an arm wrestling match after Gowen became distracted by Sable flashing herself; due to prematch stipulations, Mr. America had to leave ringside prior to McMahon's arm wrestling match with Zach Gowen; after the arm wrestling contest, Vince sent Stephanie McMahon and Sable backstage as well"
missing_match,keep,2003-06-12,SmackDown,Thursday Night SmackDown,128,,,,,,"Vince McMahon defeated Zach Gowen in an arm wrestling match after kicking Gowen in his prosthetic leg; had Gowen won the match, he would have earned a WWE contract"
missing_match,keep,2003-06-16,Raw,WWE RAW #525,319,,,,,,"Test (mystery opponent) fought Mae Young (w/ the Fabulous Moolah) to a no contest when Test shoved Moolah and hit the pumphandle slam on Mae as guest referee Scott Steiner made his way to the ring with Stacy Keibler; moments later, Steiner held Test off as EMTs tended to Mae, who was later taken out on a stretcher"
missing_match,keep,2003-06-30,Raw,WWE RAW #527,321,,,,,,"Bill Goldberg fought Lance Storm to a no contest when Rodney Mack attacked Goldberg prior to the match and was met with the spear for his troubles; after the bout, Storm retreated backstage as Goldberg hit the Jackhammer on Mack"
missing_match,keep,2003-09-04,SmackDown,Thursday Night SmackDown,140,,,,,,"Torrie Wilson defeated Sable, Nidia, and Dawn Marie in the Bourbon Street Bikini Contest; after the contest, Shaniqua attacked both Torrie and Nidia and tossed them to the arena floor (only shown in highlights)"
missing_match,keep,2003-09-11,SmackDown,Thursday Night SmackDown,141,,,,,,Stephanie McMahon fought Brock Lesnar to a no contest when Kurt Angle joined in attacking Lesnar after Stephanie hit a low blow on both Lesnar and Vince McMahon
missing_match,keep,2003-09-25,SmackDown,Thursday Night SmackDown,143,,,,,,"The Big Show defeated Arch Kincaid & John Walters in a handicap match (not televised); after the bout, Show joined the announce team"
missing_match,add_match,2003-10-20,Raw,WWE RAW #543,342,,,,,,"Shawn Michaels fought World Heavyweight Champion Bill Goldberg to a no contest at around 6:30 when Batista made his return, pulled the challenger out of the ring, attacked him, and tossed him into the front row before hitting a sit-down powerbomb on the champion and snapping his ankle in a folded up steel chair; after the contest, Evolution came out and awarded Batista the $100,000 bounty which was placed on Goldberg's head"
missing_match,keep,2003-10-30,SmackDown,Thursday Night SmackDown,148,,,,,,"Torrie Wilson defeated Dawn Marie in a Trick or Treat Costume Contest; Sho Funaki was the guest MC for the event; after the win, Torrie pushed Tazz into a vat of chocolate in the ring"
missing_match,keep,2003-12-15,Raw,WWE RAW #551,352,,,,,,"Mick Foley fought WWE IC Champion Randy Orton to a no contest when Foley rolled out of the ring to psych himself up but eventually left ringside, grabbed his bags, and left the arena; due to prematch stipulations, Foley lost his Co-GM role on Raw and was fired from the company; had Foley won, Eric Bischoff would have been fired"
missing_match,keep,2003-12-25,SmackDown,WWE SmackDown #228,354,,,,,,"Torrie Wilson defeated Dawn Marie and Sable in a Santa's Little Helper outfit contest; after the event, Wilson fought off Dawn Marie and Sable after being double teamed"
missing_match,add_match,2004-01-08,SmackDown,WWE SmackDown #230,358,,,,,,"WWE Smackdown! Tag Team Champions Doug & Danny Basham (w/ Shaniqua) defeated Eddie & Chavo Guerrero Jr. at 16:22 when Doug reversed an attempt by Chavo for a sunset flip into the ring, holding onto Shaniqua for leverage; after the bout, Eddie sustained a brutal double team inside the ring while Chavo sat at ringside and watched; after the champions left ringside, Chavo helped his uncle to his feet before punching him to the mat and pummeling him until Eddie became busted open; moments thereafter, Chavo drove off in Eddie's low rider"
missing_match,keep,2004-02-19,SmackDown,WWE SmackDown #236,372,,,,,,Tajiri pinned Billy Gunn with the kick to the head after Akio and Sakoda interfered (not televised)
missing_match,keep,2004-03-18,SmackDown,WWE SmackDown #240,381,,,,,,Shelton Benjamin pinned Billy Gunn with a roll up and using the ropes for leverage after avoiding the Fameasser
missing_match,add_match,2004-03-18,SmackDown,WWE SmackDown #240,381,,,,,,Rey Mysterio Jr. pinned Shelton Benjamin with the 619 and springboard legdrop
missing_match,add_match,2004-03-18,SmackDown,WWE SmackDown #240,381,,,,,,"Rey Mysterio Jr. defeated the Big Show via count-out after Mysterio hit a 619 as Show was distracted by John Cena at ringside and then Cena hit Show with the title belt; due to winning the gauntlet series, Mysterio earned a world title shot"
missing_match,keep,2004-05-10,Raw,WWE RAW #572,397,,,,,,"Matt Hardy (w/ Lita) fought Val Venis to a no contest when, as Val was being introduced, Kane attacked Val backstage"
missing_match,split,2004-05-16,PPV,WWE Judgment Day 2004,399,,,,,,WWE Smackdown! Tag Team Champions Rico & Charlie Haas defeated Billy Gunn & Hardcore Holly when Haas pinned Gunn with a roll up
missing_match,split,2004-05-16,PPV,WWE Judgment Day 2004,399,,,,,,Mordecai pinned Orlando Jordan
missing_match,split,2004-05-16,PPV,WWE Judgment Day 2004,399,,,,,,Mark Jindrak pinned Sho Funaki with the Mark of Excellence
missing_match,split,2004-05-16,PPV,WWE Judgment Day 2004,399,,,,,,Billy Kidman & Paul London defeated Doug & Danny Basham and Nunzio & Johnny Stamboli in an elimination match; a Basham pinned Stamboli with a roll up; London pinned a Basham with the 450 splash
missing_match,split,2004-05-16,PPV,WWE Judgment Day 2004,399,,,,,,The Undertaker pinned Booker T with the tombstone
missing_match,split,2004-05-16,PPV,WWE Judgment Day 2004,399,,,,,,WWE US Champion John Cena pinned Rene Dupree with the FU
missing_match,split,2004-05-16,PPV,WWE Judgment Day 2004,399,,,,,,WWE Cruiserweight Champion Chavo Guerrero Jr. defeated Jamie Noble and Spike Dudley by pinning Spike
missing_match,split,2004-05-16,PPV,WWE Judgment Day 2004,399,,,,,,Rob Van Dam & Rey Mysterio Jr. defeated the Dudley Boys in a No DQ match by scoring simultaneous pins
missing_match,keep,2004-06-03,SmackDown,WWE SmackDown #251,405,,,,,,Billy Gunn & Hardcore Holly defeated Nunzio & Johnny Stamboli after a double team move
missing_match,keep,2004-06-03,SmackDown,WWE SmackDown #251,405,,,,,,"Jackie Gayda defeated Sable, Torrie Wilson, and Dawn Marie in a bikini contest; Jamie Noble was the MC for the contest"
missing_match,add_match,2004-06-07,Raw,WWE RAW #576,406,,,,,,Matt Hardy & Lita defeated Tyson Tomko & WWE Women's Champion Trish Stratus when Lita pinned Trish with the DDT at 4:26 after avoiding the Stratusfaction
missing_match,add_match,2004-06-07,Raw,WWE RAW #576,406,,,,,,Gail Kim & Molly Holly defeated Stacy Keibler & Nidia at 5:10 when Stacy submitted to Gail
missing_match,add_match,2004-06-07,Raw,WWE RAW #576,406,,,,,,Tajiri defeated Albert; this bout was not televised during the live telecast and took place while the TV audience was shown a 5-minute long commercial promoting the premire of Joe Schmo 2
missing_match,keep,2004-06-07,Raw,WWE RAW #576,406,,,,,,"World Heavyweight Champion Chris Benoit, Edge, & Chris Jericho defeated WWE IC Champion Randy Orton, Ric Flair, & Batista (w/ Triple H) in an elimination match at 34:35; Jericho pinned Batista with the Lionsault at 15:33 after Batista sustained the spear from Edge and diving headbutt from Benoit; Flair pinned Jericho at 22:07 after Orton hit the RKO as Flair was caught in the Walls of Jericho; Orton pinned Edge with a low blow and the RKO at 31:19; Benoit forced Flair to submit to the Crippler Crossface at 32:03; Benoit forced Orton to submit to the Sharpshooter; after the bout, Benoit and Triple H had a staredown, with Benoit in the ring and Triple H on the floor"
missing_match,keep,2004-06-21,Raw,WWE RAW #578,411,,,,,,"William Regal fought Kane to a no contest when both men fought on the floor before the match officially began, with Kane knocking Regal out with a boot to the face (Regal's first match back since February 2003)"
missing_match,keep,2004-07-08,SmackDown,WWE SmackDown #256,417,,,,,,Charlie Haas (w/ Jackie Gayda) fought unknown to a no contest when Smackdown! GM Kurt Angle came out before Haas' opponent and announced that Haas was suspended for one week without pay and would face Luther Reigns the following week (this segment did not air)
missing_match,keep,2004-08-23,Raw,WWE RAW #587,432,,,,,,"Jonathan Coachman, WWE Raw Tag Team Champions Rob Conway & Sylvian Grenier defeated Rhyno & Tajiri in a handicap match at 4:55"
missing_match,add_match,2004-08-23,Raw,WWE RAW #587,432,,,,,,Batista defeated William Regal at 2:55
missing_match,keep,2004-08-23,Raw,WWE RAW #587,432,,,,,,"Kane defeated Pat, Nat, Rat, & Fat Hardy at the 19-second mark"
missing_match,add_match,2004-08-23,Raw,WWE RAW #587,432,,,,,,Chris Benoit defeated Ric Flair via disqualification at 5:54 when Batista interfered
missing_match,keep,2004-08-23,Raw,WWE RAW #587,432,,,,,,Victoria & Nidia defeated WWE Women's Champion Trish Stratus & Gail Kim at 3:47
missing_match,keep,2004-08-23,Raw,WWE RAW #587,432,,,,,,Eugene pinned Triple H in a No DQ match at 10:49 after Randy Orton interfered
missing_match,keep,2004-11-08,Raw,WWE RAW #598,457,,,,,,World Heavyweight Champion Triple H fought Tajiri to a no contest
missing_match,split,2004-12-12,PPV,WWE Armageddon 2004,467,,,,,,"The Big Show defeated Kurt Angle, Mark Jindrak, & Luther Reigns in a handicap match at 9:58 by pinning Jindrak with an F5 after kicking the steel ring steps into Angle's face as Angle was on the floor"
missing_match,split,2004-12-12,PPV,WWE Armageddon 2004,467,,,,,,Chris Masters pinned Nick Sinn
missing_match,keep,2005-01-13,SmackDown,WWE SmackDown #283,479,,,,,,Amy Weber defeated Joy Giovanni via forfeit when Joy failed to appear during her ring introduction; moments later it was refealed that she had gone missing
missing_match,split,2005-01-30,PPV,WWE Royal Rumble 2005,484,,,,,,"Batsita won the 30-man Royal Rumble match at 53:54 by last eliminating John Cena; due to pre-match stipulations, Batista earned a world title match at WrestleMania XXI"
missing_match,keep,2005-03-28,Raw,WWE RAW #618,502,,,,,,"Christy Hemme (w/ Lita) defeated WWE Women's Champion Trish Stratus in an arm wrestling match; moments later, Trish demanded a rematch since she claimed she was not ready; a rematch took place and Christy once again dominated; after the contest, Trish shoved ring announcer Lilian Garcia to the mat and did the same to Lita before leaving ringside"
missing_match,keep,2005-04-04,Raw,WWE RAW #619,505,,,,,,"WWE Women's Champion Trish Stratus fought Christy Hemme (w/ Lita) to a no contest when the champion knocked Hemme out before the match with the Chick Kick; as the referee tended to Christy, Trish attacked the injured knee of Lita, putting her in a leg submission for several moments before leaving ringside"
missing_match,keep,2005-06-02,SmackDown,WWE SmackDown #303,524,,,,,,fall #1: Mercury pinned Holly; 1-0
missing_match,keep,2005-06-02,SmackDown,WWE SmackDown #303,524,,,,,,fall #2: Mercury pinned Haas; 2-0
missing_match,keep,2005-06-02,SmackDown,WWE SmackDown #303,524,,,,,,fall #3: Haas pinned Mercury; 2-1
missing_match,keep,2005-07-07,SmackDown,WWE SmackDown #308,536,,,,,,"Matt Morgan fought William Regal to a no contest when Juventud Guerrera, Super Crazy, & Psychosis attacked Morgan during Regal's entrance"
missing_match,keep,2005-07-14,SmackDown,WWE SmackDown #309,538,,,,,,"John Heidenreich fought an unknown to a no contest when he was attacked before the match by WWE Smackdown! Tag Team Champions Johnny Nitro & Joey Mercury; moments later, Road Warrior Animal appeared and cleared the ring; moments later, Nitro & Mercury, after escaping into the crowd, cut a promo challenging Heidenreich & Road Warrior Animal a tag team title shot at the Great American Bash"
missing_match,keep,2005-08-04,SmackDown,WWE SmackDown #312,545,,,,,,Psychosis & Super Crazy defeated William Regal & Scotty 2 Hotty when Psychosis pinned Scotty with the legdrop off the top after Regal walked out of the match (match not televised)
missing_match,split,2005-09-01,SmackDown,WWE SmackDown #316,554,,,,,,Christy Hemme fought Stacy Keibler to a no contest when Sylvan Grenier came out to interrupt the bout and posed in the ring until he was chased off by Hardcore Holly
missing_match,add_match,2005-12-12,Raw,WWE Monday Night RAW #655,588,,,,,,WWE Raw Tag Team Champion the Big Show pinned Carlito Caribbean Cool with the chokeslam at 1:09
missing_match,keep,2005-12-12,Raw,WWE Monday Night RAW #655,588,,,,,,"Mick Foley pinned John Bradshaw Layfield in a no holds barred match with the Mr. Socko Mandible Claw at 1:58 after a double arm DDT; the match came about after JBL, dressed as Santa Claus, was interviewed in the ring by Jonathan Coachman, with JBL saying he was going to cancel all the holidays; moments later, Foley, also dressed as Santa, came out and said he wanted a no holds barred match against the other Santa; during the contest, both of their costumes were removed"
missing_match,add_match,2005-12-12,Raw,WWE Monday Night RAW #655,588,,,,,,Gene Snitsky pinned Shelton Benjamin at 1:52 with a boot to the face after Benjamin hit his head on an exposed top turnbuckle
missing_match,add_match,2005-12-12,Raw,WWE Monday Night RAW #655,588,,,,,,WWE World Champion John Cena pinned Chris Masters in a non-title match at 4:53 with the FU
missing_match,add_match,2005-12-12,Raw,WWE Monday Night RAW #655,588,,,,,,WWE IC Champion Ric Flair defeated Jonathan Coachman via submission with the figure-4 at 2:01
missing_match,keep,2005-12-12,Raw,WWE Monday Night RAW #655,588,,,,,,Candice Michelle & Maria defeated WWE Women's Champion Trish Stratus & Ashley when Candice pinned Ashley with a roll up and grabbing the clothes for leverage at 4:16
missing_match,add_match,2005-12-12,Raw,WWE Monday Night RAW #655,588,,,,,,"Shawn Michaels pinned Triple H in a bootcamp match at 13:35 with the superkick after a catapult sent Triple H face-first into the corner; prior to the bout, Jerry Lawler & Joey Styles mentioned that one of the soldiers on hand, Chris Polumbo, is the brother of former WWE wrestler Chuck Polumbo and was a recipient of the silver star"
missing_match,add_match,2005-12-12,Raw,WWE Monday Night RAW #655,588,,,,,,Beat the Clock Match : Shawn Michaels pinned Gene Snitsky with the superkick at 5:56
missing_match,add_match,2005-12-12,Raw,WWE Monday Night RAW #655,588,,,,,,"Beat the Clock Match : Chris Masters fought Chavo Guerrero Jr. to a no contest at around 6:20 when, after Masters realized he would not beat Michaels' time, he released the full nelson and cut an in-ring promo saying that the clock was off but he would still win the WWE World Title at “New Year's Resolution”; moments later, Chavo cleared Masters from the ring"
missing_match,add_match,2005-12-12,Raw,WWE Monday Night RAW #655,588,,,,,,"Beat the Clock Match : Daivari defeated Kurt Angle via count-out at 1:16 when Angle chased referee Mike Chioda into the crowd when Chioda refused to count Angle's cover as Daivari laid down for his opponent, with Chioda sliding back into the ring to administer the 10-count"
missing_match,add_match,2005-12-12,Raw,WWE Monday Night RAW #655,588,,,,,,"Beat the Clock Match : WWE World Champion John Cena defeated Shelton Benjamin in a non-title match at 7:16 via submission with the STFU after hitting the FU; after the bout, Cena fought off an interfering Daivari before he and Kurt Angle were pulled apart by officials; after the commercial break, Benjamin was shown talking to someone on the phone, with the other person on the line saying they would appear the following week; moments later, as Matt Striker spoke to Vince McMahon about applying for the Raw GM position, Vince said Cena would face Angle next week in a First Blood match"
missing_match,add_match,2005-12-12,Raw,WWE Monday Night RAW #655,588,,,,,,"Beat the Clock Match : Carlito Caribbean Cool pinned Victoria (w/ Torrie Wilson & Candice Michelle) with the Roll of the Dice at 2:36; after the bout, Carlito spat an apple in Victoria's face"
missing_match,add_match,2005-12-12,Raw,WWE Monday Night RAW #655,588,,,,,,"Beat the Clock Match : WWE Raw Tag Team Champion Kane defeated the Heart Breakers in a handicap match at the 27-second mark by pinning both following a double chokeslam; because Kane earned the quickest win of all the Elimination Chamber participants, he won the right to enter the match last"
missing_match,keep,2006-01-16,Raw,WWE Monday Night RAW #660,600,,,,,,"John Cena fought Chris Masters to a no contest in the Masterlock Challenge when Edge came into the ring, mocked Cena by spinning the world title belt, and then hitting Cena in the face with the belt, busting him open"
missing_match,keep,2006-04-24,Raw,WWE Monday Night RAW #674,630,,,,,,"Candice Michelle defeated Maria, Torrie Wilson, and Victoria in a bikini contest when guest MC Jonathan Coachman awarded Candice the victory despite the crowd's reaction; after the contest, Coachman said her prize was making out with him; moments later, Viscera appeared and said he wanted to do to Coachman what Coachman wanted to do to Candice; he then dropped Coachman with a Samoan Drop, splashed him, kissed Candice, and left ringside with her"
missing_match,add_match,2006-06-16,SmackDown,WWE Friday Night SmackDown #357,648,,,,,,WWE US Champion Bobby Lashley pinned Booker T (w/ Sharmell) in a non-title match at 16:00 by catching Booker running off the ropes and hitting a running powerslam
missing_match,add_match,2006-09-08,SmackDown,WWE Friday Night SmackDown #369,675,,,,,,"WWE US Champion Finlay pinned Danny Giomondo in a non-title match with the Green Bay Plunge at 2:24; after the match, Kennedy brought out Teddy Long and said that since he had beaten everyone on Smackdown! he was considering leaving for Raw; Long said Kennedy had not beaten everyone and then ordered him to face the Undertaker at No Mercy"
missing_match,keep,2006-11-13,Raw,WWE Monday Night RAW #703,697,,,,,,"Chris Masters defeated Jerry Lawler in a Masterpiece Challenge; after the contest, Todd Grisham joined Jim Ross on commentary to fill in for Lawler"
missing_match,split,2007-01-07,PPV,WWE New Year's Revolution 2007,715,,,,,,"Triple H & Shawn Michaels fought WWE Raw Tag Team Champions Edge & Randy Orton to a no contest at around the 20-minute mark when Michaels punched out referee Marty Elias and, with Triple H, bloodied Rated RKO with steel chairs; Triple H tore a tendon in his right quadriceps at around the 17-minute mark while dropping Orton with a spinebuster; after the bout, Triple H hit the Pedigree on Orton onto the English broadcast table before Michaels hit an elbow drop off the top onto Edge, putting him through the Spanish broadcast table; moments later, Michaels threw both title belts in the ring, as if to say Rated RKO could have them"
missing_match,keep,2007-01-08,Raw,WWE Monday Night RAW #711,716,,,,,,"“Donald Trump” pinned “Rosie O'Donnell” at 5:55 with a diving headbutt off the middle turnbuckle after shoving her own cake into her face; Vince McMahon conducted the ring introductions for the match; “Rosie” was portrayed as the heel; the crowd repeatedly chanted “Boring,” “This match sucks,” and “TNA” during the contest"
missing_match,keep,2007-01-22,Raw,WWE Monday Night RAW #713,720,,,,,,"The Great Khali won a Royal Rumble type match at 4:46 by last eliminating WWE World Champion John Cena; the bout was originally Jonathan Coachman vs. Cena but Coachman said Cena would have to survive a Rumble in which all the other participants were out to eliminate just him; other participants included: Trevor Murdoch & Garrison Cade, Shelton Benjamin & Charlie Haas, and Viscera; Khali eliminated everyone in the match but Murdoch, who was FU'd to the floor by Cena early on; after the bout, Khali continued to attack Cena"
missing_match,keep,2007-02-02,SmackDown,WWE Friday Night SmackDown #389,724,,,,,,"Ashley defeated Jillian Hall and Kristal in a bikini contest; Jillian objected to the rules and opted to sing Britney Spears' “Oops, I Did it Again…” to show her talents until MC for the contest, John Bradshaw Layfield, took the mic away, saying “Michael Hayes singing ‘Badstreet' was better than that;” after the contest, Ashley stripped Jillian"
missing_match,keep,2007-02-26,Raw,WWE Monday Night RAW #718,732,,,,,,Johnny Nitro fought Super Crazy to a no contest when Nitro assaulted Crazy around ringside before the match began and threw him into the steel ring steps before storming off
missing_match,keep,2007-03-05,Raw,WWE Monday Night RAW #719,734,,,,,,Chris Masters defeated Jim Duggan in a Masterlock Challenge
missing_match,keep,2007-03-19,Raw,WWE Monday Night RAW #721,738,,,,,,"WWE Raw Tag Team Champion Shawn Michaels fought John Bradshaw Layfield to a no contest when JBL came out in a suit and tie and began verbally assaulting Michaels, saying JBL would come out of retirement when he wanted to and it would be in New York City; he then said Michaels hadn't hit the superkick on WWE World Champion John Cena, despite his opportunities, because deep inside he knew he couldn't beat Cena and that win or lose at WrestleMania he still wanted the approval of the fans; moments later, Michaels took the mic and said he would beat Cena, he would use the superkick when he wanted to and when it was least expected, and then knocked JBL out with the superkick before putting on JBL's cowboy hat and leaving ringside"
missing_match,keep,2007-03-19,Raw,WWE Monday Night RAW #721,738,,,,,,"ECW World Champion Bobby Lashley defeated Chris Masters in a Masterpiece Challenge; prior to the contest, a clip was shown highlighting the 2 years in which the hold had not been broken (the official first breaking of the hold)"
missing_match,keep,2007-04-30,Raw,WWE Monday Night RAW #727,752,,,,,,"WWE World Champion John Cena fought Shawn Michaels to a no contest in a non-title match when Michaels was found bloodied backstage before his entrance; after the commercial break, medics and other wrestlers tended to Michaels as Vince McMahon ordered Jonathan Coachman to find out who was responsible"
missing_match,add_match,2007-07-16,Raw,WWE Monday Night RAW #738,776,,,,,,Dark match after the taping : WWE World Champion John Cena defeated Randy Orton
missing_match,add_match,2007-08-03,SmackDown,WWE Friday Night SmackDown #415,782,,,,,,Matt Hardy defeated WWE US Champion MVP via count-out in an impromptu non-title match at around the 14-minute mark when MVP walked out of the contest (the bout began during the commercial break)
missing_match,keep,2007-08-24,SmackDown,WWE Friday Night SmackDown #418,788,,,,,,"Matt Hardy fought WWE US Champion MVP to a no contest in a basketball contest when WWE Smackdown! Tag Team Champions Deuce & Domino, with Cherry, attacked both men from behind and laid them out near the basketball hoop set up near the entrance stage; during the attack, Deuce dropped both men with the boot to the face; rules of the contest stated the first man to get 11 baskets would win"
missing_match,keep,2008-01-11,SmackDown,WWE Friday Night SmackDown #438,834,,,,,,"Hornswoggle (w/ Finlay) defeated Runjin Singh (w/ the Great Khali) in an arm wrestling contest; after the bout, Khali attacked Finlay and attempted to chokeslam Hornswoggle until Finlay knocked him to the floor after two chairshots to the back"
missing_match,keep,2008-02-04,Raw,WWE Monday Night RAW #767,842,,,,,,Mickie James & Kelly Kelly defeated WWE Women's Champion Beth Phoenix & Victoria at 2:43 when Mickie pinned Victoria with a Tornado DDT
missing_match,keep,2008-02-04,Raw,WWE Monday Night RAW #767,842,,,,,,"Ken Kennedy defeated Super Crazy via submission with an inverted figure-4 at 2:30; after the bout, Kennedy showed footage on the big screen of the previous week's Smackdown! in which WWE US Champion MVP attacked Ric Flair after their match; Kennedy then offered Flair a chance to appear the next week and forfeit his match against Kennedy at No Way Out or face having to retire and limp the rest of his life"
missing_match,keep,2008-02-04,Raw,WWE Monday Night RAW #767,842,,,,,,"WWE Raw Tag Team Champions Hardcore Holly & Cody Rhodes defeated Lance Cade & Trevor Murdoch in a non-title match at 2:16 when Rhodes pinned Murdoch with a DDT; after the bout, Carlito Caribbean Cool, Santino Marella, & Maria appeared with Carlito and Santino announcing they had been named the new #1 contenders and would take the belts from Holly & Rhodes"
missing_match,keep,2008-02-18,Raw,WWE Monday Night RAW #769,846,,,,,,"Hornswoggle (w/ Finlay) fought Vince McMahon to a no contest in a steel cage match when – before the match began – John Bradshaw Layfield slammed the cage door on Finlay, attacked him in the ring, and handcuffed him to the ring ropes as McMahon whipped Hornswoggle with his leather belt; moments later, after McMahon left the cage, JBL made Finlay watch as he threw Hornswoggle face-first into the cage, kicked him in the head, and then hit a fallaway slam which drove Hornswoggle again into the cage; McMahon then called for JBL to leave the cage and sent for help before telling Hornswoggle through the cage that he was sorry"
missing_match,keep,2008-03-10,Raw,WWE Monday Night RAW #772 - WrestleMania Rewind,852,,,,,,WrestleMania Rewind : Barry Windham & Mike Rotunda fought Nikolai Volkoff & the Iron Sheik to a no contest when Jillian Hall interrupted after both teams' entrance and attempted to sing Windham & Rotunda's former theme song – Bruce Springsteen's “Born in the USA” – until Rotunda hoisted her into an airplane spin
missing_match,keep,2008-03-28,SmackDown,WWE Friday Night SmackDown #449,857,,,,,,"Mark Henry won a 4-man battle royal by last eliminating the Great Khali at 2:46; order of elimination: Chuck Palumbo by Kane (0:35); Kane by Henry via a slam over the top after Khali dropped Kane with the tree slam (2:04); Khali by Henry via a slam over the top; ECW World Champion Chavo Guerrero Jr. provided guest commentary for the match; after the bout, Guerrero attacked Henry from behind and repeatedly targetted his knee until Henry caught him coming off the top and dropped him with the powerslam"
missing_match,keep,2008-04-21,Raw,WWE Monday Night RAW #778 - King Of The Ring 2008,865,,,,,,"“Barack Obama” fought “Hillary Clinton” (w/ “Bill Clinton”) to a no contest at 2:12 when Umaga appeared, dropped “Barack” with the thumb strike to the throat, scared “Bill” backstage, and dropped “Hillary” with a Samoan Drop; prior to the match, “Hillary” cut an in-ring promo as Hulk Hogan while “Barack” did the same as the Rock; “Hillary” used “Real American” as her theme music while “Barack” used the Rock's"
missing_match,keep,2008-05-02,SmackDown,WWE Friday Night SmackDown #454,869,,,,,,"The Undertaker fought the Great Khali to a no contest; prior to the match, Vickie Guerrero was wheeled out onto the stage by Teddy Long, alongside Edge, and said the scheduled title match would not take place because Taker had been stripped of the World Heavyweight Title due to the number of people he injured with the choke hold and that the hold was now banned; moments later, Vickie sent Khali to the ring to recover the title belt, with Taker then taking Khali down and locking the choke as Curt Hawkins & Zach Ryder came out of the crowd and stole back the belt; moments later, after Khali began bleeding from the mouth, Taker released the hold and starred at Edge & Vickie as the show went off the air"
missing_match,keep,2008-06-16,Raw,WWE Monday Night RAW #786,884,,,,,,"Maria defeated Eve, Jillian Hall, Lena, Layla, Melina, and Maryse in a bikini contest; Charlie Haas was the guest MC for the contest"
missing_match,keep,2008-10-20,Raw,WWE Monday Night RAW #804,924,,,,,,"Cryme Tyme fought WWE Raw Tag Team Champions Ted Dibiase Jr. & Cody Rhodes (w/ Manu) to a no contest when Dibiase, Rhodes, & Manu triple teamed the opponents before the match and laid them out Batista and World Heayvyweight Champion Chris Jericho defeated William Regal (w/ Layla), Mark Henry (w/ Tony Atlas), and Kane in a gauntlet match; Batista pinned Regal with the sit-down powerbomb at the 31-second mark; Jericho pinned Regal with the Code Breaker at the 4-second mark; Henry defeated Jericho via disqualification at 1:55 after Jericho hit Henry in the head with the title belt; Batista pinned Henry with a spinebuster at the 15-second mark; Kane pinned Jericho with a boot to the face at around the 6-minute mark (the bout began during the commercial break); Batista pinned Kane with the spear at the 7-second mark"
missing_match,keep,2008-10-27,Raw,WWE Monday Night RAW #805,927,,,,,,"ECW World Champion Matt Hardy & Jeff Hardy defeated The Brian Kendrick (w/ Ezikial Jackson) & MVP at 4:19 when Matt pinned MVP following the Swanton / Twist of Fate combo behind the referee's back as the referee sent Kendrick out of the ring, not realizing MVP had tagged out moments earlier; prior to the bout, footage was shown of episode #764 in which Jeff came off the entrance way scaffolding onto Randy Orton"
missing_match,keep,2008-10-27,Raw,WWE Monday Night RAW #805,927,,,,,,"William Regal won an 8-man battle royal by last eliminating Ted Dibiase Jr. at 3:28; order of elimination: Snitsky by Manu, Dibiase & Cody Rhodes (1:41); Manu & Rhodes by Dibiase (1:43); Jamie Noble by William Regal via knocking him off the apron (2:03); following the elimination, Regal and Noble briefly fought on the floor; JTG by Dibiase via a backdrop (2:46); Shad Gaspard by Dibiase via a dropkick after Gaspard crotched himself on the top rope (3:23); Dibiase by Regal from behind after Dibiase thought he had won the match; stipulations stated the winner would receive a WWE IC Title match the following week; WWE IC Champion Santino Marella, with WWE Women's Champion Beth Phoenix, provided commentary for the match"
missing_match,keep,2008-10-27,Raw,WWE Monday Night RAW #805,927,,,,,,Vladimir Kozlov pinned Charlie Haas with the headbutt to the sternum at the 25-second mark; Haas played the role of Bret Hart for the match and cut an in-ring promo before the bout claiming the fans didn't screw Kozlov at Cyber Sunday but that Kozlov screwed Kozlov
missing_match,keep,2008-10-27,Raw,WWE Monday Night RAW #805,927,,,,,,"WWE World Champion Triple H & Shawn Michaels defeated John Morrison & Mike Mizanin at around the 8-minute mark when Triple H pinned Mizanin with the Pedigree after Michaels hit the superkick; prior to the bout, Michaels interrupted Triple H's in-ring introduction and then showed footage of Morrison & Mizanin mocking them the previous week on ECW; Triple H then made fun of the fact they had two guys dress up as them; after the two noted Triple H's big nose, Michaels' losing his hair, and his chaps, Triple H put a high school photo of Mizanin on the big screen and a photo of Morrison; after Triple H and Michaels said they were ready, Triple H asked Mizanin, with a video clip from No Mercy 06 then airing in which Mizanin got a lap dance from Big Dick Johnson; Triple H then said Morrison & Mizanin had a dream to enjoy the same rights and priviledges as every other couple in the US (the bout began during the commercial break)"
missing_match,add_match,2008-10-27,Raw,WWE Monday Night RAW #805,927,,,,,,"WWE Women's Champion Beth Phoenix, Jillian Hall, Lena, Katie Lea, Layla, Victoria, Natayla Neidhart, & Maryse defeated Mickie James, Candice Michelle, Michelle, Eve, Brie Bella, Tiffany, Kelly Kelly, & Mae Young at 1:38 when Beth pinned Mae with a roll up; after the bout, WWE IC Champion Santino Marella came out to congratulate Beth; after the contest, Mae's teammates tended to her in the ring until she got up to her feet"
missing_match,keep,2008-10-27,Raw,WWE Monday Night RAW #805,927,,,,,,"WWE Raw Tag Team Champion CM Punk defeated Randy Orton via disqualification at 2:51 when Ted Dibiase Jr. ran in the ring and began punching Punk as Orton was setting Punk up for the RKO; prior to the bout, footage was shown of Orton kicking Punk in the head backstage at Unforgiven; after the bout, Cody Rhodes & Manu also appeared ringside, just as Orton kicked Dibiase in the head, knocking him out; Orton then left ringside as Rhodes, Manu, and referees tended to Dibiase; during the commercial break, Dibiase was taken backstage on a stretcher; after the break, Rhodes and Manu confronted Orton backstage, with Orton saying he was trying to kick some sense into Dibiase and then dared either of them to do something about it if they didn't like it; when neither did anything, Orton said they were smart and then walked away"
missing_match,keep,2008-10-27,Raw,WWE Monday Night RAW #805,927,,,,,,"The Undertaker defeated John Bradshaw Layfield via count-out at 2:54 when JBL opted not to get back in the ring after being knocked to the floor; Jim Ross & Tazz provided commentary for the match; after the contest, Shawn Michaels came out and threw JBL back into the ring, with Taker then dropping JBL with the tombstone"
missing_match,add_match,2008-10-27,Raw,WWE Monday Night RAW #805,927,,,,,,"Kane & Mark Henry (w/ Tony Atlas) defeated Rey Mysterio Jr. & WWE Raw Tag Team Champion Kofi Kingston (sub. for an injured Evan Bourne) at 2:15 when Henry pinned Kingston with the powerslam after Kane kicked Mysterio in the face; prior to the bout, footage from ECW was shown in which Bourne sustained torn ligaments in his ankle; after the bout, Kane threw Mysterio to the floor, with the Great Khali & Runjin Singh then appearing and Khali making the save; moments later, Mysterio hit the 619 on Henry with Khali following with a chop to the head"
missing_match,add_match,2008-10-27,Raw,WWE Monday Night RAW #805,927,,,,,,"Chris Jericho defeated World Heavyweight Champion Batista to win the title in a steel cage match at 15:32 by escaping over the top, moments after hitting the champion repeatedly in the head with a piece of the cage"
missing_match,keep,2008-11-14,SmackDown,WWE Friday Night SmackDown #482,932,,,,,,"WWE Divas Champion Michelle McCool defeated Maria via submission with the heel hook at 1:39; during McCool's entrance, Hurricane Helms cut an insert promo on the divas; to begin the match, the two shook hands; after the bout, Festus, who came ringside early in the match with Jesse, chased Michelle out of the ring, then helped Maria to her feet and gave her a stuffed animal dog"
missing_match,add_match,2008-11-28,SmackDown,WWE Friday Night SmackDown #484,936,,,,,,"Jesse & Festus defeated John Morrison & Mike Mizanin via disqualification at 4:59 when Morrison & Mizanin double teamed Jesse on the floor after both teams took turns ringing the timekeeper's bell, causing Festus to become angry and then comatose; after the bout, Morrison & Mizanin took turns ringing the bell and making fun of Festus before then knocking Jesse out with the bell; moments later, Mizanin accidentally rang the bell, with Festus then clearing the ring"
missing_match,add_match,2008-11-28,SmackDown,WWE Friday Night SmackDown #484,936,,,,,,"Beat the Clock Challenge : Triple H pinned WWE US Champion Shelton Benjamin in a non-title match at 12:13 with the Pedigree; Triple H hit the move with 30 seconds remaining and had to revive referee Mike Chioda to make the pinfall; during the contest, Jeff Hardy was shown watching the match backstage; after the contest, referee Charles Robinson came out to determine who had won the Beat the Clock series and had replays shown of both Hardy and Triple H's pinfalls; Hardy then appeared and had words with Triple H as the show went off the air"
missing_match,keep,2009-01-02,SmackDown,WWE Friday Night SmackDown #489,946,,,,,,"The Great Khali (w/ Runjin Singh) & Finlay (w/ Hornswoggle) defeated Curt Hawkins & Zach Ryder at 4:04 when Khali pinned Ryder with one foot on his chest after hitting the tree slam on Ryder and the chop to the head on Hawkins; after the bout, Finlay & Hornswoggle attacked the opponents with Finlay dropping Hawkins with the Celtic Cross and Hornswoggle following with the frog splash"
missing_match,keep,2009-01-02,SmackDown,WWE Friday Night SmackDown #489,946,,,,,,Vladimir Kozlov pinned Hurricane Helms at 4:02 following the headbutt to the chest and uranagi
missing_match,keep,2009-01-02,SmackDown,WWE Friday Night SmackDown #489,946,,,,,,"Kizarny pinned MVP at 6:27 with a double arm DDT into a float over; prior to the bout, a degected MVP, without his trademark necklaces, asked his opponent to come on in so he could get it over with already; MVP was cheered during the bout and Kizarny booed; after the match, Ken Kennedy came out, told MVP not to let the loss get to him, and then plugged his new movie, “Behind Enemy Lines: Columbia” (Kizarny's TV debut)"
missing_match,keep,2009-01-12,Raw,WWE Monday Night RAW #816,948,,,,,,"Melina & Kelly Kelly fought WWE Women's Champion Beth Phoenix & Jillian Hall to a no contest when Eva Mendez, dressed as one of Melina's paparazzi, jumped Melina from behind, with Phoenix & Hall then attacking Melina & Kelly in the aisle and laying them out; moments later, Beth grabbed one of Melina's paparazzi cameras and held it as she proped Melina up to insult her"
missing_match,keep,2009-01-16,SmackDown,WWE Friday Night SmackDown #491,949,,,,,,R Truth defeated The Brian Kendrick
missing_match,add_match,2009-01-30,SmackDown,WWE Friday Night SmackDown #493,953,,,,,,"Elimination Chamber Qualifying Match : The Big Show pinned Festus (w/ Jesse) with the right hand punch at 2:39; after the bout, Show hit the chokeslam on Jesse"
missing_match,add_match,2009-01-30,SmackDown,WWE Friday Night SmackDown #493,953,,,,,,Elimination Chamber Qualifying Match : Triple H defeated the Great Khali (w/ Rujin Singh) and Vladimir Kozlov at 9:05 by pinning Khali with the Pedigree after Kozlov struck Khali with the headbutt to the chest and was then knocked to the floor by Triple H
missing_match,keep,2009-02-20,SmackDown,WWE Friday Night SmackDown #496,959,,,,,,WWE Divas Champion Maryse & Michelle McCool defeated Maria & Eve
missing_match,keep,2009-02-20,SmackDown,WWE Friday Night SmackDown #496,959,,,,,,Umaga defeated Scotty Goldman (Goldman's last appearance)
missing_match,keep,2009-02-20,SmackDown,WWE Friday Night SmackDown #496,959,,,,,,Jeff Hardy defeated World Heavyweight Champion Edge via disqualification in a non-title match
missing_match,keep,2009-03-06,SmackDown,WWE Friday Night SmackDown #498,962,,,,,,"WWE World Champion Triple H fought Umaga to a no contest in a non-title match at around the 3-minute mark when Randy Orton, Ted Dibiase Jr., and Cody Rhodes came through the crowd, surrounded the ring, and then jumped Triple H after Umaga was knocked to the floor and referee Mike Chioda left the ring; after the match, Triple H brawled with all three members of Legacy in and around the ring until they eventually ganged up on him and took turns beating the champion to the mat; Orton eventually ordered Dibiase & Rhodes to the floor before then standing over Triple H's body; Orton then went to leave the ring as Triple H tried to crawl after him"
missing_match,keep,2009-03-09,Raw,WWE Monday Night RAW #824,963,,,,,,"Ted Dibiase Jr. & Cody Rhodes defeated WWE World Champion Triple H via forfeit in a non-title match when the champion failed to appear after he was announced twice; after the bout, Randy Orton appeared on the big screen from St. Louis and said Triple H had let everyone down and probably wouldn't show up at WrestleMania; moments later, Triple H busted down Orton's front door with his sledgehammer and chased him down the hall; Triple H then slowly went through the house, confronting everyone he saw as to where Orton was; Orton eventually jumped Triple H from behind, with the two breaking furniture as they brawled in the living room until Triple H threw Orton through the window and onto his front yard; moments later, police arrived, handcuffed Triple H, and put him in a patrol car as they pulled Orton away"
missing_match,keep,2009-03-20,SmackDown,WWE Friday Night SmackDown #500,965,,,,,,"WWE World Champion Triple H pinned Vladimir Kozlov in a non-title match with the Pedigree at 7:35; prior to the bout, Triple H said that his being married to Stephanie McMahon was the worst kept secret in the business but they kept it quiet for business reasons; he then said all the fans knew and that Randy Orton especially knew; Triple H said he let it slide when Orton kicked Vince McMahon and Shane McMahon in the head because they were grown men but said he would get revenge on Orton at WrestleMania for what he did to Stephanie and that no cops could stop him"
missing_match,add_match,2009-03-20,SmackDown,WWE Friday Night SmackDown #500,965,,,,,,Shawn Michaels pinned Kane with the superkick at 11:20
missing_match,keep,2009-03-20,SmackDown,WWE Friday Night SmackDown #500,965,,,,,,"The Undertaker defeated WWE IC Champion John Bradshaw Layfield in a non-title match via submission with the Hell's Gate at 11:40; prior to the match, Taker cut an in-ring promo in which he told Shawn Michaels that he was the prey and Taker was the hunter; during JBL's entrance, it was announced JBL had accepted Rey Mysterio Jr.'s challenge to a title match at WrestleMania; late in the bout, Taker kicked out after JBL hit the Clothesline from Hell"
missing_match,keep,2009-03-23,Raw,WWE Monday Night RAW #826,966,,,,,,"WWE World Champion Triple H fought Randy Orton & Ted Dibiase Jr. to a no contest in a handicap match within the 1-minute mark after Cody Rhodes came out from underneath the ring, his shoulder taped after the assault sustained the previous week, and helped in triple teaming the champion; moments later, Triple H was handcuffed to the top rope and beaten down; Orton then grabbed the mic and said there was only one person that could help Triple H and that she better hurry; Orton then pulled a sledgehammer out from under the ring and attempted to hit Triple H in the head with the weapon until Stephanie McMahon appeared; Triple H yelled for her to go backstage but she climbed up on the apron and begged Orton to stop; Orton then pulled her in the ring and dropped her with an elevated DDT as Triple H watched, unable to save her; Orton then teased that he was going to hit Stephanie with the weapon but instead kissed her on the lips as Triple H struggled to break free of the handcuffs; moments later, Orton hit the champion with the sledgehammer and left the ring"
missing_match,keep,2009-04-27,Raw,WWE Monday Night RAW #831,977,,,,,,"Mike Mizanin defeated John Cena via forfeit in an impromptu match; prior to the bout, Mizanin cut an in-ring promo on being part of Raw and said he wanted to face the biggest and baddest before challenging Cena to a match; after referee Charles Robinson came out, Cena's music played but he didn't appear; Mizanin then made note of Cena's catchphrase “You can't see me” and said Cena was right because his movies don't stay in theatres long enough to see them; Mizanin then announced himself as winning the match via forfeit and, when Lilian Garcia wouldn't make the ring announcement, he made it for her"
missing_match,add_match,2009-05-04,Raw,WWE Monday Night RAW #832,979,,,,,,"WWE World Champion Randy Orton, Ted Dibiase Jr., & Cody Rhodes fought Shane McMahon to a no contest at around the 8-minute mark when, after McMahon missed an elbow off the top to Orton, laid across the commentary table, which Shane crashing through the table, Legacy triple teamed McMahon's leg; moments later, Rhodes & Dibiase held Shane's leg across the ring steps while Orton hit it with a steel chair and then followed by hitting it with the steps; stipulations stated neither Batista or WWE US Champion MVP could interfere in the match or they would lose their Judgment Day world title shot and title, respectively; after the contest, Batista ran out to check on Shane while Legacy ran around the other side of the ring and up the ramp; moments later, McMahon was helped onto a stretcher and taken backstage while Orton cut a promo from the stage, stating Batista's judgment day was coming"
missing_match,keep,2009-05-11,Raw,WWE Monday Night RAW #833,981,,,,,,"John Cena fought Mike Mizanin to a no contest at around the 3-minute mark when Vickie Guerrero appeared on the big screen and had the match stopped after deciding Cena had no chance against the Big Show at Judgment Day; Show stood ringside for the duration of the bout; there was no referee for the contest; after the exhibition, Mizanin dropped Cena with a DDT and declared himself the winner before leaving ringside"
missing_match,keep,2009-06-08,Raw,WWE Monday Night RAW #837,991,,,,,,"John Cena fought Mike Mizanin to a no contest; prior to the match, Mizanin wore a T-shirt which had “Cena” with a slash through it and armbands that read “Miz: 6, Cena: 0;” following his entrance, Mizanin cut an in-ring promo on the fact Cena hasn't answered his challenges in recent weeks, noting that Cena wasn't Tim Allen but it was about to become “Tool Time;” following Cena's entrance, the Big Show appeared with Cena then knocking Mizanin to the floor before Cena sustained Show's chokeslam and Camel Clutch; moments later, Miz assaulted Show with a steel chair and then hit Cena with the chair as well; Miz eventually left the ring after Show regained his senses"
missing_match,keep,2009-06-08,Raw,WWE Monday Night RAW #837,991,,,,,,"Randy Orton (w/ Ted Dibiase Jr. & Cody Rhodes) fought WWE World Champion Batista to a no contest when, as referee Mike Chioda began counting Batista, the ambulance which carried Batista to the hospital arrived, Triple H came out the back, and assaulted Legacy in the ring; prior to the match, Orton cut an in-ring promo saying he would win the title via forfeit (Triple H's surprise return after a 2-month absence)"
missing_match,add_match,2009-06-29,Raw,WWE Monday Night RAW #840,998,,,,,,Night of Champions #1 Contender Tournament Semi Finals : John Cena defeated Mike Mizanin via submission with the STFU at 13:50
missing_match,add_match,2009-06-29,Raw,WWE Monday Night RAW #840,998,,,,,,Gauntlet Match : WWE World Champion Randy Orton pinned Evan Bourne (mystery opponent) at 3:19 in a non-title match with an RKO off the top after crotching Bourne on the top as he attempted the Shooting Star Press
missing_match,keep,2009-09-11,SmackDown,WWE Friday Night SmackDown #525,1020,,,,,,"The Great Khali (w/ Runjin Singh) fought David Hart Smith (w/ Tyson Kidd & Natalya Neidhart) to a no contest when Kane jumped Khali from behind before the match began; moments later, Kane pulled a Singapore cane out from under the ring but Khali fought him off and hit the tree slam"
missing_match,keep,2009-09-18,SmackDown,WWE Friday Night SmackDown #526,1023,,,,,,"Charlie Haas fought R Truth to a no contest when Drew McIntyre came out before the match, announced Truth suffered an accident, and was unable to compete; after saying he considered Haas the winner via forfeit, McIntyre shook Haas' hand before jumping him from behind and leaving the ring"
missing_match,add_match,2009-09-28,Raw,WWE Monday Night RAW #853,1026,,,,,,"Gauntlet Match #2 : WWE World Champion John Cena defeated WWE Unified Tag Team Champion the Big Show (w/ WWE Unified Tag Team Champion Chris Jericho) via disqualification in a non-title match at 5:51 when Jericho attacked Cena as Cena hoisted Show up for the FU; after the bout, Show put Cena in the Camel Clutch as Randy Orton came out for the third bout"
missing_match,add_match,2009-09-28,Raw,WWE Monday Night RAW #853,1026,,,,,,"Gauntlet Match #3 : WWE World Champion John Cena fought Randy Orton to a no contest in a non-title match at around the 4-minute mark when – after the Hell in a Cell cage was lowered over the ring – the two battled out of the cage, with Cena then chasing after Orton to the top of the cage; moments later, the two fought on the top of the cage with Cena dropping Orton with an FU to end the broadcast"
missing_match,keep,2009-10-19,Raw,WWE Monday Night RAW #856,1033,,,,,,"Shawn Michaels fought WWE Unified Tag Team Champion Chris Jericho to a no contest; prior to the bout, Jericho took the mic and said he could take Michaels out of the picture before Bragging Rights but he wouldn't have to because he's the leader of Team Smackdown! and that was all the advantage they needed; moments later, Cryme Tyme came out of the crowd, forcing Michaels to the floor; Kane then came out through the crowd followed by Dolph Ziggler, Eric Escobar, and Drew McIntyre; Jericho went to speak again but was cut off by DX's music, with Triple H then coming out followed by WWE Unified Tag Team Champion the Big Show, Mark Henry, Kofi Kingston, Jack Swagger, & Cody Rhodes; all 14 men then faced off in the ring, with Triple H saying Team Raw not liking Jericho brought them together as a cohesive unit; Vickie Guerrero then came out and demanded that Team Smackdown! leave the ring, with Triple H saying his guys don't work for Vickie; all 14 men began brawling in the ring as the show came to a close"
missing_match,keep,2009-11-30,Raw,WWE Monday Night RAW #862,1048,,,,,,"Sheamus fought Santino Marella to a no contest; prior to the match, Sheamus cut an in-ring promo on challenging WWE World Champion John Cena in a tables match at TLC; following his entrance, Marella took the mic and said Sheamus was overlooking him and was jealous of him for being tan; eventually, Marella called Sheamus a “lame ass,” with Sheamus then assaulting him and laying him out with the boot to the face; moments later, Sheamus dropped Marella with the crucifix powerbomb; Sheamus then pulled a table out from under the ring, set it up in the corner, and rammed Marella through it"
missing_match,keep,2010-01-25,Raw,WWE Monday Night RAW #870,1064,,,,,,"Carlito fought Kelly Kelly to a no contest when Santino Marella came out before the match began, held up “The Best of Raw: 2009” DVD, said he looked stupid in it, and was going to make the “Best of Raw: 2010” DVD by coming to Kelly's rescue, beating Carlito, and then winning the Royal Rumble; Santino then slid in the ring but was immediately jumped from behind by Jack Swagger, who threw Santino to the floor, and them rammed him head-first into the ringpost before doing push-ups beside his body and leaving ringside"
missing_match,keep,2010-03-15,Raw,WWE Monday Night RAW #877,1080,,,,,,"Sheamus fought Evan Bourne to a no contest when Sheamus attacked Bourne before the bout with the mic; moments later, Sheamus dropped Bourne with the crucifix powerbomb, knocking him to the floor; Sheamus then grabbed the mic and cut a promo on growing up and looking up to Triple H as Triple H overcame Shawn Michaels, the Undertaker, the Rock, and Steve Austin; Sheamus then said he was supposed to defend his WWE World Title at WrestleMania but Triple H cost him that opportunity, then saying he would take Triple H's throne"
missing_match,keep,2010-04-02,SmackDown,WWE Friday Night SmackDown #554,1086,,,,,,"WWE IC Champion Drew McIntyre fought Matt Hardy to a no contest in a non-title match when McIntyre attacked Hardy before the match, rammed his head into the ringpost, and then dropped him with the Future Shock in the ring; McIntyre then held up his title belt while looking down at Hardy's body"
missing_match,keep,2010-04-05,Raw,WWE Monday Night RAW #880,1087,,,,,,"Eve won a 8-woman battle royal at 2:37 by last eliminating Jillian Hall; other participants included Kelly Kelly, Gail Kim, Alicia Fox, Rosa Mendes, Katie Lea, Brie & Nikki Bella; WWE Divas Champion Maryse provided guest commentary for the match; all the women wore dresses for the match; stipulations stated the winner would challenge Maryse the following week; order of elimination: Mendes (0:06), a Bella (0:15), a Bella (0:22), Kim and Katie by Kelly (0:48), Kelly by Jillian (1:13), Fox by Eve (2:03)"
missing_match,split,2010-04-25,PPV,WWE Extreme Rules 2010,1093,,,,,,"Sheamus pinned Triple H in a streetfight at 15:50 after four consecutive boots to the face; prior to the bout, Sheamus took the mic and said if Triple H wasn't man enough to face him then the referee needed to go ahead and declare him the winner; Todd Grisham was then shown outside the trainer's room and said Triple H would not be able to wrestle, with Triple H then leaving the trainer's room and making his way out to the ring; after the match, Triple H was tended to in the ring and fitted with a neckbrace but then pushed the medics away, tore off the neckbrace, and struggled to walk on his own as he was helped backstage; moments later, Sheamus reappeared and kicked Triple H in the face at the entrance stage; Triple H was then taken backstage on a stretcher"
missing_match,keep,2010-04-30,SmackDown,WWE Friday Night SmackDown #558,1095,,,,,,"Kane fought Chavo Guerrero Jr. to a no contest when Kane dropped Guerrero with a chokeslam before the match began; prior to the bout, Guerrero cut an in-ring promo on his return to Smackdown until he was interrupted by Kane's entrance; after the match, Kane took the mic and welcomed Guerrero back"
missing_match,keep,2010-06-07,Raw,WWE Monday Night RAW #889 - Viewer's Choice,1107,,,,,,"Vladimir Kozlov defeated Santino Marella in a dance off; prior to the bout, Striker announced the results of the stipulation poll: match: 9%; arm wrestling contest: 7%; dance off: 84%; after the bout, the two shook hands with Kozlov then spinning Marella; Marella then jumped at Kozlov, telling him to catch him, with Kozlov landing a headbutt and leaving the ring"
missing_match,keep,2010-06-28,Raw,WWE Monday Night RAW #892,1113,,,,,,"Natalya Neidhart, WWE Unified Tag Team Champions David Hart Smith & Tyson Kidd fought Tamina, Jimmy & Jey Uso to a no contest when Tamina & the Usos jumped the Hart Dynasty from behind during their ring entrance, assaulting all three on the floor; moments later, Tamina returned to the ring, rolled Natalya into the ring and hit the splash off the top"
missing_match,keep,2010-08-09,Raw,WWE Monday Night RAW #898,1125,,,,,,"Mark Henry fought Ted Dibiase Jr. (w/ Maryse) to a no contest when Heath Slater and Justin Gabriel confronted Henry ringside before the match began, with Skip Sheffield, Darren Young, David Otunga, & Michael Tarver then jumping Henry from behind, assaulting him, and throwing him into the steel ring steps; moments later, Nexus left through the crowd; Henry was quickly tended to by referees"
missing_match,add_match,2010-08-16,Raw,WWE Monday Night RAW #899,1128,,,,,,"Michael Tarver pinned Daniel Bryan at 2:10 with a roll up after Bryan became distracted by WWE US Champion Mike Mizanin & Alex Riley at ringside; stipulations stated Tarver would be kicked out of Nexus if he lost; early in the match, there were chants of “Daniel Bryan;” after the match, Tarver & Riley held Bryan so Miz could attack him, with Miz then dropping Bryan with the Skull Crushing Finale onto the briefcase outside the ring"
missing_match,add_match,2010-08-16,Raw,WWE Monday Night RAW #899,1128,,,,,,"Heath Slater defeated Edge via count-out at 4:30 when Slater slid back into the ring to avoid Edge's spear on the floor; stipulations stated Slater would be kicked out of Nexus if he lost; after the match, Edge dropped Slater with the spear inside the ring"
missing_match,keep,2010-09-13,Raw,WWE Monday Night RAW #903 - RAW Roulette 2010,1135,,,,,,"R-Truth & Eve fought Ted Dibiase Jr. & Maryse to a no contest in a song and dance match; prior to the bout, footage was shown from the commercial break of Gail Kim spinning the wheel and it landing on a song and dance match; Truth sang a new song, “Get Crunk,” rather than his theme music; moments later, Dibiase said the contest was rediculous but he would go through with it anyway; Dibiase then sang Frank Sinatra's “My Way” while Maryse danced; moments later, Dibiase & Maryse attacked their opponents but Truth & Eve eventually cleared them from the ring"
missing_match,keep,2010-09-20,Raw,WWE Monday Night RAW #904,1138,,,,,,"R-Truth & Eve pinned Ted Dibiase Jr. & Maryse at 2:37 when Eve pinned Maryse with a reversal into a neckbreaker; after the bout, Dibiase and Maryse argued over the loss until the words “I will have you” appeared on the big screen with a heart (Truth's first appearance using ‘Crunk' as his entrance music; Dibiase's first appearance with new entrance music)"
missing_match,keep,2010-12-10,SmackDown,WWE Friday Night SmackDown #590,1163,,,,,,Chris Masters defeated Cody Rhodes in a Masterlock Challenge
missing_match,keep,2011-01-10,Raw,WWE Monday Night RAW #920,1173,,,,,,"WWE Tag Team Champions Santino Marella & Vladimir Kozlov (w/ Tamina) fought ? & ? to a no contest when Husky Harris, David Otunga, Michael McGillicutty, Justin Gabriel, & Heath Slater attacked the champions upon their entrance; moments later, CM Punk entered the ring, took the mic, praised the members of Nexus, and hoped that John Cena would give his second farewell speech later in the show; Punk then said he would initiate himself as the new leader of the new Nexus and that the rest of the team would have their own tests to pass to be part of the group; Otunga took the mic and said he and the others would be honored to be initiated into the group; Punk then brought up McGillicutty and said his initiation would be to sustain an attack from Nexus, with McGillicutty then taking the finishing moves from the other members, finishing with Gabriel's 450 splash; the other members then put McGillicutty on Punk's shoulders so he could hit the Go To Sleep and then carried him backstage to end the segment Alberto Del Rio defeated R-Truth via count-out at 1:51 after Truth punched an interfering Ricardo Rodriguez on the floor after Rodriguez distracted Truth by repeatedly asking “What's up;” Rodriguez served as Del Rio's ring announcer for the bout; after the contest, Del Rio took the mic and said it was his destiny to win the Royal Rumble and headline WrestleMania before saying the American crowd new nothing about music and culture and country music was “boring;” Del Rio then had Rodriguez sing “La Cucaracha”"
missing_match,keep,2011-02-07,Raw,WWE Monday Night RAW #924,1182,,,,,,"Sheamus fought David Otunga to a no contest; prior to the bout, Josh Matthews interrupted Sheamus's entrance to ask him about comments Mark Henry made earlier in the night saying Sheamus shouldn't be in the Elimination Chamber and should be replaced; Sheamus responded by saying Henry's been in the WWE 13 years and has never come close to the WWE Title and it was doubtful Henry could fit in the chamber pods; after Otunga's entrance, Henry came out and fought with Sheamus in the ring; moments later, Sheamus knocked Otunga off the top to the floor, with Henry then twice dropping Sheamus with the powerslam; after Henry left ringside, Otunga stood over Sheamus and raised his hand as the rest of Nexus was shown watching on backstage"
missing_match,keep,2011-02-21,Raw,WWE Monday Night RAW #926,1187,,,,,,"Alberto Del Rio fought WWE IC Champion Kofi Kingston to a no contest in a non-title match; Ricardo Rodriguez served as Del Rio's ring announcer for the bout; Kingston, his arm bandaged, initially attacked Del Rio from behind in the aisle but, after Rodriguez hit Kingston with his microphone, Del Rio assaulted Kingston's already injured arm before tearing off his bandage and locking him in the armbreaker on the floor; moments later, Kingston was attended to by the referee and a trainer until Del Rio ran back to ringside and shoved him arm-first into the barricade"
missing_match,keep,2011-02-28,Raw,WWE Monday Night RAW #927,1189,,,,,,"One of the Bellas won a battle royal at 2:03 by last eliminating Gail Kim; WWE Divas Champion Eve provided guest commentary for the bout; stipulations stated the winner would become the #1 contender to the Divas title; order of elimination: one of the Bellas by Natalya Neidhart (0:04); Alicia Fox by Natalya after avoiding a kick (0:19); Tamina by Melina (0:24); Melina & Natalya by Maryse as the women fought on the apron (0:50); Maryse by Gail (1:38); the legal Bella by Gail behind the referee's back (1:52); moments later, the other Bella came out from under the ring and eventually eliminated Gail by knocking her off the apron; after the match, Eve disputed the call with the referee before being double teamed by the Bellas"
missing_match,add_match,2011-04-11,Raw,WWE Monday Night RAW #933,1202,,,,,,Gauntlet Match : R-Truth pinned Dolph Ziggler (w/ Vickie Guerrero) with the What's Up at 3:56
missing_match,keep,2011-04-11,Raw,WWE Monday Night RAW #933,1202,,,,,,Gauntlet Match : R-Truth pinned John Morrison with the What's Up after avoiding Starship Pain at 4:50
missing_match,keep,2011-04-11,Raw,WWE Monday Night RAW #933,1202,,,,,,"Gauntlet Match : R-Truth fought John Cena to a double disqualification at 5:34 when WWE World Champion Mike Mizanin and Alex Riley attacked both men as Cena attempted the FU on Truth; during the bout, there were dueling chants of “Let's go, Cena” and “Cena sucks;” after the match, Miz took the mic and called both the men losers and said neither would challenge him at Extreme Rules; moments later, Jerry Lawler read an e-mail from the Raw GM that stated both Cena and Truth would challenge Miz at the pay-per-view; Cena and Truth then fought off Miz and Riley, with Cena dropping Riley with the FU before Cena and Truth squared off in the ring, with the two then shaking hands; moments later, the two had a confrontation before Truth left the ring"
missing_match,keep,2011-04-29,SmackDown,WWE Friday Night SmackDown #610,1207,,,,,,"WWE US Champion Sheamus fought Kofi Kingston to a no contest in a non-title match when Sheamus ran through Kingston's pyro to attack him from behind in the aisle; moments later, Sheamus continued to attack Kingston on the floor around ringside before landing the boot to the face in the ring; Sheamus then grabbed his belt before yelling, “Smackdown belongs to me!”; Sheamus wore a Smackdown shirt and Kingston a Raw shirt for the match (Kingston's last Smackdown appearance)"
missing_match,keep,2011-05-02,Raw,WWE Monday Night RAW #936,1209,,,,,,"John Morrison fought R-Truth to a no contest when Truth attacked Morrison from behind in the aisle before the match began; moments later, Truth assaulted Morrison around ringside before hitting the What's Up on the floor; after Truth returned backstage, several referees helped Morrison to his feet and up the ramp; Truth then returned and hit the move again, this time on the entrance stage"
missing_match,keep,2011-06-13,Raw,WWE Monday Night RAW #942,1222,,,,,,"R-Truth fought John Morrison to a no contest; Morrison's music played twice but he did not appear, with Truth then taking the mic and asking where Morrison was; moments later, Truth said he would go find Morrison if Morrison wouldn't come to him; Truth then walked around backstage, still with a mic, until he found Morrison down on the ground; Truth, subtly letting on that he was responsible, acted upset that all the “Little Jimmys” wouldn't get to see the match; moments later, Truth took a rolling cart and rammed it into Morrison's face"
missing_match,keep,2011-06-17,SmackDown,WWE Friday Night SmackDown #617,1223,,,,,,"The Big Show fought Mark Henry to a no contest in an impromptu match when Show kicked Henry in the face as he entered the ring, then repeatedly punched and kneed him in the head before the bout could begin; moments earlier, Josh Matthews conducted an in-ring interview with Show, with Show saying he was at Smackdown because he heard Alberto Del Rio might be around; Matthews then reviewed what Show did to Ricardo Rodriguez Monday on Raw, with Teddy Long then coming out and saying Show wouldn't touch Del Rio if he showed up and that civil and criminal charges were being looked at after Show's altercation on Raw; Long then said if a similar situation happened on Smackdown, then both he and Show could lose their job; Long then brought out Henry so Show would have someone to take his aggression out on; after Show left ringside, Henry was attended to in the ring by referees and trainers who put Henry on a backboard and took him from ringside on a stretcher"
missing_match,keep,2011-06-20,Raw,WWE Monday Night RAW #943,1225,,,,,,"Kane defeated Mark Henry via disqualification in an arm wrestling contest when Henry attacked Kane; the stipulation was chosen with 52 percent of the vote, over a body slam match at 13 percent and an over the top rope match at 35 percent; following Henry's introduction, he took the mic and cut a promo on injuring the Big Show at Capitol Punishment; after the bout, Henry rammed the table into Kane, sending Kane to the floor, and then rammed him back-first into the ringpost; moments later, Henry slammed Kane through the ringside commentary table"
missing_match,keep,2011-06-24,SmackDown,WWE Friday Night SmackDown #618,1226,,,,,,"Jinder Mahal (w/ the Great Khali) fought Yoshi Tatsu to a no contest when Mahal attacked Yoshi before the bout, ending with Khali chopping Tatsu to the head and Mahal then dropping him with the full nelson slam; moments later, Khali threw Tatsu to the floor; moments later, Mahal took the mic and said that was an example of what would continue to happen until he was recognized, then adding Khali was doing with kiss cams and dancing and would now only be serving him"
missing_match,keep,2011-06-27,Raw,WWE Monday Night RAW #944 - RAW Roulette 2011,1227,,,,,,"Kane (mystery opponent) defeated CM Punk via count-out in an impromptu match at 4:19 when Punk left the ring and walked backstage, yelling at fans “What are they going to do, fire me?”; Kane's involvement was determined by Booker T, who spun the wheel and had it land on “mystery opponent”"
missing_match,keep,2011-06-27,Raw,WWE Monday Night RAW #944 - RAW Roulette 2011,1227,,,,,,"Sin Cara pinned Evan Bourne at 4:52 with a modified La Mistica after Bourne missed Air Bourne and landed on his feet; following the ring entrances, Booker T and Eve appeared backstage and spun the wheel to determine the stipulation; during the match, some in the crowd chanted “Power Ranger” and “USA” toward Sin Cara; the match was wrestled under blue and orange lights"
missing_match,keep,2011-06-27,Raw,WWE Monday Night RAW #944 - RAW Roulette 2011,1227,,,,,,"Kofi Kingston pinned WWE US Champion Dolph Ziggler in a non-title match at 7:37 with the spin kick to the head; Vickie Guerrero was banned from ringside for the bout; following Kingston's entrance, Vickie appeared at the entrance stage to introduce the champion but was promptly ejected by referees due to the stipulation"
missing_match,add_match,2011-07-18,Raw,WWE Monday Night RAW #947,1233,,,,,,"WWE World Championship Tournament Finals : Rey Mysterio Jr. fought Mike Mizanin to a no contest when, after Mysterio was introduced, Vince McMahon appeared and said he would postpone the championship match because the show was running short on time and he had an announcement to make; after Mysterio left the ring, McMahon said he could find a new John Cena as the crowd chanted “CM Punk;” during the segment, McMahon accidentally said “WWF” in regard to the title; Vince then said he makes decisions for the benefit of the company and his long-term planning would eventually make sense; Cena then came out and said he wouldn't be Shawn Michaels, noting McMahon saddled burden after burden on Michaels' back during his career, noting he wouldn't want to be known as the guy who screwed Punk and then congratulated Punk on the win; Cena then responded to McMahon's comments that he could make another big star, with Cena saying Vince had eight months to pick a new WrestleMania opponent for the Rock and that he would walk out with his head high; Cena then said he loved the WWE and believed he belonged there but that he would walk onto someone else's TV show because he loved doing this “brother;” moments later, Triple H walked out in a suit and said he just came from a board of directors meeting and that he wanted to talk with Vince in private about it; after Vince said he wanted to discuss it there, Triple H said the board says Vince's actions lately have been questionable and that they've filed an injunction against him with a vote of no confidence; he then said the family agrees and that he had been appointed to take over day-to-day operations of the company; Triple H then said Cena wouldn't be fired but then, as Vince began to cry, fired Vince; Triple H then apologized, said he loved Vince, and left the ring as the crowd chanted “Thank you, Vince”"
missing_match,add_match,2011-08-08,Raw,WWE Monday Night RAW #950,1239,,,,,,Mike Mizanin pinned Kofi Kingston in an impromptu match at 10:43 with the Skull Crushing Finale after dropping Kingston chest-first across the top rope
missing_match,keep,2011-08-29,Raw,WWE Monday Night RAW #953,1246,,,,,,WWE Tag Team Champions Kofi Kingston & Evan Bourne defeated Jinder Mahal & the Great Khali in a non-title match at 3:15 when Bourne pinned Mahal with the Air Bourne after Khali accidentally chopped Mahal in the head when Kofi moved out of the way
missing_match,keep,2011-08-29,Raw,WWE Monday Night RAW #953,1246,,,,,,"Beth Phoenix (w/ Natalya Neidhart) pinned Eve with the Glam Slam at 2:03; WWE Divas Champion Kelly Kelly and Natalya provided guest commentary for the bout; stipulations stated the winner would challenge Kelly at Night of Champions; after the contest, Natalya jumped Kelly from behiind on the floor before joining Beth in the ring"
missing_match,add_match,2011-08-29,Raw,WWE Monday Night RAW #953,1246,,,,,,"CM Punk pinned R-Truth (w/ Mike Mizanin) with the Go To Sleep at 9:45; during his entrance, Truth cut a promo on Punk calling himself different, with Truth saying he has been speaking the truth his entire life; Truth then said maybe he needed to be a good R-Truth and buy a ticket to Night of Champions; moments later, Miz joined him, said Triple H wasn't doing his job right, and set up a match for he and Truth to face WWE Tag Team Champions Evan Bourne & Kofi Kingston at Night of Champions; during the match, it was noted Miz would soon host a Sirius radio show; during the final minute of the contest, Miz was ejected after the referee caught him grabbing Punk's foot from the floor; after the match, Triple H walked out to the ring, with Punk taking the mic and saying he didn't buy that Triple H and Kevin Nash were at odds; Triple H followed by saying he didn't care and he had changed their match to a No DQ match, adding he would hurt Punk and might fire him too; Punk stopped Triple H from leaving, calling him the “Cerebral AssAssin,” and adding that if Punk wins, Triple H has to resign as COO; Triple H agreed and left the ring"
missing_match,add_match,2011-08-29,Raw,WWE Monday Night RAW #953,1246,,,,,,"Jerry Lawler & Zack Ryder (mystery partner) defeated David Otunga & Michael McGillicutty at 2:08 when Ryder pinned Otunga with the Rough Ryder after Lawler hit the fistdrop off the top; during his entrance, Lawler cut a promo saying he never said his opponents weren't good athletes, just that they didn't have any charisma; he then added his tag team partner had a lot of it, with a video montage then airing of Ryder"
missing_match,add_match,2011-08-29,Raw,WWE Monday Night RAW #953,1246,,,,,,World Heavyweight Champion Randy Orton pinned Heath Slater in a non-title match with the RKO at 2:56
missing_match,keep,2011-09-19,Raw,WWE Monday Night RAW #956,1253,,,,,,"Alberto Del Rio defeated John Morrison via submission with the armbreaker at the 49-second mark; Ricardo Rodriguez servied as ADR's ring announcer for the bout Sin Cara fought WWE IC Champion Cody Rhodes to a no contest in a non-title match; prior to the bout, Rhodes' attendants passed out paper bags to ringside fans; after the entrances, a second, smaller Sin Cara walked out, leaped into the ring, and faced off with the larger Sin Cara; moments later, the larger Sin Cara attacked the smaller one, with the two taking turns taking each other down until the smaller one cleared the ring"
missing_match,keep,2011-09-26,Raw,WWE Monday Night RAW #957,1255,,,,,,"World Heavyweight Champion Mark Henry fought the Great Khali to a no contest when Henry hit Khali with the title belt before the match begain; moments later, Henry dropped Khali with the powerslam"
missing_match,keep,2011-10-31,Raw,WWE Monday Night RAW #962,1267,,,,,,"Eve (as Robin) won a 11-diva battle royal by last eliminating Natlya Neidhart (Queen of Hearts) at 2:45; order of elimination: Rosa Mendes (cave woman) by Natalya (0:20); Aksana (Morticia Adams) by one of the Bellas (Mario) (0:43); AJ (Katana from Mortal Kombat) by Tamina (Egyptian goddess) (0:56); Tamina by Kaitlyn (Dog the Bounty Hunter) (1:01); Kaitlyn by Nikki & Brie Bella (Mario & Wario) (1:09); a Bella (Wario) by Kelly (1:53); a Bella (Wario) by Kelly Kelly (a pirate) & Eve (1:56); Alicia Fox (a sailor) by Natalya (2:31); Kelly by Natalya (2:39); Natalya by Eve; WWE Divas Champion Beth Phoenix, dressed as a queen, provided guest commentary for the bout; stipulations stated the winner would challenge Phoenix for the title; after the match, Phoenix and Natalya confronted Eve, with Alicia and Kelly backing Eve up until the two other divas left the ring"
missing_match,keep,2011-12-12,Raw,WWE Monday Night RAW #968 - The Slammy Awards 2011,1280,,,,,,"Sheamus fought Jinder Mahal to a no contest when, after Mahal cut a promo on his way to the ring, Sheamus kicked him in the face and then left the ring"
missing_match,split,2011-12-18,PPV,"WWE TLC: Tables, Ladders & Chairs 2011",1282,,,,,,WWE IC Champion Cody Rhodes pinned Booker T at 7:16 after twice hitting the Beautiful Disaster
missing_match,keep,2012-01-02,Raw,WWE Monday Night RAW #971,1287,,,,,,"Sheamus fought Mike Mizanin to a no contest when Miz jumped Sheamus before the bout, with Sheamus eventually gaining the upperhand and clearing Miz into the crowd; moments later, R-Truth's voice could be heard before he revealed himself as being just 20 feet up in the stands; Truth went on to say he found Little Jimmy in the crowd and Little Jimmy didn't like Miz and that Miz needed to “get got;” Miz then escaped back into the ringside area where he immediately was kicked in the head by Sheamus; moments later, Truth smacked a bottle of water against Miz's head; Truth then walked up the stands as he said his beatdown was brought to you by Little Jimmy, then giving a little kid next to him the mic to say “Happy New Year, Miz!”"
missing_match,keep,2012-01-09,Raw,WWE Monday Night RAW #972,1289,,,,,,"Eve fought WWE Divas Champion Beth Phoenix to a no contest in a non-title match when, following Eve's entrance, Kane's music began to play; moments later, WWE US Champion Zack Ryder ran to the ring and rushed Eve backstage before Kane appeared; Ryder then ran Eve into her car, only to notice the tire was flat; Ryder then worked on the tire as Eve sat in the car"
missing_match,keep,2012-01-20,SmackDown,WWE Friday Night SmackDown #648,1292,,,,,,"Brodus Clay defeated Vickie Guerrero in a dance off; following Clay's entrance, Vickie interrupted and did her own dance, like that of Elaine from ‘Seinfeld,' with Cameron and Naomi then dancing in response; after the contest, William Regal came out, blamed for the crowd for laughing at Vickie, and helped her from the ring; Brodus then egged Regal into competing in the dance contest as well; after Regal danced, Brodus hit him with the running crossbody and continued to dance"
missing_match,keep,2012-02-03,SmackDown,WWE Friday Night SmackDown #650,1297,,,,,,"Hunico (w/ Camacho) fought Justin Gabriel to a no contest; during his entrance, Hunico cut a promo on Gabriel, with WWE IC Champion Cody Rhodes – who was still ringside after the opening match – jumping Gabriel from behind; the three attacked Gabriel until the Great Khali cleared the ring and dropped Hunico with the tree slam"
missing_match,keep,2012-03-26,Raw,WWE Monday Night RAW #983,1313,,,,,,"WWE World Champion CM Punk fought Christian to a no contest in a non-title match; following Punk's entrance, Chris Jericho appeared on the big screen and said he would expose Punk as a professional and personal fraud, saying he found out Punk was born after his parents were married, making him a legal bastard; Christian then jumped Punk, with Punk fighting him off on the floor, landing repeated elbows to the side of the head, kicking Christian in the head, hitting a Go To Sleep into the steel ring steps, and then locking Christian in the Anaconda Vice until referees forced him away; Punk repeatedly yelled, “This is you, Jericho!” and reapplied the hold until referees again pulled him away; following the commercial break, it was announced Christian was injured"
missing_match,keep,2012-04-16,Raw,WWE Monday Night RAW #986,1320,,,,,,"Kane fought Zack Ryder to a no contest when Kane assaulted Ryder on the floor before the match began; moments later, Kane threw Ryder into the ring and dropped him with the chokeslam; Kane then took the mic and cut a promo on attacking Randy Orton and Bob Orton Jr. the previous week on Smackdown"
missing_match,add_match,2012-05-04,SmackDown,WWE Friday Night SmackDown #663,1326,,,,,,Ryback pinned Derrick Bateman at 1:12 with the running Samoan Drop in an impromptu match
missing_match,keep,2012-06-04,Raw,WWE Monday Night RAW #993,1336,,,,,,Sin Cara pinned Hunico (w/ Camacho) at 2:31 with La Mistico; the match was wrestled under blue and orange lights
missing_match,split,2012-06-17,PPV,WWE No Way Out 2012,1340,,,,,,Sin Cara pinned Hunico (w/ Camacho) at 5:47 with la Mistica; the match was wrestled under blue and orange lights
missing_match,keep,2012-07-02,Raw,WWE Monday Night RAW #997,1345,,,,,,"Sin Cara (mystery opponent) fought Alberto Del Rio to a no contest when ADR jumped his opponent before the bout, knocked him to the floor, and applied the cross armbreaker outside the ring; Ricardo Rodriguez served as ADR's ring announcer for the bout"
missing_match,keep,2012-07-16,Raw,WWE Monday Night RAW #999,1350,,,,,,"Ryback fought Jack Swagger to a no contest when Swagger assaulted Ryback before the match began; the two continued to fight, with Ryback eventually clearing Swagger from the ring before chanting “Feed me more!”"
missing_match,keep,2012-07-23,Raw,WWE Monday Night RAW #1000,1352,,,,,,"Kane fought Jinder Mahal to a no contest; during his entrance, Mahal brought out Curt Hawkins, Drew McIntyre, Tyler Reks, Hunico, & Camacho, who all surrounded the ring as Mahal cut a promo about he and his cohorts had been held back; moments later, the Undertaker appeared and helped Kane clear the ring, ending with Kane dropping Hawkins and Taker dropping Hunico with the chokeslam and tombstone before Kane and Taker posed together in the ring (Taker's first appearance in 3 months)"
missing_match,keep,2012-08-06,Raw,WWE Monday Night RAW #1002,1356,,,,,,"Brodus Clay fought Damien Sandow to a no contest when Sandow attacked Clay from behind during his entrance; moments later, the two fought beside the entrance stage until Sandow attacked Clay's leg and stomped it against the entrance ramp; moments later, Cameron, Naomi, and referees tended to Clay as Sandow yelled down from the ramp, “You did this to yourself, Brodus”"
missing_match,keep,2012-08-10,SmackDown,WWE Friday Night SmackDown #677,1357,,,,,,"World Heavyweight Champion Sheamus fought Alberto Del Rio to a no contest; Ricardo Rodriguez served as the challenger's ring announcer for the match; following the ring announcements, security guards came out under the guise of responding to ADR's police report he said he filed, with ADR eventually signalling them to attack Sheamus; the champion initially fought them off before he was beaten down, with the five men holding up Sheamus for ADR to repeatedly slap him before hitting an enzigiri in the corner; moments later, ADR applid the cross armbreaker in the ring"
missing_match,add_match,2012-09-03,Raw,WWE Monday Night RAW #1006,1365,,,,,,"World Heavyweight Champion Sheamus defeated Jack Swagger in a non-title match at 2:43 via submission with a Texas Cloverleaf; Alberto Del Rio, and Ricardo Rodriguez, stood ringside for the match; after the bout, Rodriguez distracted Sheamus, allowing ADR to slide in the ring and attack Sheamus from behind; Sheamus then attacked Rodriguez and dropped ADR with White Noise; Sheamus then attempted the boot to the face, with Rodriguez shoving ADR out of the way and sustaining the move himself; during the commercial break, Rodriguez was tended to in the ring by medical personnel"
missing_match,keep,2012-10-08,Raw,WWE Monday Night RAW #1011,1376,,,,,,"Brodus Clay (w/ Cameron & Naomi) fought R-Truth to a no contest; following the entrances, Truth took the mic and said they could fight any time but Little Jimmy was going through puberty and wanted to dance; moments later, Vince McMahon appeared on the big screen and asked them to leave the ring because he was on his way out"
missing_match,split,2012-12-31,Raw,WWE Monday Night RAW #1023,1403,,,,,,"WWE Divas Champion Eve defeated Mae Young via forfeit; prior to the bout, Eve took the mic and joked about Young looking for excuses not to face her before telling the referee to declare her the winner via forfeit; moments later, Kaitlyn walked out, with the two brawling in and out of the ring before Eve eventually grabbed her belt and escaped ringside"
missing_match,split,2012-12-31,Raw,WWE Monday Night RAW #1023,1403,,,,,,"Dean Ambrose, Seth Rollins, & Roman Reigns fought Ryback to a no contest in a handicap match; during Ryback's entrance, the four men fought on the floor; moments later, Sheamus ran out but was also beaten down; Randy Orton then appeared and helped clear the ring (Orton's surprise return)"
missing_match,keep,2013-01-14,Raw,WWE Monday Night RAW #1025,1407,,,,,,"Heath Slater won a 4-man battle royal by last eliminating Sheamus at 3:14; Jinder Mahal was eliminated (2:26); Drew McIntyre by Sheamus via a backdrop (2:35); Sheamus by Mahal & McIntyre as Sheamus tried to drag Slater over the top rope; after the match, Slater, Mahal, & McIntyre celebrated before Sheamus assaulted all of them, ending by hitting the boot to the face on Slater as Slater was on McIntyre's shoulders"
missing_match,keep,2013-01-28,Raw,WWE Monday Night RAW #1027 - RAW Roulette 2013,1412,,,,,,"World Heavyweight Champion Alberto Del Rio fought the Big Show to a no contest in a bodyslam challenge; Ricardo Rodriguez served as ADR's ring announcer for the match; upon his entrance, Show threw Rodriguez, fought with ADR, and then knocked him out with a punch; Show then used duct tape to tape ADR's arm to the ring rope, tossed Rodriguez across the ring, ripped his shirt, and chopped him; Show then assaulted Rodriguez on the floor and in the ring as ADR was forced to watch; moments later, Show held Rodriguez up to knock him out with a punch before then kicking ADR and knocking him out with a punch as well"
missing_match,keep,2013-03-04,Raw,WWE Monday Night RAW #1032 - Old School RAW 2013,1423,,,,,,"Kofi Kingston fought Fandango to a no contest; during his entrance, Fandango took a mic and said he would not compete because Justin Roberts couldn't pronounce his name correctly"
missing_match,keep,2013-03-08,SmackDown,WWE Friday Night SmackDown #707,1424,,,,,,"Fandango fought Justin Gabriel to a no contest; following his introduction, Fandango said he would wrestle when Lilian Garcia learned to say his name correctly, eventually walking off; moments later, Booker T told Teddy Long to find Fandango and tell him that the next time he puts him in a match, he better compete"
missing_match,keep,2013-03-11,Raw,WWE Monday Night RAW #1033,1425,,,,,,"Tensai (w/ Brodus Clay, Cameron & Naomi) fought Fandango to a no contest; following his entrance, Fandango said Tensai mispronounced his name and was a “disgrace to the world of dance;” Fandango then said he wouldn't wrestle until Naomi could say his name correctly; when Tensai took the mic from her, Fandango said Tensai just caused everyone to miss a chance of Fandango wrestling"
missing_match,keep,2013-03-15,SmackDown,WWE Friday Night SmackDown #708,1426,,,,,,"The Great Khali (w/ Natalya Neidhart) fought Fandango to a no contest; following his entrance, Fandango said Khali and Natalya's pre-match dance was unacceptable and then had Khali say his name; after Khali said it several times, Fandango said it was horrible and he wouldn't be wrestling"
missing_match,keep,2013-03-18,Raw,WWE Monday Night RAW #1034,1427,,,,,,"Fandango fought the Great Khali (w/ Natalya Neidhart) to a no contest; following the entrances, Fandango took the mic and had Natalya pronounce his name; she then told Khali to go after him, with Fandango leaving the ring with his dance partner and saying Khali and Natalya cost the fans the chance to see him wrestle (the debut of Fandango's custom entrance)"
missing_match,keep,2013-04-29,Raw,WWE Monday Night RAW #1040,1440,,,,,,"Mark Henry defeated Tensai in a tug o war; prior to the bout, Henry took the mic and said Vickie Guerrero gave him two opponents; after the contest, Brodus Clay came out to be the second opponent"
missing_match,keep,2013-04-29,Raw,WWE Monday Night RAW #1040,1440,,,,,,"Mark Henry defeated Brodus Clay in a tug o war; after the contest, Sheamus appeared and challenged Henry to face him as well"
missing_match,keep,2013-04-29,Raw,WWE Monday Night RAW #1040,1440,,,,,,"Sheamus fought Mark Henry to a no contest in a tug o war when Sheamus let go, causing Henry to fall; moments later, Sheamus hit the Brogue Kick to Henry"
missing_match,keep,2013-07-12,SmackDown,WWE Friday Night SmackDown #725,1463,,,,,,"Sin Cara (Dolph Ziggler wearing the costume and mask) fought World Heavyweight Champion Alberto Del Rio to a no contest in a non-title match when Sin Cara ran out and attacked ADR before hitting the Zig Zag and leaving the ring; moments later, Vickie Guerrero jumped out of the crowd, ripped up the ticket she had to buy to get into the show, and demanded that Teddy Long be fired; Long appeared at the entrance stage and called for security to remove her from the building"
missing_match,split,2013-08-18,PPV,WWE SummerSlam 2013,1475,,,,,,"Cody Rhodes pinned Damien Sandow with an O'Connor roll at 10:32; during the match, Jerry Lawler noted Dennis Haskins from ‘Saved by the Bell' was in attendance Cameron & Naomi defeated WWE Divas Champion AJ & Layla at 2:18 when Layla was pinned with a roll up"
missing_match,split,2013-08-18,PPV,WWE SummerSlam 2013,1475,,,,,,"WWE US Champion Dean Ambrose, WWE Tag Team Champions Seth Rollins & Roman Reigns defeated Dolph Ziggler at 6:07 when Reigns scored the pin after hitting a spear as Ziggler was in mid-air; late in the match, Rollins appeared to have injured his knee; after the contest, Ziggler sustained the triple powerbomb"
missing_match,split,2013-08-18,PPV,WWE SummerSlam 2013,1475,,,,,,"World Heavyweight Champion Alberto Del Rio defeated Sin Cara in a non-title match via referee's stoppage at the 52-second mark when Sin Cara appeared to injure his wrist during a dive to the floor; ADR had Mexican flags positioned at the ringposts for the match; after the contest, ADR attempted to attack Sin Cara, then took the mic and said the Hispanic people had no heroes but he would be their hero; moments later, Ricardo Rodriguez interrupted from the entrance stage and said he represented someone new, then introducing Rob Van Dam; RVD came out to the ring and briefly fought with ADR before ADR escaped the ring as RVD attempted the Five Star Frog Splash"
missing_match,split,2013-08-18,PPV,WWE SummerSlam 2013,1475,,,,,,"Darren Young & Titus O'Neil defeated Antonio Cesaro & Jack Swagger (w/ Zeb Colter) at 4:49 when Young pinned Cesaro with the Gut Check; prior to the bout, Colter took the mic and said Cesaro & Swagger represent what is good in America, unlike the residents of Anaheim"
missing_match,split,2013-08-18,PPV,WWE SummerSlam 2013,1475,,,,,,"WWE US Champion Dean Ambrose, WWE Tag Team Champions Seth Rollins & Roman Reigns defeated the Big Show in a handicap match at 4:32 when all three men pinned Show following the triple powerbomb; stipulations stated the Shield could be in the ring at the same time"
missing_match,split,2013-08-18,PPV,WWE SummerSlam 2013,1475,,,,,,Bray Wyatt (w/ Luke Harper & Erick Rowan) pinned R-Truth with the Sister Abigail at 1:37
missing_match,split,2013-08-18,PPV,WWE SummerSlam 2013,1475,,,,,,Jimmy & Jey Uso defeated Heath Slater & Jinder Mahal (w/ Drew McIntyre) at 5:25 when Jimmy pinned Mahal with a splash off the top after Jey hit a dive onto Slater and McIntyre outside the ring
missing_match,split,2013-08-18,PPV,WWE SummerSlam 2013,1475,,,,,,"Mike Mizanin defeated Wade Barrett via disqualification at 4:49 when, as Miz had Barrett in the figure-4, Fandango ran out and hit a legdrop off the top; after the match, Fandango danced in the ring with Summer Rae"
missing_match,split,2013-08-18,PPV,WWE SummerSlam 2013,1475,,,,,,Christian pinned Big E Langston with a reversal into the Killswitch at around the 11-minute mark
missing_match,split,2013-08-18,PPV,WWE SummerSlam 2013,1475,,,,,,Kofi Kingston pinned JTG with the spin kick to the head at 4:18
missing_match,add_match,2013-11-08,SmackDown,WWE Friday Night SmackDown #742,1501,,,,,,"R-Truth, Jimmy & Jey Uso defeated Heath Slater, Jinder Mahal, & Drew McIntyre"
missing_show,,2001-11-03,PPV,Rebellion 01,,,,,"Cawthon has it, we do not",,
missing_show,,2002-05-04,PPV,Insurrextion 02,,,,,"Cawthon has it, we do not",,
missing_show,,2002-10-26,PPV,Rebellion 02 (Smackdown!),,,,,"Cawthon has it, we do not",,
missing_show,,2002-12-28,Raw,,,,,,"Cawthon has it, we do not",,
missing_show,,2002-12-30,Raw,WWE RAW #501 - Year In Review Special,288,,,,"we have it, Cawthon does not",,
missing_show,,2003-06-07,PPV,Insurrextion 03 (Raw),,,,,"Cawthon has it, we do not",,
missing_show,,2004-06-14,Raw,WWE RAW #577,409,,,,"we have it, Cawthon does not",,
missing_show,,2004-08-30,Raw,WWE RAW #588,434,,,,"we have it, Cawthon does not",,
missing_show,,2005-09-08,SmackDown,WWE Friday Night SmackDown #317,556,,,,"we have it, Cawthon does not",,
missing_show,,2005-09-09,SmackDown,,,,,,"Cawthon has it, we do not",,
missing_show,,2005-11-29,SmackDown,,,,,,"Cawthon has it, we do not",,
missing_show,,2005-12-19,Raw,WWE Monday Night RAW #656 - Holiday With The Troops,587,,,,"we have it, Cawthon does not",,
missing_show,,2005-12-26,Raw,WWE Monday Night RAW #657,592,,,,"we have it, Cawthon does not",,
missing_show,,2006-02-13,Raw,WWE Monday Night RAW #664 - Thursday Night RAW,608,,,,"we have it, Cawthon does not",,
missing_show,,2006-02-16,Raw,,,,,,"Cawthon has it, we do not",,
missing_show,,2006-09-04,Raw,WWE Monday Night RAW #693,674,,,,"we have it, Cawthon does not",,
missing_show,,2006-11-27,Raw,WWE Monday Night RAW #705,702,,,,"we have it, Cawthon does not",,
missing_show,,2006-12-04,Raw,WWE Monday Night RAW #706,706,,,,"we have it, Cawthon does not",,
missing_show,,2006-12-11,Raw,WWE Monday Night RAW #707,708,,,,"we have it, Cawthon does not",,
missing_show,,2006-12-25,Raw,WWE Monday Night RAW #709 - Tribute To The Troops 2006,707,,,,"we have it, Cawthon does not",,
missing_show,,2006-12-29,SmackDown,,,,,,"Cawthon has it, we do not",,
missing_show,,2007-02-12,Raw,WWE Monday Night RAW #716,727,,,,"we have it, Cawthon does not",,
missing_show,,2007-02-15,Raw,,,,,,"Cawthon has it, we do not",,
missing_show,,2007-03-26,Raw,WWE Monday Night RAW #722,740,,,,"we have it, Cawthon does not",,
missing_show,,2007-03-27,Raw,,,,,,"Cawthon has it, we do not",,
missing_show,,2007-06-03,PPV,One Night Stand 07,,,,,"Cawthon has it, we do not",,
missing_show,,2007-06-18,Raw,WWE Monday Night RAW #734,767,,,,"we have it, Cawthon does not",,
missing_show,,2007-06-19,Raw,,,,,,"Cawthon has it, we do not",,
missing_show,,2007-07-02,Raw,WWE Monday Night RAW #736,773,,,,"we have it, Cawthon does not",,
missing_show,,2007-07-20,SmackDown,WWE Friday Night SmackDown #413,777,,,,"we have it, Cawthon does not",,
missing_show,,2007-07-21,SmackDown,,,,,,"Cawthon has it, we do not",,
missing_show,,2007-11-30,SmackDown,WWE Friday Night SmackDown #432,821,,,,"we have it, Cawthon does not",,
missing_show,,2007-12-03,Raw,WWE Monday Night RAW #758,823,,,,"we have it, Cawthon does not",,
missing_show,,2007-12-07,SmackDown,WWE Friday Night SmackDown #433,822,,,,"we have it, Cawthon does not",,
missing_show,,2007-12-24,Raw,WWE Monday Night RAW #761 - Tribute To The Troops 2007,824,,,,"we have it, Cawthon does not",,
missing_show,,2007-12-28,Raw,,,,,,"Cawthon has it, we do not",,
missing_show,,2007-12-28,SmackDown,WWE Friday Night SmackDown #436 - The Greatest Matches Of 2007,831,,,,"we have it, Cawthon does not",,
missing_show,,2008-02-11,Raw,,,,,,"Cawthon has it, we do not",,
missing_show,,2008-03-31,Raw,WWE Monday Night RAW #775,859,,,,"we have it, Cawthon does not",,
missing_show,,2008-05-19,Raw,WWE Monday Night RAW #782,875,,,,"we have it, Cawthon does not",,
missing_show,,2008-05-26,Raw,WWE Monday Night RAW #783,877,,,,"we have it, Cawthon does not",,
missing_show,,2008-06-01,PPV,One Night Stand 08,,,,,"Cawthon has it, we do not",,
missing_show,,2008-06-30,Raw,WWE Monday Night RAW #788,888,,,,"we have it, Cawthon does not",,
missing_show,,2008-07-04,SmackDown,WWE Friday Night SmackDown #463,889,,,,"we have it, Cawthon does not",,
missing_show,,2008-08-14,SmackDown,,,,,,"Cawthon has it, we do not",,
missing_show,,2008-08-15,SmackDown,WWE Friday Night SmackDown #469,902,,,,"we have it, Cawthon does not",,
missing_show,,2008-08-31,Raw,,,,,,"Cawthon has it, we do not",,
missing_show,,2008-09-01,Raw,WWE Monday Night RAW #797,908,,,,"we have it, Cawthon does not",,
missing_show,,2008-09-04,SmackDown,,,,,,"Cawthon has it, we do not",,
missing_show,,2008-09-05,SmackDown,WWE Friday Night SmackDown #472,909,,,,"we have it, Cawthon does not",,
missing_show,,2008-11-03,Raw,WWE Monday Night RAW #806,929,,,,"we have it, Cawthon does not",,
missing_show,,2008-11-21,SmackDown,,,,,,"Cawthon has it, we do not",,
missing_show,,2008-12-05,SmackDown,,,,,,"Cawthon has it, we do not",,
missing_show,,2008-12-12,SmackDown,WWE Friday Night SmackDown #486,939,,,,"we have it, Cawthon does not",,
missing_show,,2008-12-13,SmackDown,,,,,,"Cawthon has it, we do not",,
missing_show,,2009-01-09,SmackDown,,,,,,"Cawthon has it, we do not",,
missing_show,,2009-01-23,SmackDown,,,,,,"Cawthon has it, we do not",,
missing_show,,2009-02-06,SmackDown,,,,,,"Cawthon has it, we do not",,
missing_show,,2009-02-27,SmackDown,,,,,,"Cawthon has it, we do not",,
missing_show,,2009-03-13,SmackDown,,,,,,"Cawthon has it, we do not",,
missing_show,,2009-03-27,SmackDown,,,,,,"Cawthon has it, we do not",,
missing_show,,2009-07-06,Raw,,,,,,"Cawthon has it, we do not",,
missing_show,,2009-07-10,SmackDown,WWE Friday Night SmackDown #516,1000,,,,"we have it, Cawthon does not",,
missing_show,,2009-07-13,Raw,WWE Monday Night RAW #842,1001,,,,"we have it, Cawthon does not",,
missing_show,,2010-05-03,Raw,WWE Monday Night RAW #884,1096,,,,"we have it, Cawthon does not",,
missing_show,,2010-06-03,SmackDown,,,,,,"Cawthon has it, we do not",,
missing_show,,2010-06-04,SmackDown,WWE Friday Night SmackDown #563,1106,,,,"we have it, Cawthon does not",,
missing_show,,2010-06-20,PPV,Fatal 4 Way,,,,,"Cawthon has it, we do not",,
missing_show,,2010-06-21,Raw,WWE Monday Night RAW #891,1111,,,,"we have it, Cawthon does not",,
missing_show,,2010-07-05,Raw,WWE Monday Night RAW #893,1115,,,,"we have it, Cawthon does not",,
missing_show,,2010-08-02,Raw,,,,,,"Cawthon has it, we do not",,
missing_show,,2010-08-13,SmackDown,WWE Friday Night SmackDown #573,1126,,,,"we have it, Cawthon does not",,
missing_show,,2010-08-23,Raw,,,,,,"Cawthon has it, we do not",,
missing_show,,2010-09-17,SmackDown,WWE Friday Night SmackDown #578,1136,,,,"we have it, Cawthon does not",,
missing_show,,2010-09-23,SmackDown,,,,,,"Cawthon has it, we do not",,
missing_show,,2010-09-24,SmackDown,WWE Friday Night SmackDown #579,1139,,,,"we have it, Cawthon does not",,
missing_show,,2010-09-27,Raw,,,,,,"Cawthon has it, we do not",,
missing_show,,2010-10-29,SmackDown,WWE Friday Night SmackDown #584,1150,,,,"we have it, Cawthon does not",,
missing_show,,2010-11-01,Raw,WWE Monday Night RAW #910,1151,,,,"we have it, Cawthon does not",,
missing_show,,2010-11-19,SmackDown,WWE Friday Night SmackDown #587,1156,,,,"we have it, Cawthon does not",,
missing_show,,2010-12-21,SmackDown,,,,,,"Cawthon has it, we do not",,
missing_show,,2010-12-24,SmackDown,WWE Friday Night SmackDown #592,1168,,,,"we have it, Cawthon does not",,
missing_show,,2010-12-27,Raw,WWE Monday Night RAW #918,1169,,,,"we have it, Cawthon does not",,
missing_show,,2011-01-27,Raw,,,,,,"Cawthon has it, we do not",,
missing_show,,2011-01-31,Raw,WWE Monday Night RAW #923,1180,,,,"we have it, Cawthon does not",,
missing_show,,2011-02-14,Raw,WWE Monday Night RAW #925,1184,,,,"we have it, Cawthon does not",,
missing_show,,2011-07-04,Raw,,,,,,"Cawthon has it, we do not",,
missing_show,,2011-07-11,Raw,WWE Monday Night RAW #946,1230,,,,"we have it, Cawthon does not",,
missing_show,,2011-08-30,SmackDown,,,,,,"Cawthon has it, we do not",,
missing_show,,2011-09-02,SmackDown,WWE Friday Night SmackDown #628,1247,,,,"we have it, Cawthon does not",,
missing_show,,2011-09-05,Raw,WWE Monday Night RAW #954,1248,,,,"we have it, Cawthon does not",,
missing_show,,2011-09-12,Raw,WWE Monday Night RAW #955,1250,,,,"we have it, Cawthon does not",,
missing_show,,2011-10-07,SmackDown,WWE Friday Night SmackDown #633,1259,,,,"we have it, Cawthon does not",,
missing_show,,2011-10-10,Raw,WWE Monday Night RAW #959,1260,,,,"we have it, Cawthon does not",,
missing_show,,2011-11-29,SmackDown,,,,,,"Cawthon has it, we do not",,
missing_show,,2011-12-02,SmackDown,WWE Friday Night SmackDown #641,1277,,,,"we have it, Cawthon does not",,
missing_show,,2012-01-27,SmackDown,WWE Friday Night SmackDown #649,1294,,,,"we have it, Cawthon does not",,
missing_show,,2012-02-21,SmackDown,,,,,,"Cawthon has it, we do not",,
missing_show,,2012-02-24,SmackDown,WWE Friday Night SmackDown #653 - Tuesday Night SmackDown,1304,,,,"we have it, Cawthon does not",,
missing_show,,2012-03-02,SmackDown,WWE Friday Night SmackDown #654,1306,,,,"we have it, Cawthon does not",,
missing_show,,2012-03-12,Raw,WWE Monday Night RAW #981,1309,,,,"we have it, Cawthon does not",,
missing_show,,2012-03-23,SmackDown,WWE Friday Night SmackDown #657,1312,,,,"we have it, Cawthon does not",,
missing_show,,2012-03-30,SmackDown,WWE Friday Night SmackDown #658,1314,,,,"we have it, Cawthon does not",,
missing_show,,2012-04-10,SmackDown,,,,,,"Cawthon has it, we do not",,
missing_show,,2012-04-13,SmackDown,WWE Friday Night SmackDown #660,1319,,,,"we have it, Cawthon does not",,
missing_show,,2012-05-11,SmackDown,WWE Friday Night SmackDown #664,1328,,,,"we have it, Cawthon does not",,
missing_show,,2012-06-01,SmackDown,WWE Friday Night SmackDown #667,1335,,,,"we have it, Cawthon does not",,
missing_show,,2012-07-03,SmackDown,,,,,,"Cawthon has it, we do not",,
missing_show,,2012-07-06,SmackDown,WWE Friday Night SmackDown #672 - Tuesday Night SmackDown: The Great American Bash 2012,1346,,,,"we have it, Cawthon does not",,
missing_show,,2012-07-13,SmackDown,WWE Friday Night SmackDown #673,1348,,,,"we have it, Cawthon does not",,
missing_show,,2012-08-24,SmackDown,WWE Friday Night SmackDown #679,1362,,,,"we have it, Cawthon does not",,
missing_show,,2012-09-04,SmackDown,,,,,,"Cawthon has it, we do not",,
missing_show,,2012-09-07,SmackDown,WWE Friday Night SmackDown #681,1366,,,,"we have it, Cawthon does not",,
missing_show,,2012-10-12,SmackDown,WWE Friday Night SmackDown #686,1377,,,,"we have it, Cawthon does not",,
missing_show,,2012-10-26,SmackDown,WWE Friday Night SmackDown #688,1381,,,,"we have it, Cawthon does not",,
missing_show,,2012-11-02,SmackDown,WWE Friday Night SmackDown #689,1384,,,,"we have it, Cawthon does not",,
missing_show,,2012-11-04,SmackDown,,,,,,"Cawthon has it, we do not",,
missing_show,,2012-11-06,SmackDown,,,,,,"Cawthon has it, we do not",,
missing_show,,2012-11-09,SmackDown,WWE Friday Night SmackDown #690 - Super SmackDown,1386,,,,"we have it, Cawthon does not",,
missing_show,,2012-12-18,SmackDown,,,,,,"Cawthon has it, we do not",,
missing_show,,2012-12-21,SmackDown,WWE Friday Night SmackDown #696 - Super SmackDown,1400,,,,"we have it, Cawthon does not",,
missing_show,,2013-02-15,SmackDown,WWE Friday Night SmackDown #704,1417,,,,"we have it, Cawthon does not",,
missing_show,,2013-02-18,Raw,WWE Monday Night RAW #1030,1419,,,,"we have it, Cawthon does not",,
missing_show,,2013-03-22,SmackDown,WWE Friday Night SmackDown #709,1428,,,,"we have it, Cawthon does not",,
missing_show,,2013-04-15,Raw,WWE Monday Night RAW #1038,1436,,,,"we have it, Cawthon does not",,
missing_show,,2013-05-10,SmackDown,WWE Friday Night SmackDown #716,1443,,,,"we have it, Cawthon does not",,
missing_show,,2013-05-13,Raw,WWE Monday Night RAW #1042,1444,,,,"we have it, Cawthon does not",,
missing_show,,2013-05-17,SmackDown,WWE Friday Night SmackDown #717,1445,,,,"we have it, Cawthon does not",,
missing_show,,2013-05-27,Raw,WWE Monday Night RAW #1044,1449,,,,"we have it, Cawthon does not",,
missing_show,,2013-06-03,Raw,WWE Monday Night RAW #1045,1451,,,,"we have it, Cawthon does not",,
missing_show,,2013-06-07,SmackDown,WWE Friday Night SmackDown #720,1452,,,,"we have it, Cawthon does not",,
missing_show,,2013-06-14,SmackDown,WWE Friday Night SmackDown #721,1454,,,,"we have it, Cawthon does not",,
missing_show,,2013-06-24,Raw,WWE Monday Night RAW #1048,1458,,,,"we have it, Cawthon does not",,
missing_show,,2013-07-01,Raw,WWE Monday Night RAW #1049,1460,,,,"we have it, Cawthon does not",,
missing_show,,2013-07-08,Raw,WWE Monday Night RAW #1050,1462,,,,"we have it, Cawthon does not",,
missing_show,,2013-08-02,SmackDown,WWE Friday Night SmackDown #728,1470,,,,"we have it, Cawthon does not",,
missing_show,,2013-08-12,Raw,WWE Monday Night RAW #1055,1473,,,,"we have it, Cawthon does not",,
missing_show,,2013-08-30,SmackDown,WWE Friday Night SmackDown #732,1479,,,,"we have it, Cawthon does not",,
missing_show,,2013-09-30,Raw,WWE Monday Night RAW #1062,1489,,,,"we have it, Cawthon does not",,
missing_show,,2013-10-04,SmackDown,,,,,,"Cawthon has it, we do not",,
missing_show,,2013-10-14,Raw,WWE Monday Night RAW #1064,1493,,,,"we have it, Cawthon does not",,
missing_show,,2013-10-21,Raw,WWE Monday Night RAW #1065,1495,,,,"we have it, Cawthon does not",,
missing_show,,2013-10-25,SmackDown,WWE Friday Night SmackDown #740,1496,,,,"we have it, Cawthon does not",,
missing_show,,2013-10-28,Raw,WWE Monday Night RAW #1066,1498,,,,"we have it, Cawthon does not",,
missing_show,,2013-11-01,SmackDown,WWE Friday Night SmackDown #741,1499,,,,"we have it, Cawthon does not",,
missing_show,,2013-11-22,SmackDown,WWE Friday Night SmackDown #744,1505,,,,"we have it, Cawthon does not",,
missing_show,,2013-11-25,Raw,WWE Monday Night RAW #1070,1507,,,,"we have it, Cawthon does not",,
missing_show,,2013-12-02,Raw,WWE Monday Night RAW #1071,1509,,,,"we have it, Cawthon does not",,
missing_show,,2013-12-06,SmackDown,WWE Friday Night SmackDown #746,1510,,,,"we have it, Cawthon does not",,
missing_show,,2013-12-09,Raw,WWE Monday Night RAW #1072 - The Slammy Awards 2013,1511,,,,"we have it, Cawthon does not",,
missing_show,,2013-12-13,SmackDown,WWE Friday Night SmackDown #747,1512,,,,"we have it, Cawthon does not",,
missing_show,,2013-12-15,PPV,"WWE TLC: Tables, Ladders & Chairs 2013",1513,,,,"we have it, Cawthon does not",,
missing_show,,2013-12-16,Raw,WWE Monday Night RAW #1073,1514,,,,"we have it, Cawthon does not",,
missing_show,,2013-12-20,SmackDown,WWE Friday Night SmackDown #748,1516,,,,"we have it, Cawthon does not",,
missing_show,,2013-12-23,Raw,WWE Monday Night RAW #1074,1515,,,,"we have it, Cawthon does not",,
missing_show,,2013-12-27,SmackDown,WWE Friday Night SmackDown #749,1517,,,,"we have it, Cawthon does not",,
missing_show,,2013-12-30,Raw,WWE Monday Night RAW #1075,1519,,,,"we have it, Cawthon does not",,
result,keep,2001-01-08,Raw,WWF RAW is WAR #398,157,935,6,,"he has no contest, we have a winner",Steve Austin defeats Kurt Angle (c) by DQ (12:14),"Steve Austin fought WWF World Champion Kurt Angle to a no contest at around 12:20 when Triple H came ringside, pulled referee Earl Hebner out of the ring as Austin had Angle covered with the Stunner, led Hebner around the ring by his hair, and ultimately knocked him out with a punch; after the bout, Austin threw Angle to the floor and invited Triple H into the ring; after battling in the ring and at ringside, Triple H busted Austin open with a series of blows with a steel pipe, finally laying Austin across the announce table and posing on top of Austin's motionless body as the show came to a close"
result,fix_result,2001-01-25,SmackDown,Thursday Night SmackDown,4,19,3,,different winner,Chris Jericho (c) defeated The Big Show by DQ in a WWF Intercontinental Championship Match (3:52),"The Big Show defeated WWF IC Champion Chris Jericho via disqualification when Chris Benoit interfered and prevented Show from making the cover; after the match, guest commentator the Rock hit the Big Show with the IC title and gave him the Rock Bottom on the floor"
result,fix_result,2001-02-12,Raw,WWF RAW is WAR #403,163,973,1,,different winner,Eddie Guerrero defeats Chris Jericho (c) by DQ (3:42),"WWF IC Champion Chris Jericho defeated Eddie Guerrero via submission with the Walls of Jericho after blocking a hurricanrana; after the bout, X-Pac attacked the champion"
result,keep,2001-02-15,SmackDown,Thursday Night SmackDown,7,43,6,,"he has a winner, we have none",Singles Match: The Rock vs. Triple H - No Contest (8:10),"The Rock defeated Triple H via disqualification when Kurt Angle prevented the Rock's pin attempt; after the match, a brawl ensued involving the Rock, Triple H, Angle, Chris Benoit, and Steve Austin; as the show went off the air, the Rock was caught in Angle's ankle lock while Austin was caught in Benoit's Crippler Crossface as Triple H poured beer on him"
result,keep,2001-02-19,Raw,WWF RAW is WAR #404,164,985,5,,"he has no contest, we have a winner",Raven (c) defeats Crash (4:11),WWF Hardcore Champion Raven fought Crash Holly to a no contest
result,keep,2001-03-01,SmackDown,Thursday Night SmackDown,9,54,5,,"he has no contest, we have a winner",Singles Match: Steve Austin defeated Kurt Angle by DQ (9:19),Steve Austin fought Kurt Angle to a no contest when William Regal and guest commentator the Rock interfered; the show ended with a staredown between Austin & Rock
result,fix_result,2001-03-15,SmackDown,Thursday Night SmackDown,11,64,1,,"he has a winner, we have none",WWF European Title Match: Test (c) vs. Eddie Guerrero (w / Perry Saturn & Terri Runnels ) (3:02),WWF European Champion Test pinned Eddie Guerrero (w/ Perry Saturn & Terri) with the boot to the face after Chris Jericho interfered
result,keep,2001-03-19,Raw,WWF RAW is WAR #408,169,1020,3,,"he has a winner, we have none",Steven Richards (w/ Val Venis ) vs. Tazz - No Contest (1:08),"Tazz defeated Steven Richards (w/ Val Venis) via disqualification when Venis interfered; after the bout, the Rock came to the ring, cleared the ring of RTC, hit a spinebuster on Tazz, and cut an in-ring promo on Steve Austin"
result,fix_result,2001-03-22,SmackDown,Thursday Night SmackDown,12,70,1,,"he has a winner, we have none",WWF Hardcore Title Match: Raven (c) vs. Chris Jericho - No Contest (2:27),"WWF Hardcore Champion Raven pinned William Regal; the bout was originally Raven vs. Chris Jericho, Raven and Jericho ended up fighting in Regal's office, where Regal smashed a vase over Jericho's head and then Raven hit Regal with tray of crumpets and pinned him; after the commercial break, Regal announced in an interview that Raven would defend his title at WrestleMania against Kane and the Big Show"
result,keep,2001-03-26,Raw,WWF RAW is WAR #409,170,1026,2,,"he has no contest, we have a winner",William Regal defeats Crash (w/ Molly Holly ) by DQ (0:28),Molly Holly fought William Regal to a no contest
result,keep,2001-04-02,Raw,WWF RAW is WAR #410,172,1045,4,,"he has a winner, we have none",Stephanie McMahon-Helmsley vs. Trish Stratus - No Contest (4:55),"Trish Stratus defeated Stephanie McMahon via disqualification in a whipping match when William Regal interfered at 4:09; after the match, Chris Jericho made the save"
result,keep,2001-04-02,Raw,WWF RAW is WAR #410,172,1050,9,,"he has a winner, we have none",Steve Austin (w/ Vince McMahon ) (c) vs. The Rock - No Contest (10:57),"The Rock defeated WWF World Champion Steve Austin (w/ Vince McMahon) via disqualification in a steel cage match at around the 6-minute mark when McMahon entered the cage and knocked out referee Tim White with a double axe handle after the challenger hit the Rock Bottom; moments prior to the finish, McMahon pulled the referee out of the cage to prevent him from counting the pin as Rock had Austin covered with the People's Elbow; the referee responded by shoving McMahon to the floor; after the match, Triple H entered the cage with a sledgehammer, teased a face turn, but eventually helped in triple teaming the Rock; prior to the bout, McMahon did the ring introduction for the champion; as the show came to a close, the Rock was beaten bloody while Triple H, Austin, and McMahon shared a few beers (Rock's last match until July)"
result,split,2001-05-03,SmackDown,Thursday Night SmackDown,18,109,6,,"he has no contest, we have a winner",Singles Match: Rikishi defeated The Undertaker by DQ (6:00),The Undertaker fought Rikishi to a no contest
result,keep,2001-05-07,Raw,WWF RAW is WAR #415,178,1093,6,,different winner,"The X-Factor ( Albert , Justin Credible & X-Pac ) defeat The Dudley Boyz ( Bubba Ray Dudley , D-Von Dudley & Spike Dudley ) (3:58)","Spike, Bubba Ray, & D-Von Dudley defeated X-Pac, Albert, & Justin Credible in a tables match when Spike sent Albert through the table with the Dudley Dog after Raven interfered and hit Albert with a cane"
result,fix_result,2001-05-24,SmackDown,Thursday Night SmackDown,21,126,3,,"he has a winner, we have none",Singles Match: Dean Malenko (w / Perry Saturn & Terri Runnels ) vs Raven (2:32),"Dean Malenko (w/ Terri & Perry Saturn) defeated Raven after Saturn interfered; after the bout, Saturn accidentally superkicked a steel chair into Malenko's face before Raven then hit a DDT on Saturn onto the same chair; as a result of the injury sustained the night before on Raw as well as the DDT onto the chair, Saturn's became mentally unstable"
result,fix_result,2001-05-28,Raw,WWF RAW is WAR #418,182,1117,1,,different winner,The X-Factor ( Justin Credible & X-Pac ) (w/ Albert ) defeat The Hardy Boyz ( Jeff Hardy & Matt Hardy ) (w/ Eddie Guerrero & Lita ) (3:41),Matt & Jeff Hardy defeated X-Pac & Justin Credible
result,fix_result,2001-05-31,SmackDown,Thursday Night SmackDown,22,130,1,,"he has a winner, we have none",WWF Intercontinental Title Match: Kane (c) vs. Edge (3:30),WWF IC Champion Kane defeated Edge
result,fix_result,2001-05-31,SmackDown,Thursday Night SmackDown,22,133,4,,"he has a winner, we have none",WWF Hardcore Title Match: Rhyno (c) vs Raven (3:40),WWF Hardcore Champion Rhyno defeated Raven
result,fix_result,2001-06-04,Raw,WWF RAW is WAR #419,183,1126,3,,different winner,"The Dudley Boyz ( Bubba Ray Dudley , D-Von Dudley & Spike Dudley ) defeat Crash , Hardcore Holly & Kurt Angle (7:16)","Kurt Angle, Hardcore & Crash Holly defeated Bubba Ray, D-Von, & Spike Dudley when Angle pinned Bubba with the Olympic Slam"
result,fix_result,2001-06-14,SmackDown,Thursday Night SmackDown,24,151,8,,"he has a winner, we have none",WWF World Heavyweight Title Match: Steve Austin (c) vs. Spike Dudley (4:32),"WWF World Champion Steve Austin pinned Spike Dudley (w/ Molly Holly) with the Stunner at 4:30; after the match, WWF Tag Team Champions Chris Jericho & Chris Benoit made the save with chairs"
result,keep,2001-07-02,Raw,WWF RAW is WAR #423,188,1165,8,,"he has no contest, we have a winner",Booker T (c) defeats Buff Bagwell by DQ (4:55),"WCW World Champion Booker T fought Buff Bagwell to a no contest when Steve Austin and Kurt Angle interfered; Austin, Angle, and Bagwell triple teamed Booker all the way backstage before throwing him out of the arena; moments thereafter, Austin and Angle jumped Bagwell and threw him out of the arena as well"
result,fix_result,2001-07-05,SmackDown,Thursday Night SmackDown,27,168,5,,"he has a winner, we have none",WWF Intercontinental Title Match : Albert (c) vs. Edge (3:36),WWF IC Champion Albert pinned Edge with the Baldo Bomb at 3:34 after hitting a low blow as the challenger punched away at him on the middle turnbuckle
result,keep,2001-07-09,Raw,WWF RAW is WAR #424,189,1171,6,,"he has no contest, we have a winner",Chris Jericho & Kane defeat Lance Storm & Mike Awesome by DQ (7:05),"Chris Jericho & Kane fought Lance Storm & WWF Hardcore Champion Mike Awesome to a no contest when Rob Van Dam and Tommy Dreamer came out of the crowd and attacked the WWF team as Jericho had the Walls of Jericho applied on Storm; within moments, the ring filled up with the Dudley Boyz, Tazz, Justin Credible, Rhyno, and Raven who then joined RVD and Dreamer in attacking their own WWF teammates; as the brawl settled down, Paul Heyman left the commentary table, entered the ring, and made it clear that the war between the WWF and WCW had just been taken to the extreme as the new ECW group was formed (Tommy Dreamer's debut and RVD's return to WWF TV after a 4-year absence)"
result,keep,2001-07-12,SmackDown,Thursday Night SmackDown,28,176,6,,"he has no contest, we have a winner",Tag Team Match : Kurt Angle & The Undertaker defeated Diamond Dallas Page and Shane McMahon by DQ (6:15),"The Undertaker & Kurt Angle fought Shane McMahon & Diamond Dallas Page to a no contest when a number of WCW and ECW wrestlers attacked Taker and Angle, with Chris Jericho and Kane attempting to make the save but also getting beaten down"
result,keep,2001-07-30,Raw,WWF RAW is WAR #427,193,1203,5,,different winner,Christian & Edge defeat Chris Kanyon & Lance Storm (5:30),WWF IC Champion Lance Storm & WCW US Champion Kanyon defeated Edge & Christian at 5:28 when Storm pinned Edge after Edge suffered Kanyon's Flatliner onto the US title belt
result,split,2001-08-13,Raw,WWF RAW is WAR #429,195,1217,5,,"he has a winner, we have none",Rob Van Dam (c) vs. Kurt Angle - No Contest (3:26),Jeff Hardy pinned WWF Hardcore Champion Rob Van Dam with the Swanton to win the title at the 3:24 mark following an Olympic Slam from Kurt Angle; RVD's original opponent was Angle but he had Tommy Dreamer in the ankle lock at the time of the decision
result,keep,2001-08-16,SmackDown,Thursday Night SmackDown,33,202,1,,"he has no contest, we have a winner",The Rock defeated Shawn Stasiak (0:20),WCW World Champion Booker T fought the Rock to a no contest in a non-title lights out match at around the 3:30 mark when Shane McMahon interfered and Booker executed the Book End through the commentary table; WWF and Alliance members were barred from ringside for the match
result,keep,2001-08-23,SmackDown,Thursday Night SmackDown,34,208,1,,"he has a winner, we have none",Rob Van Dam (c) vs. Jeff Hardy ended in a No Contest. Van Dam retains the WWF Hardcore Championship (9:06),WWF Hardcore Champion Rob Van Dam defeated Jeff Hardy via referee's decision at 6:30 after Hardy missed a splash off the top of a ladder and crashed through a table set up at ringside
result,fix_result,2001-08-30,SmackDown,Thursday Night SmackDown,35,218,4,,"he has a winner, we have none",WCW United States Championship Match: Kanyon (c) vs. Edge (3:11),WCW US Champion Kanyon pinned WWF IC Champion Edge at 3:10 after Christian accidentally hit Edge with the IC title belt; only Kanyon's title was on the line
result,fix_result,2001-09-27,SmackDown,Thursday Night SmackDown,39,249,7,,"he has a winner, we have none",WWF World Tag Team Title Match: The Dudley Boyz ( Bubba Ray Dudley & D-Von Dudley ) (c) vs. Kurt Angle & The Rock ended in a No Contest (14:00),"WCW World Champion the Rock & WWF World Champion Kurt Angle defeated WWF Tag Team Champions the Dudley Boyz via disqualification when Booker T, Test, and Shane McMahon interfered; after the match, the Dudleyz put their opponents through tables with the 3D"
result,fix_result,2001-10-11,SmackDown,Thursday Night SmackDown,41,261,6,,"he has a winner, we have none",Singles Match: Kurt Angle vs. William Regal ended in a No Contest (3:22),"Kurt Angle defeated William Regal via disqualification at 4:00 when Raven, Mike Awesome, Chris Kanyon, and Tommy Dreamer interfered – with Angle taking each one down with a belly to belly suplex; after the match, the Rock made the save for Angle against the Dudley Boyz"
result,keep,2001-10-18,SmackDown,Thursday Night SmackDown,42,1304,5,,"he has a winner, we have none",Chris Jericho & The Rock vs. Justin Credible & Raven (w/ Terri ) - No Contest (1:58),Raven & Justin Credible defeated WCW World Champion the Rock & Chris Jericho via disqualification when Jericho used a chair on his opponents before doing the same to the Rock
result,keep,2001-11-08,SmackDown,Thursday Night SmackDown,45,284,4,,"he has no contest, we have a winner",The Big Show defeated William Regal by DQ (0:28),"The Big Show fought William Regal to a no contest at the 26-second mark when Show hit a chokeslam on the interfering Shawn Stasiak, Billy Kidman, Chavo Guerrero Jr., Mike Awesome, and Justin Credible"
result,keep,2001-11-15,SmackDown,Thursday Night SmackDown,46,1360,5,,different winner,Tajiri & Torrie Wilson defeat Ivory & William Regal by DQ (3:08),William Regal & Ivory defeated Tajiri & Torrie Wilson when Regal applied the Regal Stretch on Torrie
result,keep,2002-03-07,SmackDown,WWF SmackDown #134,234,1591,6,,"he has a winner, we have none",Scott Hall vs. The Rock - No Contest (4:35),The Rock defeated Scott Hall
result,keep,2002-03-14,SmackDown,Thursday Night SmackDown,63,1601,3,,"he has a winner, we have none",Al Snow (c) vs. The Big Show - No Contest (3:34),Maven pinned WWF Hardcore Champion Al Snow to win the title after interfering in Snow's title defense against the Big Show
result,split,2002-03-17,PPV,"WWF WrestleMania X8 - ""The One And Only""",236,1606,3,,"he has a winner, we have none",Maven (c) vs. Goldust - No Contest (3:16),"Spike Dudley pinned WWF Hardcore Champion Maven to win the title at 3:17 by interferring in Maven's title defense with Goldust after Maven and Goldust knocked each other out with trash can lid shots to the head; immediately after the pin, Spike was chased into the crowd by Crash Holly, Goldust, and Maven; later in the show, the Hurricane pinned Spike backstage after Spike avoided attacks from Al Snow and Crash Holly; later segments in the show saw Hurricane hide in the Godfather's dressing room until he was chased out, Molly Holly pin the Hurricane to win the title after hitting him with a frying pan, Christian pin Molly for the title after slamming a door in her face, and Maven pin Christian with a roll up to win the title as Christian attempted to leave in a taxi"
result,keep,2002-03-28,SmackDown,Thursday Night SmackDown,65,1635,1,,"he has a winner, we have none",Booker T vs. Diamond Dallas Page - No Contest (2:06),"Diamond Dallas Page defeated Booker T via disqualification at around the 2-minute mark when Brock Lesnar & Paul Heyman came out of the crowd, with Lesnar dropping DDP with a spinebuster and the F5 (Booker's last appearance on Smackdown! for 2 years; Lesnar's last Smackdown! appearance for 5 months)"
result,split,2002-04-29,Raw,WWF RAW #466,244,1702,5,,"he has a winner, we have none",Bubba Ray Dudley (c) vs. Jazz - No Contest (4:09),Steven Richards pinned WWF Hardcore Champion Bubba Ray Dudley to win the title after hitting him with a guitar; Bubba's opponent was Jazz but Richards interfered at the 4-minute mark to make the cover
result,split,2002-07-15,Raw,WWE RAW #477,257,1793,5,,"he has a winner, we have none",Bradshaw (c) vs. Christopher Nowinski - No Contest (2:01),Johnny Stamboli pinned WWE Hardcore Champion Bradshaw to win the title after hitting him in the head with a kendo stick backstage as Bradshaw was defending the title against Christopher Nowinski
result,keep,2002-08-19,Raw,WWE RAW #482,263,1832,4,,different winner,The Big Show defeats Rob Van Dam by DQ (2:35),"Rob Van Dam defeated the Big Show via disqualification when Show attempted to hit RVD with the steel ring steps; after the match, Eric Bischoff had Jamal & Rosey attack Show for getting out of hand"
result,keep,2002-09-09,Raw,WWE RAW #485,267,1860,5,,"he has a winner, we have none",Booker T & Goldust vs. The Un-Americans ( Test & William Regal ) - Double DQ (5:50),"Test & William Regal defeated Booker T & Goldust via disqualification when Kane and Bradshaw prevented the pin after Regal hit Booker with brass knuckles; after the match, Booker, Goldust, Kane, and Bradshaw held off the Un-Americans"
result,keep,2002-09-26,SmackDown,Thursday Night SmackDown,91,561,2,,different winner,Tag Team Match: Billy & Chuck (w / Torrie Wilson ) defeated Jamie Noble & Tajiri (w / Nidia ) (6:24),"Tajiri & Jamie Noble defeated Billy Gunn & Chuck Palumbo in an impromptu match after Gunn and Palumbo judged a bikini contest between Torrie Wilson and Nidia, giving the win to Torrie"
result,keep,2002-10-28,Raw,WWE RAW #492,276,1922,3,,"he has no contest, we have a winner",Chris Jericho & Christian (c) defeat Bubba Ray Dudley & Jeff Hardy (15:44),WWE Raw Tag Team Champions Chris Jericho & Christian fought Bubba Ray & Spike Dudley to a no contest when Rosey & Jamal attacked the Dudleyz from behind before the match began
result,keep,2002-12-02,Raw,WWE RAW #497,282,1964,5,,"he has a winner, we have none",Booker T vs. Chris Jericho - No Contest (8:07),"WWE Raw Tag Team Champions Chris Jericho & Christian defeated Booker T & Goldust when Jericho pinned Booker after hitting him with one of the title belts; the match was originally a one-on-one contest pitting Booker against Jericho but after both Christian and Goldust appeared at ringside, Chief Morley turned the bout into a tag team match for the championship"
result,split,2003-03-13,SmackDown,Thursday Night SmackDown,115,2139,4,,"he has no contest, we have a winner",Chris Benoit & Rhyno defeat Los Guerreros ( Chavo Guerrero & Eddie Guerrero ) by DQ (20:08),Eddie & Chavo Guerrero Jr. fought Chris Benoit & Rhyno to a no contest at 20:08 when Shelton Benjamin & Charlie Haas interfered and attacked both teams
result,keep,2003-04-21,Raw,WWE RAW #517,308,2213,5,,"he has a winner, we have none",Triple H (w/ Ric Flair ) (c) vs. Booker T - No Contest (18:30),"Booker T defeated World Heavyweight Champion Triple H (w/ Ric Flair) via disqualification at 14:01 when both Flair and Chris Jericho attacked special referee Shawn Michaels as he prepared to count the pinfall on the champion after executing the superkick; following the bout, Kevin Nash cleared the ring of both Flair and Jericho before Triple H hit a low blow from behind to allow his own escape"
result,keep,2003-05-01,SmackDown,Thursday Night SmackDown,122,2237,3,,"he has a winner, we have none",Chris Benoit vs. Johnny Stamboli (w/ Chuck Palumbo & Nunzio ) - No Contest (5:00),Chuck Palumbo & Johnny Stamboli (w/ Nunzio) defeated Chris Benoit & Rhyno when Palumbo pinned Benoit with a roll over after assistance from Nunzio; the bout was originally Stamboli vs. Benoit but was turned into a tag team match after the other members of the FBI and Rhyno interfered
result,keep,2003-05-12,Raw,WWE RAW #520,312,2258,7,,"he has no contest, we have a winner",Kevin Nash defeats Chris Jericho by DQ (7:00),"Kevin Nash fought Chris Jericho to a no contest when Triple H and Ric Flair interfered and tossed referee Earl Hebner to the floor; moments later, Shawn Michaels made the save and gave Nash a moral victory by making separate pinfalls on Jericho and Triple H after Nash hit each man with the powerbomb"
result,split,2003-08-07,SmackDown,Thursday Night SmackDown,136,2424,1,,different winner,Eddie Guerrero defeats Chris Benoit by DQ (6:57),"Chris Benoit & Tajiri defeated WWE US Champion Eddie Guerrero & Rhyno when Guerrero submitted to Benoit's Crippler Crossface; the bout was originally a non-title contest between Guerrero and Benoit but, after interference from Rhyno and Tajiri, it was changed to a tag team bout by Sgt. Slaughter"
result,fix_result,2003-09-11,SmackDown,Thursday Night SmackDown,141,2491,2,,"he has a winner, we have none",Dawn Marie vs. Shaniqua - No Contest (1:24),Shaniqua defeated Dawn Marie via disqualification at 1:24 when Torrie Wilson and Nidia interfered after Dawn Marie was tossed to the floor
result,split,2003-11-10,Raw,WWE RAW #546,345,2608,6,,different winner,Chris Jericho defeats Booker T by DQ (3:51),"Booker T pinned Chris Jericho with a modified crucifix out of the corner at 3:52; members of Team Austin and Team Bischoff were banned from ringside for the duration of the contest, however immediately after the bout Team Bischoff joined in attacking Booker as he was caught in the Walls of Jericho; moments thereafter, Team Austin came out for the save; after Coachman announced Jericho as being the winner via disqualification, he was trapped in the ring by Team Austin where he eventually sustained a 3D from the Dudley Boyz"
result,keep,2003-11-10,Raw,WWE RAW #546,345,2609,7,,"he has a winner, we have none",Batista vs. Goldberg - No Contest (2:17),"World Heavyweight Champion Bill Goldberg defeated Batista via disqualification in a non-title match at 2:16 when Triple H, who was sent out of the arena earlier in the show, returned and clipped the champion in his injured leg as he was preparing for the Jackhammer; prior to the match, Lillian Garcia returned as the ring announcer; after the match, Triple H hit the Pedigree but Goldberg eventually fought back – hitting the spear on Triple H and nailing Batista in the chest with Triple H's own sledgehammer"
result,split,2004-01-08,SmackDown,WWE SmackDown #230,358,3899,2,,"he has no contest, we have a winner",The Basham Brothers ( Danny Basham & Doug Basham ) (c) defeat Los Guerreros ( Chavo Guerrero & Eddie Guerrero ) (16:00),"Rikishi & Scotty 2 Hotty fought WWE Smackdown! Tag Team Champions Doug & Danny Basham (w/ Shaniqua) to a no contest when the champions attacked the challengers from behind before the bout, double teaming them and hitting them with the title belts; moments thereafter, Kurt Angle came out and announced that he and Paul Heyman came up with a substitute pair of challengers for the Bashams to defend against later in the night – Eddie & Chavo Guerrero Jr."
result,keep,2004-02-16,Raw,WWE RAW #560,371,3976,2,,"he has no contest, we have a winner",Kane defeats Chris Jericho by Matchabbruch (2:55),"Kane fought Chris Jericho to a no contest at around the 4 minute mark after Kane rammed Jericho knee-first into the steel ring post; after the bout, Kane cut an in-ring promo on the Undertaker and – as he left ringside – another Undertaker vignette aired; the segment ended with Kane being rained on and the Undertaker's gong being sounded"
result,keep,2004-03-11,SmackDown,WWE SmackDown #239,378,4008,2,,"he has a winner, we have none",Jamie Noble vs. Rey Mysterio - No Contest (4:02),"Rey Mysterio Jr., the Ultimo Dragon, Billy Kidman, & Sho Funaki defeated Jamie Noble, Tajiri, Akio, & Sakoda when Mysterio scored the pin; the bout originally was Mysterio vs. Noble but turned into a tag match when the other wrestlers interfered; Chavo Guerrero Jr. & Sr. did guest commentary for the bout"
result,keep,2004-03-18,SmackDown,WWE SmackDown #240,381,4033,3,,different winner,Rey Mysterio defeats Billy Gunn and Charlie Haas and Shelton Benjamin and The Big Show (22:37),"Shelton Benjamin pinned Charlie Haas with a spin kick as Haas held the opposite leg; after the bout, the two hugged"
result,fix_result,2004-04-01,SmackDown,WWE SmackDown #242,385,4053,3,,"he has a winner, we have none",Charlie Haas vs. Rob Van Dam - Double Count Out (7:38),"Charlie Haas defeated Rob Van Dam at 7:38; the two men battled to a double count-out after Haas blocked a leap to the floor by holding up a steel chair, however Kurt Angle came out and declared Haas the winner on points and a nominee for the ‘Great American' Award"
result,split,2004-07-08,SmackDown,WWE SmackDown #256,417,4228,3,,"he has no contest, we have a winner",El Gran Luchadore defeats John Bradshaw Layfield by Count Out (8:00),"WWE Smackdown! World Champion John Bradshaw Layfield fought El Gran Luchador to a no contest at around 7:30 after El Gran slid underneath the ring, a second Luchador came out, obviously a masked Eddie Guerrero, and Bradshaw was knocked out of the ring; after the match, El Gran (Eddie) cut a promo on Bradhsaw defending the title against Eddie the following week in a steel cage match"
result,keep,2004-09-06,Raw,WWE RAW #589,436,4320,4,,different winner,Tyson Tomko (w/ Christian ) defeats Chris Jericho (2:55),Chris Jericho defeated Tyson Tomko at 2:57
result,keep,2004-09-06,Raw,WWE RAW #589,436,4321,5,,different winner,Kane defeats Randy Orton by DQ (2:37),World Heavyweight Champion Randy Orton defeated Kane in a non-title steel cage match at 7:45; Kane originally won the contest via count-out at 2:37 but the match was ordered to continue as a steel cage bout
result,fix_result,2004-09-23,SmackDown,WWE SmackDown #267,442,4353,6,,"he has a winner, we have none",Eddie Guerrero & The Big Show vs. Kurt Angle & Luther Reigns - No Contest (12:30),Eddie Guerrero & the Big Show defeated Kurt Angle & Luther Reigns via disqualification at 15:01 when Mark Jindrak interfered
result,keep,2004-10-11,Raw,WWE RAW #594,448,4385,4,,"he has a winner, we have none",Chris Jericho vs. Rhyno - No Contest (4:00),WWE IC Champion Chris Jericho & Rhyno defeated Christian & Tyson Tomko at 9:30 when Jericho pinned Tomko with the Lionsault; the bout originally was Jericho facing Rhyno in a non-title match but was turned into a tag match after Christian and Tomko interfered at arond the 4-minute mark
result,split,2004-12-12,PPV,WWE Armageddon 2004,467,4489,6,,different winner,"The Big Show defeats Kurt Angle , Luther Reigns & Mark Jindrak (10:02)",Kurt Angle defeated Santa Claus via submission with the ankle lock at the 27-second mark in an unscheduled bout
result,keep,2005-01-06,SmackDown,WWE SmackDown #282,476,7582,5,,"he has a winner, we have none",Heidenreich & Paul Heyman vs. The Undertaker - No Contest (6:25),"The Undertaker defeated John Heidenreich & Paul Heyman in a handicap match by pinning Heyman with the tombstone after Heidenreich tagged out and escaped through the crowd; after the bout, Taker rolled Heyman into a casket located at ringside; had Taker lost the match, Heidenreich would have been able to choose a different stipulation for their casket match at the Royal Rumble"
result,keep,2005-02-14,Raw,WWE RAW #612,489,7653,6,,"he has a winner, we have none",Batista vs. Edge - No Contest (5:45),"Edge defeated Batista (w/ World Heavyweight Champion Triple H) via disqualification at 5:47 when Triple H came in the ring and shoved the referee to the mat as JBL's limo appeared in the parking lot backstage, seconds after Batista hit the sit-down powerbomb; after the match, Triple H, Batista, and Ric Flair went backstage to confront JBL; Batista ultimately decided to go outside by himself, where he was almost run over by the limo before Triple H pushed him to safety; as the show came to a close, Batista said he would be at Smackdown! that Thursday night and would appear by himself, not with his fellow Evolution members"
result,fix_result,2005-02-21,Raw,WWE RAW #613,492,7672,6,,different winner,Shelton Benjamin (c) defeats Gene Snitsky (3:08),"Gene Snitsky defeated WWE IC Champion Shelton Benjamin via disqualification at 3:07 when Benjamin hit the challenger in the head with a steel chair, as Benjamin was on the floor and Snitsky was in the ring"
result,keep,2005-03-03,SmackDown,WWE SmackDown #290,495,7685,2,,different winner,Heidenreich defeats Booker T by DQ (3:40),Booker T defeated John Heidenreich via disqualification at 5:27
result,fix_result,2005-03-28,Raw,WWE RAW #618,502,7717,3,,"he has a winner, we have none",Muhammad Hassan (w/ Khosrow Daivari ) vs. Shawn Michaels - No Contest (12:15),"Shawn Michaels defeated Muhammad Hassan (w/ Daivari) via disqualification at 12:05 when Kurt Angle interfered as Michaels prepared to hit the superkick; after the bout, Michaels fought off both Hassan and Angle, eventually hitting the superkick on Hassan; moments later, Angle and Michaels had a stare down before Angle was escorted out of the arena"
result,fix_result,2005-04-14,SmackDown,WWE SmackDown #296,508,7745,1,,"he has a winner, we have none",Booker T vs. Orlando Jordan - No Contest (1:41),"Booker T defeated WWE US Champion Orlando Jordan via disqualification when the Basham Brothers interfered; after the bout, the Big Show came out to make the save with Teddy Long soon following and ordering a handicap tag team match to take place immediately, pitting Booker & Show against Orlando & the Bashams"
result,keep,2005-04-18,Raw,WWE RAW #621,509,7752,3,,different winner,Muhammad Hassan (w/ Khosrow Daivari ) defeats Shawn Michaels by DQ (10:02),"Shawn Michaels defeated Muhammad Hassan (w/ Daivari) via disqualification at 10:06 when Daivari, who was thrown into the ring moments earlier by Michaels, began stomping Michaels after Hassan hit the Flatliner; moments later, Hulk Hogan came out to make the save, with Hogan and Michaels eventually throwing both Hassan & Daivari from the ring before posing to “Real American” (Hogan's surprise return to MSG after an absence of 2 years)"
result,keep,2005-06-09,SmackDown,WWE SmackDown #304 - Draft 2005,526,7844,5,,"he has a winner, we have none","Chris Benoit (w/ Axl Rotten , Balls Mahoney , Bubba Ray Dudley , D-Von Dudley , Paul Heyman , Rhyno , Tazz , The Sandman & Tommy Dreamer ) vs. John Bradshaw Layfield (w/ Carlito Caribbean Cool , Danny Basham , Doug Basham , Kurt Angle , Matt Morgan & Orlando Jordan ) - No Contest (12:30)","Chris Benoit defeated John Bradshaw Layfield (w/ WWE US Champion Orlando Jordan, Doug & Danny Basham) via disqualification at 13:09 when Kurt Angle interfered as JBL was trapped in the Crippler Crossface; prior to the bout, Paul Heyman, the Dudley Boyz, Tommy Dreamer, Rhyno, and the Sandman came ringside, with Heyman doing guest commentary alongside Michael Cole; mid-way through the bout, Carlito Caribbean Cool and Matt Morgan came out to be in JBL's corner; after the bout, the ECW and WWE contingents battled in the ring with Tazz, his head bandaged, Balls Mahoney, and Axl Rotten coming out to join the ECW group clear the ring"
result,keep,2005-06-20,Raw,WWE RAW #630 - Draft 2005,530,7866,4,,different winner,Batista defeats Kurt Angle by DQ (2:12),"Triple H (w/ Ric Flair) & Kurt Angle defeated World Heavyweight Champion Batista & Shawn Michaels at around the 9:30 mark when Triple H pinned Batista with the Pedigree after Batista hit the spinebuster on an interfering Flair, moments after Angle and Michaels battled into the crowd; the match was originally Batista vs. Angle but after Angle was disqualified at 2:20 for outside interference, with Michaels then coming out to help make the save, Bischoff came out to make the tag match (the tag match began during the commercial break)"
result,split,2005-09-12,Raw,WWE RAW #642,557,8004,1,,"he has a winner, we have none",Edge vs. The Big Show - No Contest (2:37),"Edge (w/ Lita) & Gene Snitsky defeated Matt Hardy & the Big Show at 11:11 when Edge pinned Hardy with the spear after Lita hit a low blow as Hardy prepared to hit the Twist of Fate on Edge; the bout was originally Show vs. Edge but Snitsky interfered at 2:37 to cause the disqualification; moments later, Matt Hardy helped make the save with Eric Bischoff then coming out to make the bout continue as a tag team match; after the contest, Lita hit the Twist of Fate on Hardy"
result,keep,2005-10-03,Raw,WWE Monday Night RAW #645 - WWE Homecoming,564,8048,1,,"he has a winner, we have none",Kurt Angle vs. Shawn Michaels - Time Limit Draw [2:2] (30:00),"Shawn Michaels fought Kurt Angle to a draw in a 30-minute Ironman match, 2-2; fall #1: Angle pinned Michaels with the Olympic Slam off the top at 8:08; fall #2: Michaels pinned Angle by reversing an ankle lock attempt into a modified victory roll at 14:48; fall #3: Michaels submitted to the ankle lock into a heel hook at 18:46; fall #4: Michaels pinned Angle with the superkick at 25:14; fall #5: the time limit expired just as Michaels covered Angle following the superkick; after the bout, Michaels grabbed the mic and challenged Angle to continue in sudden death but Angle rejected the offer and left ringside"
result,keep,2005-10-31,Raw,WWE Monday Night RAW #649,574,8107,5,,"he has a winner, we have none",John Cena vs. Shawn Michaels - No Contest (9:18),"Shawn Michaels defeated WWE World Champion John Cena via disqualification in a non-title match when Kurt Angle interfered at 9:20 and began assaulting both men; after the bout, Cena attempted to hit the FU on Angle but walked into a superkick from Michaels, with Michaels posing with the spinner belt before laying it across Cena's chest as the show went off the air"
result,split,2006-03-10,SmackDown,WWE Friday Night SmackDown #343,616,8352,5,,"he has no contest, we have a winner",Kurt Angle & Rey Mysterio defeat Mark Henry & Randy Orton (w/ Daivari ) by DQ (0:13),"World Heavyweight Champion Kurt Angle & Rey Mysterio Jr. fought Randy Orton & Mark Henry (w/ Daivari) to a no contest at around the 13-minute mark after Henry splashed referee Nick Patrick in the corner and, with the help of Daivari, prepared to splash Mysterio through a table in the ring; moments later, Angle attempted to make the save but sustained the RKO from Orton and was then splashed through the table; after Orton left the ring, the Undertaker's music played and, while he did not appear, he issued a challenge for Henry to face him in a casket match at WrestleMania"
result,keep,2006-03-27,Raw,WWE Monday Night RAW #670,621,8376,2,,"he has a winner, we have none",Shawn Michaels vs. Triple H - No Contest (13:00),"Shawn Michaels defeated Triple H via disqualification at around the 14-minute mark when Vince McMahon, who appeared ringside mid-way through the contest, entered the ring and held Michaels for Triple H to hit with the sledgehammer after Michaels sustained the Pedigree; moments later, Triple H shoved the referee to the mat and was about to hit Michaels with the weapon until John Cena came out and, after a brief staredown during which Triple H put the sledgehammer down, Cena cleared Triple H from the ring; during the commercial on WWE Unlimited, McMahon said that he would have Triple H in his corner during the night's main event and Cena could have Michaels in his (the bell never rang to end the match nor was an official decision announced)"
result,fix_result,2006-04-28,SmackDown,WWE Friday Night SmackDown #350,631,8441,5,,"he has a winner, we have none",Rey Mysterio (c) vs. Kurt Angle - No Contest (14:49),"Kurt Angle defeated World Heavyweight Champion Rey Mysterio Jr. via disqualification at 14:48 when Mark Henry interfered and attacked the challenger as Mysterio was caught in the ankle lock; after the bout, Henry assaulted Angle outside the ring before laying him across a table and hitting a running splash from the ring apron through the table on the floor; Angle was attended to by medical personnel as the show came to a close"
result,keep,2006-05-08,Raw,WWE Monday Night RAW #676,635,8467,6,,"he has no contest, we have a winner",The Big Show defeats Kane by DQ (5:16),"The Big Show fought Kane to a no contest at around 4:40 when Kane became distracted by an image of his old mask on the big screen as he could be heard saying “It's happening again, May 19th”; moments later, he grabbed a steel chair and began assaulting Show with it, hitting him repeatedly from head to toe"
result,keep,2006-06-12,Raw,WWE Monday Night RAW #681,647,8541,6,,"he has no contest, we have a winner",John Cena defeats Edge (w/ Lita ) by DQ (0:42),"John Cena fought Edge (w/ Lita) to a no contest after Edge escaped into the crowd; prior to the bout, Stevie Richards, Justin Credible, and Balls Mahoney took ringside seats; moments after Edge left the ringside area, Cena laid out all three ECW representatives before cutting a promo saying that he would be on hand the following night for ECW's debut on the Sci-Fi Channel"
result,keep,2006-06-16,SmackDown,WWE Friday Night SmackDown #357,648,8547,6,,"he has no contest, we have a winner",Bobby Lashley defeats King Booker (w/ Queen Sharmell ) (16:02),"WWE US Champion Bobby Lashley fought Booker T (w/ Sharmell) to a no contest in a non-title match when Finlay and William Regal jumped the champion as he made his way to the ring, with Finlay repeatedly hitting Lashley's knee with his shillelagh; moments later, Booker stomped the knee several times before Matt Hardy and Gunner Scott came out to hold the three heels off; it was announced later in the show that the match would be rescheduled for later in the show"
result,keep,2006-06-30,SmackDown,WWE Friday Night SmackDown #359,653,8578,2,,"he has a winner, we have none",Gregory Helms (c) vs. Super Crazy - No Contest (4:24),"WWE Cruiserweight Champion Gregory Helms defeated Super Crazy via disqualification at 4:34 when Psychosis interfered and attacked the champion as Super Crazy had a submission hold applied on Helms; after the bout, Psychosis attacked Crazy but was eventually cleared from the ring by a dropkick"
result,fix_result,2006-10-30,Raw,WWE Monday Night RAW #701,693,8858,3,,"he has a winner, we have none",Randy Orton vs. Triple H - No Contest (7:50),"Triple H defeated Randy Orton via disqualification at 7:45 when Edge interfered and, with Orton, double teamed Triple H; prior to the bout, Triple H hit Edge, who was scheduled as the guest referee, with the mic and dropped him with the Pedigree, with referee Jack Doane then taking over officiating duties; after the match, Edge twice hit Triple H over the back with a steel chair before Triple H avoided the RKO and threw Orton onto the chair; moments later, Edge dropped Triple H with the spear but Triple H quickly cleared Edge from the ring with the sledgehammer and used the weapon to hit Orton in the mid-section"
result,split,2006-11-24,SmackDown,WWE Friday Night SmackDown #380,700,8906,6,,"he has no contest, we have a winner",The Boogeyman defeats The Miz by Count Out (3:00),"The Boogeyman fought Mike Mizanin to a no contest at around the 3-minute mark when Mizanin left the ring and the Boogeyman hit the double chokeslam on the referee after dropping worms on the referee's shoulder; after the bout, the Boogeyman dropped worms out of his mouth onto the referee's face"
result,fix_result,2007-01-22,Raw,WWE Monday Night RAW #713,720,9042,4,,"he has a winner, we have none",John Cena vs. Jonathan Coachman - No Contest (1:52),"WWE World Champion John Cena defeated Jonathan Coachman via disqualification in a non-title match at around the 25-second mark when Umaga, with Armando Allejandro Estrada, attacked the champion; Cena was then triple teamed before eventually sustaining a splash off the top through a table set up in the ring, with Estrada then counting him down as if it was the last man standing match; moments later, Cena was attended to by a trainer; after the commercial break, Cena was helped to his feet by referees"
result,keep,2007-02-16,SmackDown,WWE Friday Night SmackDown #391,728,9097,5,,"he has a winner, we have none",Gregory Helms vs. Scotty 2 Hotty - No Contest (1:58),"Scotty 2 Hotty defeated WWE Cruiserwight Champion Gregory Helms via disqualification in a non-title match when Daivari attacked Scotty as he attempted the Worm at 1:59; after the bout, Sho Funaki, Jamie Noble, Shannon Moore, and Jimmy Wang Yang all came out, with Yang as the last man standing after knocking down Helms"
result,fix_result,2007-08-24,SmackDown,WWE Friday Night SmackDown #418,788,9490,4,,different winner,Chavo Guerrero defeats Funaki by referee's decision (2:16),"Sho Funaki defeated Chavo Guerrero Jr. via disqualification at 2:14 when referee Charles Robinson stopped the match when Chavo refused to stop ramming Funaki's knee into the ringpost; prior to the bout, Chavo came ringside with a Rey Mysterio Jr. mask; after the bout, Chavo put the mask on Funaki's head, laid his knee on the steps, and smashed it with a steel chair"
result,fix_result,2007-08-24,SmackDown,WWE Friday Night SmackDown #418,788,9494,8,,"he has a winner, we have none",Batista vs. Finlay - No Contest (12:02),"Batista defeated Finlay via disqualification at 12:01 when Batista began attacking World Heavyweight Champion the Great Khali, who appeared ringside early in the bout with Runjin Singh, on the ring apron; after the bout, Khali attempted to apply the head vice but Batista knocked him to the floor and beat him down, while fighting off Finlay; Batista continued to punch Khali on the floor – busting him open – until he was pulled away by officials and referees"
result,keep,2007-09-14,SmackDown,WWE Friday Night SmackDown #421,794,9527,3,,"he has a winner, we have none",Michelle McCool (w/ Chuck Palumbo ) vs. Victoria (w/ Kenny Dykstra ) - No Contest,Michelle McCool & Chuck Palumbo defeated Victoria & Kenny Dykstra at 11:54 when McCool pinned Victoria with a kick to the head; the bout was scheduled as McCool vs. Victoria in a singles bout but was changed after both Dykstra and Palumbo interfered at the 4-minute mark
result,split,2007-09-21,SmackDown,WWE Friday Night SmackDown #422,798,9555,3,,"he has double count-out, we have a winner",Batista defeats Mark Henry by DQ (3:20),"World Heavyweight Champion Batista fought Mark Henry to a double count-out at 1:52 when, after Batista hit a spear on Henry outside the ring, the Great Khali – with Runjin Singh – appeared and landed a chop to the head on Batista and threw him into the steel ring steps; after the bout, Khali continued to assault Batista inside the ring and finished with the tree slam"
result,keep,2007-09-24,Raw,WWE Monday Night RAW #748,799,9561,5,,different winner,Beth Phoenix & Shelton Benjamin defeat Candice Michelle & Jeff Hardy (9:36),WWE IC Champion Jeff Hardy & WWE Women's Champion Candice Michelle defeated Shelton Benjamin & Beth Phoenix at 9:37 when Beth pinned Candice with the cradle suplex
result,split,2008-01-07,Raw,WWE Monday Night RAW #763 - RAW Roulette 2008,833,9793,5,,"he has no contest, we have a winner",Chris Jericho defeats John Bradshaw Layfield & Snitsky by DQ (1:55),Raw Roulette : Chris Jericho fought John Bradshaw Layfield & Snitsky to a no contest in a handicap match at around the 3-minute mark when JBL tied a mic cable around Jericho's neck and dragged him near the entrance stage; JBL eventually tied the cable to a scaffold until referees and officials ordered him backstage
result,keep,2008-01-28,Raw,WWE Monday Night RAW #766,840,9835,2,,different winner,Carlito (w/ Maria & Santino Marella ) defeats Cody Rhodes (w/ Hardcore Holly ) (3:10),WWE Raw Tag Team Champion Cody Rhodes (w/ WWE Raw Tag Team Champion Hardcore Holly) pinned Carlito Caribbean Cool (w/ Santino Marella & Maria) with the Backstabber at 3:06 after Rhodes became distracted by Holly chasing Marella around ringside
result,split,2008-02-04,Raw,WWE Monday Night RAW #767,842,9853,4,,"he has no contest, we have a winner",John Cena defeats Mark Henry (2:55),"John Cena fought Mark Henry to a no contest in an arm wrestling contest when – as Cena was about to win – WWE World Champion Randy Orton interfered; moments later, Cena easily sent Orton out of the ring and dropped Henry with the FU to close the broadcast"
result,split,2008-03-03,Raw,WWE Monday Night RAW #771,850,9904,6,,"he has no contest, we have a winner",Triple H defeats Randy Orton by DQ (7:24),"Triple H fought WWE World Champion Randy Orton to a no contest in a non-title match at 7:25 when John Cena, who provided guest commentary for the match, attacked Triple H as he attempted the Pedigree and dropped him with the FU; moments earlier, Orton attempted to walk out of the match only to be stopped by Cena, with Triple H then knocking Orton into Cena on the floor; after the bout, Orton dropped Cena with the RKO and held the title belt in the air as the show came to a close"
result,split,2008-03-10,Raw,WWE Monday Night RAW #772 - WrestleMania Rewind,852,9917,7,,"he has no contest, we have a winner",Shawn Michaels defeats John Cena by DQ (13:00),"WrestleMania Rewind : Shawn Michaels fought John Cena to a no contest at 15:55 when WWE World Champion Randy Orton interfered and threw Michaels into the ringpost as the two men battled on the floor; prior to the bout, it was announced Cena, WWE IC Champion Chris Jericho, Vince McMahon, the Big Show, and Floyd Mayweather would appear the coming Thursday on Larry King Live; after the bout, Orton attempted to drop Cena with an RKO onto a steel chair in the ring, with Cena then dropping Orton across the chair instead; moments later, Triple H appeared backstage and announced – since he was in charge for the following week's show – Cena & Orton would face the entire Raw roster the next week"
result,keep,2008-03-17,Raw,WWE Monday Night RAW #773,854,9930,7,,"he has no contest, we have a winner","John Cena & Randy Orton defeat Brian Kendrick , Carlito , Charlie Haas , Cody Rhodes , DH Smith , Hardcore Holly , Jim Duggan , John Bradshaw Layfield , Lance Cade , Paul Burchill , Robbie , Santino Marella , Snitsky , Super Crazy , Trevor Murdoch , Umaga & Val Venis by DQ (8:35)","WWE World Champion Randy Orton & John Cena fought Umaga, Val Venis, Snitsky, Santino Marella, Lance Cade, Trevor Murdoch, Brian Kendrick, Carlito Caribbean Cool, WWE Raw Tag Team Champions Hardcore Holly & Cody Rhodes, DH Smith, Paul Birchill, Robbie McAllister, Charlie Haas, John Bradshaw Layfield, Jim Duggan, & Super Crazy to a no contest in a 17-on-2 handicap elimination match at around the 12-minute mark; pre-match stipulations stated if either Orton or Cena walked out of the match they would be out of the main event at WrestleMania, with Orton also being stripped of the title; Cena pinned Marella with a roll up at the 52-second mark; Murdoch submitted to Cena's STFU at 1:27; Cena pinned Cade at 1:43 after Orton dropped Cade with the RKO; Orton pinned Crazy with the RKO (during the commercial break); Cena pinned Robbie with a legdrop off the top at 7:23; Cena pinned Smith with the FU at 7:54; Orton pinned Birchill with the RKO at 8:04; Orton pinned Venis with the RKO at 8:13; Orton pinned Rhodes at 8:29 with the RKO after Cena threw Rhodes into the air; the bell rang at 8:36 when nearly all the opposing team ganged up on Cena & Orton in the ring; moments later, after Cena cleared the ring of all save Umaga and JBL – with Umaga then chasing JBL backstage after a miscommunication – Triple H came out as a surprise participant and dropped both Cena and Orton with Pedigrees before posing with the title belt as the show went off the air"
result,keep,2008-03-24,Raw,WWE Monday Night RAW #774,856,9940,3,,"he has a winner, we have none",Maria vs. Melina (w/ Beth Phoenix ) - No Contest (1:00),"Santino Marella, Melina, & WWE Women's Champion Beth Phoenix defeated Jerry Lawler, Maria, & Ashley in an impromptu match at 6:41 when Santino pinned Maria after Melina and Phoenix both clipped Maria behind the referee's back; the match was originally between Maria and Melina but was changed when Ashley appeared to counter Phoenix being at ringside, with Marella then appearing ringside, prompting Lawler to leave the announce table and get into a fight with Marella, with Lawler, Maria, & Ashley quickly knocking the other three to the floor; moments later, William Regal appeared and ordered a six-person tag team match to take place immediately; prior to the bout, it was announced Candice Michelle would not be competing at WrestleMania after re-breaking her clavicle and undergoing surgery earlier in the day; a giant poster of Maria's Playboy cover was hoisted above the entrance stage for the match John Cena, Triple H, Shawn Michaels, & Ric Flair defeated WWE World Champion Randy Orton, Umaga, John Bradshaw Layfield, & the Big Show in a No DQ match at 11:39 when Orton submitted to Flair's figure-4 after Flair hit a low blow on Michaels, knocking him to the floor, moments after Michaels punched Flair; prior to the bout, it was announced Show and Floyd Mayweather would appear Wednesday on ‘The Today Show;' JBL left the match at the 2-minute mark after Finlay appeared ringside, with the two men then battling backstage; Umaga left the match at the 7-minute mark after Batista came ringside, with the two also battling backstage; Show left the match at the 10-minute mark after tossing Orton into the ring and hitting the chokeslam on him after Orton began giving him orders from the apron; Triple H and Cena left the match at the 11-minute mark when they began fighting with one another"
result,keep,2008-05-16,SmackDown,WWE Friday Night SmackDown #456,873,10068,8,,"he has a winner, we have none","Curt Hawkins , Edge , Vickie Guerrero & Zack Ryder vs. The Undertaker - No Contest","The Undertaker defeated Edge, Curt Hawkins, Zach Ryder, & Vickie Guerrero via count-out in a handicap match at around the 4-minute mark when Edge pulled Vickie from the ring, after Taker attempted a chokeslam on Vickie, and all four remained in the aisle as the show came to a close; Chavo Guerrero Jr. & Bam Neely were to be part of Edge's team but left ringside before the match out of protest to Edge and Vickie"
result,split,2008-06-20,SmackDown,WWE Friday Night SmackDown #461,882,10135,8,,different winner,Chavo Guerrero (w/ Bam Neely ) defeats Batista by Count Out (5:40),"Batista defeated Chavo Guerrero Jr. (w/ Bam Neely) via count-out at 5:37 when guest referee, World Heavyweight Champion Edge, gave Batista a fast count as Batista confronted an interfering Neely on the floor; prior to the bout, Vickie Guerrero appeared on the stage and said since Charles Robinson couldn't referee the match as scheduled, she named Edge as the stand-in official; Vickie remained on the stage for the duration of the match; pre-match stipulations stated Batista couldn't touch Edge during the match or he would forfeit his title match at Night of Champions; after the contest, Curt Hawkins, Zach Ryder, Chavo, Neely, and Edge ganged up on Batista, with Edge eventually hitting the spear on Batista after the other men held Batista in place"
result,keep,2008-07-21,Raw,WWE Monday Night RAW #791,895,10241,8,,"he has a winner, we have none",CM Punk (c) vs. Batista - No Contest (8:58),"Batista defeated World Heavyweight Champion CM Punk via disqualification at 8:59 when John Bradshaw Layfield appeared ringside and brawled with the challenger after Batista hit the spear on Punk; prior to the bout, Kane attacked Batista until Punk appeared, with Kane then being sent backstage by officials; after the contest, John Cena came out to make the save against JBL but accidentally struck Batista, with the two facing off until they were held back by referees"
result,keep,2008-10-24,SmackDown,WWE Friday Night SmackDown #479,925,10456,6,,"he has a winner, we have none",The Undertaker vs. Triple H - No Contest (13:49),"The Undertaker defeated WWE World Champion Triple H via disqualification in a non-title match at 13:52 when the Big Show attacked Taker and laid him out in the corner after Taker dropped the champion with the powerbomb; after the bout, Triple H hit Show with a steel chair but Show brushed it off and dropped Triple H with the chokeslam; Show then laid Taker out with a series of chairshots to the body and head; after the commercial break, Triple H struggled to his feet only for Vladimir Kozlov to appear, assault the champion, and drop him with the headbutt to the sternum; moments later, Kozlov hit the reverse DDT"
result,fix_result,2008-11-28,SmackDown,WWE Friday Night SmackDown #484,936,10539,4,,different winner,John Morrison & The Miz defeat Curt Hawkins & Zack Ryder and Jeff Hardy & Triple H (9:00),Beat the Clock Challenge : Jeff Hardy pinned The Brian Kendrick (w/ Ezikial Jackson) at 12:13 with an overhead wheelbarrow slam and the Swanton after knocking Jackson off the apron
result,split,2008-11-28,SmackDown,WWE Friday Night SmackDown #484,936,10540,5,,"he has time-limit draw, we have a winner",Matt Hardy defeats Chavo Guerrero by DQ (3:00),"Beat the Clock Challenge : Vladimir Kozlov fought ECW World Champion Matt Hardy to a time-limit draw at 12:14 in a non-title match; prior to the bout, Gregory Helms cut an insert promo saying he would return to Smackdown! the following week; after the match, Jeff Hardy was shown watching backstage before coming face to face with Triple H"
result,keep,2008-12-08,Raw,WWE Monday Night RAW #811 - The Slammy Awards 2008,938,10556,9,,"he has a winner, we have none",Edge vs. John Cena - No Contest (8:00),"World Heavyweight Champion John Cena defeated WWE World Champion Edge via disqualification in a non-title match when Cena began brawling with Chris Jericho at around the 8-minute mark outside the ring; after the bout, once Cena and Jericho battled into the crowd, both Triple H and Jeff Hardy came out to fight with Edge, with all three staring at each other from the stage to the ring as the show came to a close"
result,fix_result,2008-12-15,Raw,WWE Monday Night RAW #812,941,10577,6,,"he has a winner, we have none","Batista & John Cena vs. Cody Rhodes , Manu & Randy Orton - No Contest (18:19)","World Heavyweight Champion John Cena & Batista defeated Randy Orton, Cody Rhodes, & Manu via disqualification in a handicap match at 18:09 when Orton shoved referee Mike Chioda out of the way so he could kick Batista in the head; during the bout, it was noted the following week's show would feature Shawn Michaels vs. Kane, Rey Mysterio Jr. vs. John Bradshaw Layfield, Chris Jericho vs. CM Punk, and Orton vs. Batista, with the winners advancing to a match the week after to determine Cena's next challenger; after the contest, Cena and a trainer tended to Batista in the ring as Legacy celebrated at ringside (Batista's last appearance for 4 months)"
result,split,2008-12-15,Raw,WWE Monday Night RAW #812,941,10578,7,,"he has no contest, we have a winner",John Cena (c) defeats Chris Jericho,"Chris Jericho fought Jim Duggan to a no contest when Jericho came out dressed in a suit and said he refused to wrestle, saying it was a slap in the face he would have to compete against Duggan after carrying Raw on his shoulders single-handedly for the past year; Jericho then said he refused to wrestle until he had a title match or an opponent worthy of his caliber and then walked off"
result,split,2009-01-02,SmackDown,WWE Friday Night SmackDown #489,946,10619,5,,different winner,Carlito & Primo (c) defeat Ezekiel Jackson & The Brian Kendrick (6:07),The Brian Kendrick & Ezikial Jackson defeated Jesse & Festus at 4:43 when Jackson pinned Jesse with a uranagi after making the blind tag
result,split,2009-01-16,SmackDown,WWE Friday Night SmackDown #491,949,11409,4,,different winner,Edge defeats Matt Hardy (6:24),Matt Hardy & Finlay defeated ECW World Champion Jack Swagger & Mark Henry
result,fix_result,2009-01-30,SmackDown,WWE Friday Night SmackDown #493,953,11439,2,,different winner,Vladimir Kozlov defeats Carlito and Chavo Guerrero and Curt Hawkins and Jesse and Kizarny and Kung Fu Naki and Montel Vontavious Porter and Primo and R-Truth and Scotty Goldman and Shelton Benjamin and The Brian Kendrick and The Great Khali and Zack Ryder (9:27),"R Truth pinned The Brian Kendrick with the scissors kick at 2:14; prior to the bout, Ezikial Jackson escorted Kendrick ringside but was ejected by the referee before the contest began"
result,fix_result,2009-03-06,SmackDown,WWE Friday Night SmackDown #498,962,11504,4,,different winner,Maria & Melina defeat Maryse & Michelle McCool (2:45),"WWE Divas Champion Maryse pinned Eve in a non-title match at 3:26 with the DDT after avoiding a crossbody off the top; Michelle McCool provided guest commentary for the match; after the contest, WWE Women's Champion Melina ran out and jumped Maryse until Michelle climbed in the ring and threw Melina into the ringpost"
result,fix_result,2009-03-06,SmackDown,WWE Friday Night SmackDown #498,962,11503,3,,different winner,Chavo Guerrero & Shelton Benjamin defeat Montel Vontavious Porter & R-Truth (6:03),"Money in the Bank Qualifying Match : MVP pinned Matt Hardy at 7:59 by reversing an attempt at the Twist of Fate into a roll up; prior to the match, Matt cut an in-ring promo on Jeff Hardy not wanting to wrestle him and said once they both win their Money in the Bank qualifying matches then he would finally get his hands on Jeff at WrestleMania"
result,fix_result,2009-03-20,SmackDown,WWE Friday Night SmackDown #500,965,11525,1,,different winner,"Christian , Finlay , Kane & Shelton Benjamin (w/ Hornswoggle ) defeat CM Punk , Kofi Kingston , Mark Henry & Montel Vontavious Porter (w/ Tony Atlas ) (10:55)",MVP pinned WWE US Champion Shelton Benjamin to win the title at 5:20 with the Playmaker after reversing the Paydirt into a Hot Shot
result,fix_result,2009-03-20,SmackDown,WWE Friday Night SmackDown #500,965,11531,7,,different winner,Edge (c) defeats Jeff Hardy,"Jeff Hardy pinned The Brian Kendrick (w/ Ezikiel Jackson) in an extreme rules match with the Swanton at 3:33 after hitting a Twist of Fate onto a steel chair; mid-way through the bout, Hardy repeatedly hit Jackson with a steel chair"
result,keep,2009-03-23,Raw,WWE Monday Night RAW #826,966,11534,3,,"he has a winner, we have none",Edge (w/ Chavo Guerrero & Vickie Guerrero ) vs. The Big Show - No Contest (3:40),"The Big Show defeated World Heavyweight Champion Edge via disqualification in a non-title match at 5:38 when Vickie Guerrero instructed Chavo Guerrero Jr. to interfere as Show had Edge tied in the ropes and prepared to knock him out with a punch; prior to the bout, Chavo wheeled Vickie ringside in a wheelchair; Vickie ignored both Edge and Show when they attempted to talk to her before the contest; after the ring entrances, John Cena appeared on the big screen from California and said both Edge and Show need to start acting like men because the fans were laughing at them fighting over Vickie instead of the world title; after the bout, Edge accidentally hit the spear on Chavo and was then knocked out by a right hand punch from Show"
result,keep,2009-04-20,Raw,WWE Monday Night RAW #830,974,11592,5,,"he has a winner, we have none",Chris Jericho vs. John Cena - No Contest (16:31),"World Heavyweight Champion John Cena defeated Chris Jericho via disqualification in a non-title match at 16:29 when Edge ran out and shoved Cena off the top as the champion attempted a superplex; both Jericho and Cena received mixed reactions in the match; after the contest, Edge attacked Cena in the ring and dropped him with the spear; moments later, Edge hit a Con-Chair-Two on Cena, cut an in-ring promo on his upcoming last man standing match with Cena at Backlash, and then counted Cena down for 10; after the commercial break, footage was shown of Cena being helped backstage by referees (Jericho's last appearance before moving to Smackdown!)"
result,keep,2009-05-08,SmackDown,WWE Friday Night SmackDown #507,980,11628,1,,different winner,Mike Knox defeats R-Truth (2:45),R Truth pinned Mike Knox with the Hard Knox at 2:46 after a boot to the face (Knox's Smackdown! debut)
result,keep,2009-05-08,SmackDown,WWE Friday Night SmackDown #507,980,11629,2,,different winner,Michelle McCool defeats Gail Kim (3:12),Gail Kim pinned Michelle McCool (w/ Alicia Fox) with the Faith Breaker at 4:13 after blocking a hurricanrana attempt (debut of the move)
result,fix_result,2009-05-29,SmackDown,WWE Friday Night SmackDown #510,987,11677,6,,"he has a winner, we have none",Chris Jericho & Edge vs. Jeff Hardy & Rey Mysterio - No Contest,"World Heavyweight Champion Edge & Chris Jericho defeated Jeff Hardy in a handicap match at 5:10 when Edge scored the pin with the spear after Hardy dropped Jericho with the Twist of Fate; prior to the bout, Edge cut an in-ring promo in which he claimed he has dominated ladder matches than anyone else; Jericho initially didn't appear during his ring entrance; WWE IC Champion Rey Mysterio Jr. was scheduled to be Hardy's partner but during Mysterio's entrance, a fan wearing a Mysterio shirt and mask attacked Mysterio from the crowd, revealing himself to be Jericho; as Jericho attempted to tear Mysterio's mask off, Hardy came out to make the save; Mysterio was then helped backstage, forcing Hardy to continue the bout as a handicap match; after the contest, Edge pulled a ladder out from under the ring, hit Hardy in the face with it, and then slammed the ladder onto him as the show came to a close"
result,keep,2009-06-12,SmackDown,WWE Friday Night SmackDown #512,992,11713,5,,"he has no contest, we have a winner",Edge defeats Jeff Hardy by DQ (21:36),"Jeff Hardy fought Edge to a no contest at 21:34 when, after Edge threw Hardy into World Heavyweight Champion CM Punk, who provided guest commentary for the match, Punk attacked Edge in the ring; stipulations stated the winner would challenge Punk the following Monday on Raw; no decision was announced but the commentary team and Hardy assumed Edge won via disqualification; after the bout, Hardy dropped Edge with the Twist of Fate with Punk then dropping Hardy with the Go To Sleep; as Punk celebrated in the ring with the title, Teddy Long was shown speaking backstage with Tiffany, during which he said Punk would face both Hardy and Edge the following week on Raw"
result,split,2009-06-29,Raw,WWE Monday Night RAW #840,998,11756,5,,"he has double count-out, we have a winner",Evan Bourne defeats Kofi Kingston (3:06),WWE US Champion Kofi Kingston fought the Big Show to a double count-out in a non-title match at 3:40 after Kingston sent Show head-first into the ringpost as both men were on the outside
result,fix_result,2009-06-29,Raw,WWE Monday Night RAW #840,998,11757,6,,"he has a winner, we have none",John Cena vs. Triple H - No Contest (18:33),"Night of Champions #1 Contender Tournament Semi Finals : Triple H pinned MVP by reversing the Playmaker into the Pedigree at 4:37; prior to the bout, footage was shown of MVP appearing with Sherri Shepherd the previous night at the BET Awards in Los Angeles"
result,keep,2009-08-07,SmackDown,WWE Friday Night SmackDown #520,1009,11841,6,,"he has no contest, we have a winner",Jeff Hardy (c) defeats CM Punk (11:10),"World Heavyweight Champion Jeff Hardy fought CM Punk to a no contest; prior to the bout, Punk cut an in-ring promo in which he showed footage of him attacking Hardy the previous week and then said the fans cheered Hardy because they were weak like him; Punk then brought up fans that smoke “funny cigarettes” and said the vast majority of everyone in the arena is a criminal for smoking them and are also weak for drinking; Punk then said the world deserved better and needed a strong leader like him; following his introduction, Hardy hit the ring and brawled with Punk until the two were pulled part by Mike Rotundo, Dean Malenko, and several referees; Teddy Long then appeared, followed by Vince McMahon who ordered everyone backstage; McMahon then called for a special guest enforcer for the match, to take place later in the show, and said he would make everyone wait to find out who it was; Hardy then lunged for Punk again until referees held Punk back"
result,keep,2009-08-28,SmackDown,WWE Friday Night SmackDown #523,1016,11886,5,,"he has a winner, we have none",Chris Jericho (w/ The Big Show ) vs. Shad Gaspard (w/ JTG ) - No Contest (2:15),"WWE Unified Tag Team Champions Chris Jericho & the Big Show defeated Cryme Tyme in a non-title match at 8:42 when Show pinned Shad with the right hand punch; the bout was originally Jericho vs. Shad Gaspard but turned into a tag team match at the 2-minute mark when both men outside the ring became involved; moments later, Teddy Long came out and told the referee to keep the match going as a tag bout"
result,split,2009-08-31,Raw,WWE Monday Night RAW #849,1017,11896,7,,"he has no contest, we have a winner","D-Generation X ( Shawn Michaels & Triple H ) & John Cena defeat Legacy ( Cody Rhodes , Randy Orton & Ted DiBiase ) (9:00)","Cody Rhodes (w/ Dusty Rhodes) fought WWE World Champion Randy Orton to a no contest when, prior to the bout, Dusty took the mic and told guest referee John Cena that he was sorry, with Orton and Cody then double teaming Cena; following Orton's entrance, the challenger was shown backstage getting a pep talk from his father; moments later, Ted Dibiase Jr. ran in the ring and dropped Cena with Dream Street, with all three men then assaulting Cena; Triple H & Shawn Michaels then ran in to make the save, with Dusty taking off his cowboy boot and hitting Triple H in the head and Cody dropping Michaels with Crossroads; moments later, Orton, Cody, Dusty, and Dibiase raised their arms in victory before Orton dropped Dusty with a RKO; the show then ended with Cody and Orton staring at each other"
result,split,2009-09-04,SmackDown,WWE Friday Night SmackDown #524,1018,11900,4,,"he has no contest, we have a winner",Matt Hardy defeats CM Punk by DQ (17:24),"Matt Hardy fought World Heavyweight Chamion CM Punk to a no contest at around the 17-minute mark when, moments after Punk hit Hardy with a steel chair on the floor and locked his head in the chair to ram into the ringpost, the lights went out; when they came back on, the Undertaker stood in front of the ringpost, grabbed Punk by the throat, and dropped him with a chokeslam through the announce table"
result,keep,2009-09-21,Raw,WWE Monday Night RAW #852,1024,11941,4,,"he has no contest, we have a winner",Kofi Kingston (c) defeats Jack Swagger by Count Out (1:50),"WWE US Champion Kofi Kingston fought Jack Swagger to a no contest at around the 1:30 mark when, after Mike Mizanin came ringside and stole the title belt, Swagger jumped him from behind in the aisle, took the title for himself, and left ringside"
result,keep,2009-09-28,Raw,WWE Monday Night RAW #853,1026,11953,5,,"he has a winner, we have none","John Cena vs. Chris Jericho , Randy Orton & The Big Show - No Contest",Gauntlet Match #1 : WWE World Champion John Cena defeated WWE Unified Tag Team Champion Chris Jericho via disqualification in a non-title match when Jericho refused to break the Walls of Jericho at 3:21 after Cena reached the ropes; Jericho kept the hold applied until the Big Show arrived for the second match
result,keep,2009-10-02,SmackDown,WWE Friday Night SmackDown #528,1027,11956,3,,different winner,Dolph Ziggler & The Miz defeat John Morrison & Kofi Kingston (8:32),WWE IC Champion John Morrison & WWE US Champion Kofi Kingston defeated Dolph Ziggler & Mike Mizanin at 8:32 when Ziggler pinned Morrison with the jumping reverse bulldog after crotching Morrison on the ropes; Jack Swagger provided guest commentary for the bout but took off his headset before the match and watched the bout in silence
result,fix_result,2009-11-02,Raw,WWE Monday Night RAW #858,1038,12023,3,,"he has a winner, we have none",Kofi Kingston vs. Randy Orton - No Contest (2:00),"Kofi Kingston, MVP, & Mark Henry defeated Randy Orton, Ted Dibiase Jr., & Cody Rhodes at 12:39 when Henry pinned Rhodes after catching him coming off the top and hitting the powerslam; the match was scheduled as Kingston vs. Orton but was turned into a six man tag by Ozzy & Sharon Osbourne after Rhodes & Dibiase came ringside at the 2-minute mark"
result,split,2009-12-07,Raw,WWE Monday Night RAW #863,1049,12099,8,,"he has no contest, we have a winner",D-Generation X ( Shawn Michaels & Triple H ) defeat Chris Jericho by DQ (2:00),"Triple H & Shawn Michaels fought WWE Unified Tag Team Champion Chris Jericho to a no contest in a handicap match at around the 2-minute mark after the referee was knocked down and WWE Unified Tag Team Champion the Big Show interfered; prior to the match, Jericho cut an in-ring promo about being Superstar of the Year for 2008 and planned to repeat the following week, along with wins for Tag Team of the Year, OMG Moment of the Year, and Match of the Year; he then said he was bigger than either Raw or Smackdown! and would stay on Raw as long as he wanted and he and Show would beat DX at TLC; after the contest, Show put Triple H & Michaels in a ladder while Jericho twice hit the ladder with a chair; moments later, Jericho took his tag belts, climbed on top of a ladder set up in the ring, and held the belts up as he and Show posed above the bodies of DX"
result,keep,2009-12-25,SmackDown,WWE Friday Night SmackDown #540,1054,12133,2,,"he has no contest, we have a winner",The Undertaker (c) defeats Rey Mysterio by DQ (9:45),"World Heavyweight Champion the Undertaker fought Rey Mysterio Jr. to a no contest at 9:44 when Batista attacked the champion; moments later, Mysterio hit the 619 on the champion, Taker attempted the chokeslam on Mysterio only for Batista to drop him with a spear, and Mysterio followed by hitting the 619 on Batista before leaving the ring"
result,keep,2010-03-15,Raw,WWE Monday Night RAW #877,1080,12300,4,,"he has a winner, we have none",Randy Orton vs. Triple H - No Contest (10:00),"Triple H defeated Randy Orton via disqualification at 10:02 when Ted Dibiase Jr. & Cody Rhodes attacked Triple H after he dropped Orton with the Pedigree; moments later, Dibiase & Rhodes double teamed Orton until Triple H made the save; moments later, Sheamus came out of the crowd and kicked Triple H in the face, with Dibiase & Rhodes then dragging Orton to the floor where Rhodes hit Crossroads; Sheamus then placed his foot on Triple H and posed"
result,keep,2010-03-26,SmackDown,WWE Friday Night SmackDown #553,1082,12311,3,,"he has a winner, we have none",R-Truth (w/ John Morrison ) vs. The Big Show (w/ The Miz ) - No Contest (3:23),"WWE Unified Tag Team Champion the Big Show (w/ WWE Unified Tag Team Champion & WWE US Champion Mike Mizanin) defeated R-Truth via disqualification at 3:22 when Morrison & Truth hit a double DDT on Show as Show attempted the chokeslam on Truth; prior to the bout, Morrison introduced Truth, with Truth then introducing Morrison; moments later, the two made fun of Miz & Show, noting Show's WrestleMania record was 0-10 and that he and Miz had no chemistry; after the bout, Truth his a scissors kick on Show and Morrison followed with the Flying Chuck; moments later, Truth hit Miz with the Lie Detector and Morrison followed with Starship Pain"
result,split,2010-04-25,PPV,WWE Extreme Rules 2010,1093,12383,6,,"he has no contest, we have a winner",Sheamus defeats Triple H (15:50),"Triple H fought Sheamus to a no contest in a streetfight; after Triple H's music played but he did not appear, a backstage camera showed Sheamus attacking him in the hallway, with referees attempting to intervene; Triple H was eventually pulled off Sheamus, with Sheamus then taking a pipe and twice striking Triple H in the head with it, knocking him out; moments later, Teddy Long and the referees called for a trainer for Triple H"
result,split,2010-07-26,Raw,WWE Monday Night RAW #896,1122,12597,5,,different winner,The Great Khali defeats Ted DiBiase (w/ Maryse ) (2:20),"Ted Dibiase Jr. (w/ Maryse) pinned John Morrison at 2:17 after hitting a drop toe hold and causing Morrison to butt heads with R-Truth, who provided guest commentary for the bout and prevented Dibiase from using the ropes for leverage during the final moments; after the bout, Morrison argued with Truth over the loss; moments later, John Cena was shown watching the situation backstage"
result,split,2010-08-16,Raw,WWE Monday Night RAW #899,1128,12642,3,,different winner,Melina (c) defeats Jillian (2:35),"Alicia Fox, Maryse, & Jillian Hall defeated WWE Divas Champion Melina, Gail Kim, & Eve at 2:55 when Jillian pinned Eve after pulling her off the top as Eve attempted a moonsault; prior to the bout, Jon Lovitz was shown in the crowd"
result,fix_result,2010-08-16,Raw,WWE Monday Night RAW #899,1128,12643,4,,different winner,The Miz defeats John Cena by DQ (13:00),"John Cena defeated Darren Young via submission with the STFU at 8:00; stipulations stated Young would be kicked out of Nexus if he lost; prior to the bout, the remaining members of Nexus came out on the entrance stage; after the match, Nexus surrounded the ring, with Cena then leaving ringside; moments later, Nexus surrounded and attacked Young; during the segment, Jerry Lawler referred to Young as “Daniel Bryan” until he was corrected; Young then sustained Sheffield's clothesline, Barrett's forward slam, and Gabriel's 450 splash"
result,fix_result,2010-08-16,Raw,WWE Monday Night RAW #899,1128,12647,8,,different winner,"Team RAW ( Chris Jericho , Edge , John Cena , John Morrison , R-Truth & Randy Orton ) defeat Team SmackDown ( CM Punk , Cody Rhodes , Jack Swagger , Kofi Kingston , Rey Mysterio & The Big Show ) and The Nexus ( David Otunga , Heath Slater , Justin Gabriel , Michael Tarver , Skip Sheffield & Wade Barrett )","Wade Barrett pinned Chris Jericho at 5:22 by catching Jericho attempting the Code Breaker and reversing it into the fireman's carry into a forward slam; Jericho's right arm was heavily taped for the bout; during the match, the remaining members of Nexus were shown watching on backstage; stipulations stated Barrett would be kicked out of Nexus if he lost"
result,fix_result,2010-08-27,SmackDown,WWE Friday Night SmackDown #575,1130,12658,6,,different winner,Kane (c) defeats Jack Swagger and The Big Show,"Jack Swagger defeated MVP via disqualification in an amateur wrestling match at 2:12 when MVP punched Swagger; the winner of the bout would be the man with 5 takedowns and it was billed as the Jack Swagger Sr. Invitational; after the contest, Swagger attacked MVP on the floor and applied the ankle lock; stipulations stated Swagger would host the VIP Lounge if he won and MVP would throw a party with Swagger paying the bill if he won"
result,split,2010-08-30,Raw,WWE Monday Night RAW #901,1131,12664,6,,"he has no contest, we have a winner",Sheamus (c) defeats John Cena and The Undertaker (4:14),"Bret Hart fought the Undertaker to a no contest; prior to the bout, Wade Barrett came out and said the match wasn't going to happen because it was the 900th episode and people wanted to talk about the future, not the past; Taker quickly won a brawl with Barrett and knocked him to the floor; moments later, a gong sounded and the lights went out; when they came back on, Hart was gone and World Heavyweight Champion Kane was in the ring; Taker and Kane fought until he got a choke on Kane, with the gong sounding again and the lights going out; when they came back on, Kane was gone; the remainder of Nexus then came out, with Taker fighting them off until the gong sounded again and the lights went out; when they came back on, Barrett had Taker up for the forward slam, which he then hit; Kane was seen watching on from the entrance stage as Justin Gabriel followed with the 450 splash; Nexus then stood over Taker's body as the crowd chanted “Nexus sucks;” Taker struggled to sit up but then laid back down"
result,fix_result,2010-09-20,Raw,WWE Monday Night RAW #904,1138,12716,1,,different winner,Alex Riley & The Miz defeat Daniel Bryan & John Morrison (5:12),"John Morrison pinned Chris Jericho at 10:20 with a knee to the face and Starship Pain; after the bout, Jericho was visibly upset as some in the crowd chanted “Y2J”"
result,fix_result,2010-10-22,SmackDown,WWE Friday Night SmackDown #583,1147,12789,5,,"he has a winner, we have none",CM Punk vs. Edge - No Contest (13:15),"Edge defeated CM Punk via disqualification at 13:14 when Mike Mizanin & Alex Riley pulled Edge to the floor and rammed him into the barricade as Edge prepared to hit the spear; prior to the bout, it was noted that Punk's recent attack on Evan Bourne would put Bourne out of action about 4 months; after the contest, Kofi Kingston, Tyler Reks, John Morrison, Alberto Del Rio, Ezekiel Jackson, Jack Swagger, Santino Marella, Sheamus, the Big Show, and Rey Mysterio Jr. joined in a brawl, which ended with Edge dropping Punk with the spear and Team Smackdown celebrating in the ring"
result,keep,2011-01-14,SmackDown,WWE Friday Night SmackDown #595,1174,12991,4,,"he has no contest, we have a winner",The Big Show defeats Wade Barrett by DQ (2:40),"Wade Barrett fought the Big Show to a no contest at the 1:40 mark when Heath Slater and Justin Gabriel interfered; moments later, Ezekiel Jackson appeared at the ring apron, distracting Show as he was then triple teamed by Barrett, Slater, and Gabriel; after Show fought them off, Jackson climbed into the ring and dropped Show with a clothesline, with the four men then assaulting Show, Jackson slamming Show, and Gabriel following with the 450 splash; after the commercial break, footage was shown of Show being helped to his feet by several referees (Barrett's debut with new music)"
result,keep,2011-03-21,Raw,WWE Monday Night RAW #930,1195,13143,5,,"he has a winner, we have none","Dolph Ziggler (w/ Layla , Michelle McCool & Vickie Guerrero ) vs. John Morrison (w/ Trish Stratus ) - No Contest (3:00)","Dolph Ziggler, Vickie Guerrero, Michelle McCool, & Layla defeated John Morrison & Trish Stratus in a handicap match at 10:31 when Vickie pinned Morrison after Ziggler avoided Starship Pain and hit the Zig Zag; the bout was originally Ziggler vs. Morrison but was changed to a handicap tag team match at around the 1:10 mark via an e-mail from the Raw GM, read by Michael Cole, after the women interfered"
result,fix_result,2011-04-11,Raw,WWE Monday Night RAW #933,1202,13189,6,,"he has a winner, we have none",Dolph Ziggler (w/ Vickie Guerrero ) vs. John Cena vs. John Morrison vs. R-Truth vs. Randy Orton - No Contest (30:46),"Gauntlet Match : Dolph Ziggler (w/ Vickie Guerrero) pinned Randy Orton with a roll up at 2:38 after Orton became distracted by Michael McGillicutty and David Otunga at ringside; after the bout, Mason Ryan appeared, dropped Orton, and then hit a powerbomb on Orton as Otunga and McGillicutty yelled at Orton; WWE World Champion Mike Mizanin, alongside Alex Riley, provided guest commentary for the matches (Ryan, McGillicutty, and Otunga's surprise returns after a several week absence)"
result,fix_result,2011-06-27,Raw,WWE Monday Night RAW #944 - RAW Roulette 2011,1227,13375,6,,different winner,John Cena (c) defeats R-Truth,"R-Truth defeated WWE World Champion John Cena in a non-title tables match at 5:12 with a tackle, putting Cena through a table set up in the corner, as Cena fought off an interfering CM Punk; during the bout, there were dueling chants of “Let's go, Cena” and “Cena sucks;” after the contest, Punk walked up the ramp with a mic, eventually sitting down at the stage and said he liked Cena but hated the idea that Cena was the best; Punk then said the one thing Cena was better at was kissing Vince McMahon's ass, then adding Hulk Hogan and “Dwayne” were the same; Punk then said Paul Heyman saw a lot in him, as he did Brock Lesnar who also left, then adding no one could touch him on the mic, in the ring, or on commentary; Punk went on to rant about the fact he wasn't promoted as strong as those who weren't as good as him yet someone like “Dwayne” was in the main event of WrestleMania next year; Punk then said he might take the belt to New Japan Pro Wrestling or Ring of Honor, adding “Hey, Colt Cabana. How you doing?”; Punk continued to rant about how Vince McMahon should be a billionaire but surrounds himself with gladhanders like John Laurinaitis, then ranted about Stephanie McMahon and Triple H and the anti-bullying campaign before his mic was cut off"
result,keep,2011-08-08,Raw,WWE Monday Night RAW #950,1239,13457,3,,"he has no contest, we have a winner",The Miz defeats Kofi Kingston (10:42),"Rey Mysterio Jr. fought Mike Mizanin to a no contest when Miz assaulted Mysterio from behind during Mysterio's entrance and rammed him into the WWE symbol until referees came to Mysterio's aid; moments later, Michael Cold conducted an in-ring interview with Miz in which Miz said all the talk was about the WWE World Title situation, yet he didn't have a match for Summer Slam; Miz then called for a referee to come out and declare him the winner via forfeit; the referee then came out and told Justin Roberts that Miz would have another match per Triple H's orders; Kofi Kingston then appeared for the bout"
result,split,2011-08-26,SmackDown,WWE Friday Night SmackDown #627,1245,13497,1,,"he has no contest, we have a winner",Wade Barrett defeats Bo Rotundo,"Wade Barrett fought an unknown to a no contest; prior to the bout, Barrett took the mic and said he had shacken the WWE to its core more than once and it was beneath him as a man and as a competitor to face his no-name opponent; Barrett then walked out of the match"
result,keep,2011-10-17,Raw,WWE Monday Night RAW #960,1262,13626,3,,different winner,Eve Torres (w/ Kelly Kelly ) defeats Natalya (w/ Beth Phoenix ) (2:10),"Natalya Neidhart (w/ WWE Divas Champion Beth Phoenix) pinned Eve (w/ Kelly Kelly) with the moonsault at 2:12; prior to the bout, it was announced Eve would challenge Phoenix at Vengeance"
result,split,2011-11-14,Raw,WWE Monday Night RAW #964,1271,13704,7,,"he has no contest, we have a winner","Randy Orton (w/ Kofi Kingston , Mason Ryan , Sheamus & Sin Cara ) defeats Wade Barrett (w/ Cody Rhodes , Dolph Ziggler , Hunico & Jack Swagger ) by DQ (3:40)","Wade Barrett (w/ WWE US Champion Dolph Ziggler, WWE IC Champion Cody Rhodes, Hunico, & Jack Swagger) fought Randy Orton (w/ Sheamus, Sin Cara, WWE Tag Team Champion Kofi Kingston, & Mason Ryan) to a no contest at 3:40 when all the seconds began fighting in the ring; following his entrance, Barrett cut an in-ring promo in which he said he was the present and future; after the contest, Hunico was left alone in the ring where he sustained Orton's RKO and was then press slammed by Ryan onto the rest of Team Barrett on the floor"
result,split,2011-12-18,PPV,"WWE TLC: Tables, Ladders & Chairs 2011",1282,13792,10,,"he has no contest, we have a winner",Cody Rhodes (c) defeats Booker T (7:17),"Booker T fought WWE IC Champion Cody Rhodes to a no contest when Rhodes attacked Booker from behind in the aisle, with referees then having to pull Rhodes away; moments later, Booker was helped backstage by one of the doctors"
result,fix_result,2011-12-23,SmackDown,WWE Friday Night SmackDown #644,1284,13806,5,,"he has a winner, we have none",Daniel Bryan vs. Dolph Ziggler (w/ Vickie Guerrero ) - No Contest (13:03),"World Heavyweight Champion Daniel Bryan & the Big Show defeated Dolph Ziggler & Jack Swagger (w/ Vickie Guerrero) in an impromptu match at around the 9-minute mark; the match was initially Bryan vs. Ziggler in a non-title match, with Swagger coming ringside at the 8-minute mark and Show joining at the 10-minute mark; at the 13-minute mark, Show chased Swagger into the ring, with Teddy Long running out and setting up a tag team match between the four; after the bout, Show watched from the floor as Bryan celebrated in the ring"
result,keep,2011-12-23,SmackDown,WWE Friday Night SmackDown #644,1284,13807,6,,"he has no contest, we have a winner",Daniel Bryan & The Big Show defeat Dolph Ziggler & Jack Swagger (w/ Vickie Guerrero ) (6:54),"The Big Show fought Mark Henry to a no contest; during Show's entrance, a graphic briefly appeared on screen advertising a YouTube account; following the ring entrances, David Otunga walked out, noted he was legal representation for John Laurinaitis, and said Henry was not legally cleared to compete and the match would not happen; after Otunga wished the fans a happy holidays, Show knocked him out with a punch; the bout was to have determined the #1 contender for the World Heavyweight Title"
result,fix_result,2011-12-26,Raw,WWE Monday Night RAW #970,1285,13814,6,,different winner,Dolph Ziggler (w/ Vickie Guerrero ) defeats CM Punk and Jack Swagger (12:15),"Gauntlet Match : WWE World Champion CM Punk pinned Jack Swagger (w/ Vickie Guerrero) in a non-title match with a kick to the head at 4:26; after the fall, Swagger attacked Punk from behind and injured his leg; stipulations stated Punk would defend the title the following week against Swagger if he lost and would advance to meet Dolph Ziggler if he won"
result,keep,2012-01-09,Raw,WWE Monday Night RAW #972,1289,13845,6,,"he has a winner, we have none",Dolph Ziggler (w/ Vickie Guerrero ) vs. John Cena - No Contest (5:00),"Dolph Ziggler (w/ Vickie Guerrero) defeated John Cena via count-out around the 6-minute mark after Cena left the match to find Kane backstage; earlier in the bout, Kane assaulted WWE US Champion Zack Ryder outside the arena, eventually dropping Ryder with a chokeslam onto a wood pallette several feet below; after Cena walked out of the building, Kane assaulted him and eventually choked him out as the show ended"
result,keep,2012-01-16,Raw,WWE Monday Night RAW #973,1291,13861,6,,different winner,"David Otunga , Dolph Ziggler & Mark Henry (w/ Vickie Guerrero ) defeat Chris Jericho , CM Punk & Daniel Bryan by Reverse Decision (14:00)","WWE World Champion CM Punk, World Heavyweight Champion Daniel Bryan, & Chris Jericho defeated Dolph Ziggler (w/ Vickie Guerrero), Mark Henry, & David Otunga at 14:10 when an interfering Mick Foley applied the Mandible Claw on Otunga; during his entrance, Bryan took a mic and blamed Big Show for intentionally knocking down AJ in his quest to take Bryan's title; Bryan went on to say Show shouldn't show his face on Smackdown and he would make him pay if he does; Bryan went on to dedicate his title match against Henry on Smackdown to AJ; Jericho walked out of the bout at the 7-minute mark after being tagged into the bout; Bryan was assaulted by Henry and was chased from ringside at the 11-minute mark, with Foley coming out moments later to be Punk's tag team partner; after the contest, John Laurinaitis walked out and gave the win to Ziggler, Henry, & Otunga before Punk talked back to him, saying he wasn't going to do that and there was nothing he could do to change it; Punk then noted Laurinaitis's brother was one half of the Road Warriors, was boring, vanilla, and it killed him that he never made it to WWE as a wrestler; Punk went on to say Laurinaitis didn't have an original thought in his body and he was simply jealous of him; Punk went on to say he would still be better than him after the Royal Rumble and he would kick his ass; Punk finished by calling Laurinaitis pathetic and left the ring; moments later, Laurinaitis addressed the crowd, with Foley telling him to admit he was going to screw Punk at the Rumble and that he was a kiss ass; Laurinaitis then said he would screw Punk, was tired of being disrespected and bullied, and then struck Foley with the microphone"
result,split,2012-01-16,Raw,WWE Monday Night RAW #973,1291,13862,7,,"he has no contest, we have a winner",John Cena defeats Kane by DQ,"John Cena fought WWE US Champion Jack Swagger to a no contest in a non-title match when Cena jumped Swagger before the opening bell and assaulted him and out of the ring; the crowd then chanted “Let's go, Cena” and “Cena sucks” as Cena continued to attack Swagger on the floor; Cena eventually went to stomp Swagger's head, as it lay across the steel ring steps, and instead went to crush Swagger with another pair of steps; Kane's music and entrance then played, with Kane appearing on the big screen and saying he was impressed with Cena's rage and hoped he will have embraced the hate by the time of the Royal Rumble"
result,split,2012-01-23,Raw,WWE Monday Night RAW #974,1293,13876,6,,"he has no contest, we have a winner",CM Punk (c) defeats Dolph Ziggler,"WWE World Champion CM Punk fought John Laurinaitis (w/ David Otunga) to a no contest in a non-title match; during Laurinaitis's entrance, it was noted he was a champion in All Japan Pro Wrestling and wrestled the likes of Steve Williams and Stan Hansen; after coming to the ring, Laurinaitis had Otunga read the fax they received earlier in the show from the board of directors which called into question his actions as Raw interim GM and his status was under review; the fax also read he would have a formal job evaluation the next week to see whether he keeps the job or is terminated, and the evaluation would be from Triple H; Punk then said now nothing was stopping him from kicking the teeth out of his face before Triple H fires him, with Laurinaitis said it was a wakeup call and wanted to apologize to Punk and the fans; Laurinaitis then said he would allow Mick Foley to be in the Royal Rumble match, with Punk then saying he hoped Triple H inherited Vince McMahon's “You're fired;” Laurinaitis then said his match with Punk wasn't going to happen but Punk would face Otunga, with Otunga immediately attacking Punk; Punk fought off Otunga and locked him in the Anaconda Vice, with Otunga quickly tapping out; moments later, Punk cornered Laurinaitis, cleared Otunga from the ring, and dropped Laurinaitis with the Go To Sleep; Dolph Ziggler then ran out and dropped Punk with the Zig Zag to close the show"
result,keep,2012-02-27,Raw,WWE Monday Night RAW #979,1305,13956,1,,"he has a winner, we have none",CM Punk vs. Daniel Bryan (w/ AJ ) - No Contest (10:15),"World Heavyweight Champion Daniel Bryan (w/ AJ) defeated WWE World Champion CM Punk via disqualification at around the 12-minute mark; neither title was at stake in the match; following Punk's entrance, footage was shown of their controversial bout the previous week on Smackdown in which a clear winner was not determined; before Bryan's entrance, Chris Jericho walked out, confronted Punk in the ring, and said he was the last of a breed of performers that travelled the world and became a star before he arrived in WWE, despite where promoters wanted to put him on the show, which led to him having a chip on his shoulder; Jericho then said Punk had become just like him and wanted to be just like him; Punk replied by saying he didn't steal from anyone, noting Bret Hart was saying he was the best there is, was, and ever will be back when Jericho “was 2 years old,” then asking if Bret stole that from Jericho or if Bret stole the fact he was Canadian from Jericho as well; Jericho responded by saying he had faced every name and beaten them all, won dozens of championships, and stole the show at WrestleMania; Punk agreed that Jericho beat Steve Austin and the Rock, but was never the man like Punk is and Jericho has a Napoleon complex; Punk then noted Jericho goes off to write books and be on game shows while he himself stays in the ring; Jericho then said his Jan. 2 vignettes and the jacket were just window dressing because he came back for one reason, to embarass Punk at WrestleMania; Punk responded by saying he didn't need Chris Brown just like Jericho doesn't need Mickey Rourke, they didn't need inflatable letters at the entrance, and they could put on possibly the greatest wrestling match in WrestleMania history, but it would be Punk retaining; during the closing moments, Santino Marella and David Otunga, who sat ringside for the bout alongside Teddy Long and John Laurinaitis, respectively, began fighting, eventually involving the two GMs; during the altercation, Bryan attempted to leave the ring but was jumped from behind by Sheamus and thrown back into the ring; Punk then dropped Bryan with the Go To Sleep and scored the pinfall, with Laurinaitis then ringing the bell himself after waving off Punk's win; Long and Laurinaitis then briefly fought in the ring as Punk walked up the ramp with the title belt and posed; Jericho then jumped Punk from behind, locking him in the Walls of Jericho before several referees came out to pull him off; Jericho then told Punk he had four weeks left with the belt before the show cut to commercial break (the bout began during the commercial break)"
result,keep,2012-05-04,SmackDown,WWE Friday Night SmackDown #663,1326,14117,5,,"he has no contest, we have a winner",Ryback defeats Derrick Bateman (1:07),"Damien Sandow fought Derrick Bateman to a no contest when, following his entrance, Sandow took the mic and said he wouldn't waste his time facing a “miscreant” like Bateman and that he would opt not to wrestle for the benefit of the fans; moments later, Bateman took the mic and said he earned a match on Smackdown and wouldn't leave until he got one; Ryback then appeared"
result,fix_result,2012-05-21,Raw,WWE Monday Night RAW #991,1332,14170,3,,"he has a winner, we have none",Alberto Del Rio vs. Randy Orton - No Contest (7:15),"Randy Orton defeated Alberto Del Rio via disqualification at 7:20 when Chris Jericho slid in the ring and dropped Orton with the Codebreaker; as Ricardo Rodriguez introduced ADR before the bout, WWE US Champion Santino Marella interrupted, insulted Rodriguez, and hit him with the Cobra before introducing ADR himself; prior to ADR's entrance, it was noted Raw would celebrate its 1,000 episode — and move to a 3-hour format — beginning July 23; upon ADR's entrance, Marella ran backstage; during Orton's entrance, Michael Cole and Jerry Lawler discussed Big Show's return to WWE, with Cole saying Show did not resign with the company until the early morning hours, thus John Laurinaitis's win over John Cena would stand; after the match, Jericho took the mic and repeated he was the best in the world at what he does before hitting the Codebreaker twice more"
result,split,2012-05-28,Raw,WWE Monday Night RAW #992,1334,14191,7,,"he has no contest, we have a winner","John Cena defeats John Laurinaitis , Tensai & The Big Show","The Big Show fought Brodus Clay (w/ Cameron & Naomi) to a no contest; upon his entrance, Show took the mic and said Clay was as much of a sell out as him, then comparing Clay to Doink the Clown before adding Doink, unlike Clay, actually had talent; after Show assaulted Clay at ringside, Show fought off WWE Tag Team Champions Kofi Kingston & R-Truth before kicking apart the commentary table; Show then used part of the table to twice hit Clay across the back and easily manhandled Kingston & Truth while knocking Clay out with a punch; moments later, Show and John Laurinaitis held up their hands at the entrance stage as the show ended; moments later, Clay was taken backstage on a stretcher"
result,keep,2012-07-09,Raw,WWE Monday Night RAW #998,1347,14300,6,,different winner,Michael Cole defeats Jerry Lawler by DQ (1:00),"Jerry Lawler pinned Booker T after an airplane spin at the 58-second mark; Booker T & Josh Matthews provided commentary for the match; after the bout, the Raw GM sent an email, which Matthews read, that said Cole was the winner as a result of interference from Booker; moments later, WWE US Champion Santino Marella came out with his detective hat and said the Raw GM must be under the ring; moments later, Hornswoggle was revealed as the Raw GM and bit Cole and Lawler before leaving the ring"
result,keep,2012-08-13,Raw,WWE Monday Night RAW #1003,1358,14378,1,,"he has a winner, we have none",CM Punk vs. The Big Show - No Contest (6:00),"WWE World Champion CM Punk defeated the Big Show via disqualifcation in a non-title match at 6:01 when Daniel Bryan, who appeared ringside late in the bout, attacked Punk and locked him in the Yes Lock; moments later, John Cena ran out and knocked Show to the floor before doing the same to Bryan; AJ then appeared and said Bryan might have ruined the match but he would make it up by teaming with Show against Punk & Cena later in the night"
result,keep,2012-09-03,Raw,WWE Monday Night RAW #1006,1365,14438,3,,"he has no contest, we have a winner",Sheamus defeats Jack Swagger (2:45),"WWE World Champion CM Punk fought World Heavyweight Champion Sheamus to a no contest in a non-title match; following Sheamus's entrance, Punk came out in street clothes and cut an in-ring promo saying he wouldn't be exploited at the 8pm hour simply because he's from Chicago; Punk then said he was taking the night off and left the ring; after Punk left ringside, Sheamus took the mic and said Punk disrespected the fans by walking away; moments later, Punk was shown backstage talking with AJ and saying he was taking a personal day; Punk then got in a waiting car and left the arena; Matt Striker then appeared and asked AJ what she would do for the match, with AJ then asking who Striker was before saying she would find Sheamus an opponent"
result,keep,2012-10-08,Raw,WWE Monday Night RAW #1011,1376,14532,9,,"he has no contest, we have a winner",Sheamus defeats CM Punk by DQ,"Vince McMahon fought WWE World Champion CM Punk (w/ Paul Heyman) to a no contest in a non-title match at around the 9-minute mark; during McMahon's entrance, Punk jumped him from behind at ringside; during the match, Punk at one point put on a headset at the commentary table and yelled “What a maneuver!”; at the 6-minute mark, McMahon took a kendo stick, punched Heyman, and took possession of the title belt, keeping Punk from entering the ring to take it back; moments later, Punk grabbed his own kendo stick, leading to the two trading blows in the ring; during the closing moments of the match, Punk had McMahon up for the Go To Sleep before Ryback ran out, scaring Punk to the floor; moments later, John Cena appeared and tossed Punk back into the ring, where he narrowly escaped Ryback's Shell Shocked; Punk then escaped through the crowd, with McMahon then taking a mic and telling Punk he had a week to decide who he would face at Hell in a Cell — Cena or Ryback — and if he didn't decide then McMahon would decide for him"
result,fix_result,2013-05-03,SmackDown,WWE Friday Night SmackDown #715,1441,15875,4,,"he has a winner, we have none",Alberto Del Rio & Ricardo Rodriguez vs. Jack Swagger & Zeb Colter - No Contest (1:16),"Alberto Del Rio & Ricardo Rodriguez defeated Jack Swagger & Zeb Colter via disqualification at around the 4-minute mark when World Heavyweight Champion Dolph Ziggler, who provided guest commentary for the match, and Big E Langston attacked ADR as he had the cross armbreaker applied; moments later, Teddy Long appeared and set up a triple threat tag team match (the bout began during the commercial break)"
result,fix_result,2013-05-03,SmackDown,WWE Friday Night SmackDown #715,1441,15879,8,,different winner,Randy Orton & Sheamus defeat Mark Henry & The Big Show,"Mark Henry defeated Sheamus in an arm wrestling contest; Josh Matthews was the MC for the contest; after the match, Sheamus took the mic, congratulated Henry, and challenged him to a rematch using the opposite arm; as the two went to start, Sheamus sucker punched him, then hit the boot to the face before yelling, “That's what I do!”"
result,split,2013-07-19,SmackDown,WWE Friday Night SmackDown #726,1466,16062,6,,"he has no contest, we have a winner","Daniel Bryan , Randy Orton & Rob Van Dam defeat The Shield ( Dean Ambrose , Roman Reigns & Seth Rollins )","Jimmy & Jey Uso fought WWE Tag Team Champions Seth Rollins & Roman Reigns to a no contest in a non-title match when the two teams brawled before the match began, with WWE US Champion Dean Ambrose then appearing and aiding Rollins & Reigns; moments later, Mark Henry ran out and evened the odds, with the Shield escaping into the crowd"
result,split,2013-08-05,Raw,WWE Monday Night RAW #1054,1471,16100,6,,different winner,Curtis Axel (w/ Paul Heyman ) defeats CM Punk by DQ (10:20),"CM Punk defeated WWE IC Champion Curtis Axel (w/ Paul Heyman) via disqualification in a non-title match at 10:23 when Punk grabbed Heyman and dragged him into the ring; the two fought in the aisle for several moments before the match began, with Heyman not reappearing until mid-way through the bout; after the match, Brock Lesnar appeared, with Punk hitting the Go To Sleep to Axel outside the ring before sending Lesnar into the ringpost, kicking him in the head, and hitting a clothesline off the commentary table; Lesnar fought off Punk momentarily before Punk attacked him in the ring and cornered Heyman with a steel chair; Lesnar then dropped Punk with the F5 and repeatedly hit him across the back with the chair"
result,keep,2013-09-02,Raw,WWE Monday Night RAW #1058,1480,16168,7,,"he has a winner, we have none",Daniel Bryan vs. The Big Show - No Contest,"Daniel Bryan defeated the Big Show via disqualification at 5:53 when WWE US Champion Dean Ambrose, WWE Tag Team Champions Seth Rollins & Roman Reigns attacked Bryan; during the final moments, Show tried to walk out of the match but was stopped by Triple H, who ordered him back into the ring; moments later, Triple H threatened to fire Show if he didn't back up, with the Shield then dropping Bryan with the triple powerbomb; Triple H then told Show to knock out Bryan with his punch but an emotional Show refused; Show then left the ring, with Stephanie McMahon walking out, stopping him, and giving him one last chance to do what was right; Triple H again told him to knock Bryan out, which he hesitantly did before leaving the ring with Triple H and Stephanie; the entire locker room stood at the entrance stage for the duration of the match; after the contest, WWE World Champion Randy Orton walked out, passed Show in the aisle, and then placed his boot on top of Bryan in the ring while holding up the title belt"
result,split,2013-09-23,Raw,WWE Monday Night RAW #1061,1487,16217,3,,"he has double count-out, we have a winner",Rob Van Dam defeats Randy Orton by Count Out (10:40),"Randy Orton fought Rob Van Dam (w/ Ricardo Rodriguez) to a double count-out at 8:38 when Orton attacked RVD outside the ring; the crowd picked RVD via a WWE app poll, with RVD earning 57% of the vote compared to Dolph Ziggler's 26% and R-Truth's 17%; after the contest, Orton threw RVD into the steel ring steps and across the commentary table; moments later, Orton dropped RVD with a DDT from the top turnbuckle; following the commercial break, footage was shown of World Heavyweight Champion Alberto Del Rio attacking RVD in the ring and applying the cross armbreaker"
result,split,2013-09-27,SmackDown,WWE Friday Night SmackDown #736,1488,16224,4,,different winner,Dolph Ziggler defeats Dean Ambrose (w/ Roman Reigns & Seth Rollins ) (c) by DQ (1:40),"WWE US Champion Dean Ambrose, WWE Tag Team Champions Seth Rollins & Roman Reigns defeated Dolph Ziggler, Rob Van Dam, & Kofi Kingston in an impromptu match at 11:10 when Ambrose pinned Kingston after Rollins hit the running stomp to the head behind the referee's back as Kingston had Ambrose rolled up; RVD and Kingston's arms were heavily taped for the match"
result,fix_result,2013-09-27,SmackDown,WWE Friday Night SmackDown #736,1488,16228,8,,different winner,The Miz defeats Randy Orton by DQ (2:47),"Randy Orton pinned Mike Mizanin in a No DQ match at 7:51 with the RKO after a DDT from the barricade to the floor; Miz initially won the match via disqualification at 3:12 when Orton refused to stop assaulting Miz as the referee and trainer attempted to intervene; moments later, Triple H walked out to the entrance stage and said the match would continue under No DQ rules"
result,fix_result,2013-11-29,SmackDown,WWE Friday Night SmackDown #745,1508,16385,6,,"he has a winner, we have none","CM Punk , Cody Rhodes & Goldust vs. The Shield ( Dean Ambrose , Roman Reigns & Seth Rollins ) - No Contest (9:20)","CM Punk, WWE Tag Team Champions Cody Rhodes & Goldust defeated WWE US Champion Dean Ambrose, Seth Rollins & Roman Reigns in an impromptu match via disqualification at the 14-minute mark when Bray Wyatt, Luke Harper & Erick Rowan – who appeared ringside late in the match – attacked Goldust at ringside; after the match, Jimmy & Jey Uso and Rey Mysterio Jr. ran out to make the save; moments later, Vickie Guerrero walked out, demanded order, and said the match would continue as a 12-man tag team match (the match began during the commercial break)"
unpaired,aired,2001-02-12,Raw,WWF RAW is WAR #403,163,977,5,,,Scotty 2 Hotty (w/ Grandmaster Sexay ) vs. X-Pac - No Contest (2:15),
unpaired,aired,2001-03-08,SmackDown,Thursday Night SmackDown,10,58,4,,,Chris Benoit defeated Perry Saturn (3:48),
unpaired,aired,2001-03-08,SmackDown,Thursday Night SmackDown,10,59,5,,,Chris Benoit defeated Dean Malenko (1:29),
unpaired,aired,2001-03-08,SmackDown,Thursday Night SmackDown,10,60,6,,,Eddie Guerrero defeated Chris Benoit (0:25),
unpaired,aired,2001-08-16,SmackDown,Thursday Night SmackDown,33,207,6,,,Booker T vs. The Rock Non-title Lights Out Match ended in a No Contest (3:58),
unpaired,split,2001-12-31,Raw,WWF RAW #449 - Year In Review Special,221,1456,1,,,Chris Jericho defeats Chris Benoit (c) (18:43) - TITLE CHANGE !!!,
unpaired,split,2001-12-31,Raw,WWF RAW #449 - Year In Review Special,221,1457,2,,,The Undertaker defeats Triple H (18:27),
unpaired,split,2001-12-31,Raw,WWF RAW #449 - Year In Review Special,221,1458,3,,,Kurt Angle defeats Shane McMahon (25:58),
unpaired,split,2001-12-31,Raw,WWF RAW #449 - Year In Review Special,221,1459,4,,,Chris Benoit & Chris Jericho defeat Steve Austin & Triple H (w/ Stephanie McMahon-Helmsley ) (c) (13:55) - TITLE CHANGE !!!,
unpaired,split,2001-12-31,Raw,WWF RAW #449 - Year In Review Special,221,1460,5,,,Torrie Wilson defeats Stacy Keibler (3:09),
unpaired,split,2001-12-31,Raw,WWF RAW #449 - Year In Review Special,221,1461,6,,,"Chris Jericho , Kane , The Big Show , The Rock & The Undertaker defeat Booker T , Kurt Angle , Rob Van Dam , Shane McMahon & Steve Austin (44:57)",
unpaired,split,2001-12-31,Raw,WWF RAW #449 - Year In Review Special,221,1462,7,,,Rob Van Dam defeats Jeff Hardy (c) (12:40) - TITLE CHANGE !!!,
unpaired,split,2001-12-31,Raw,WWF RAW #449 - Year In Review Special,221,1463,8,,,Steve Austin defeats The Rock (c) (28:08) - TITLE CHANGE !!!,
unpaired,split,2001-12-31,Raw,WWF RAW #449 - Year In Review Special,221,1464,9,,,Christian & Edge defeat The Dudley Boyz ( Bubba Ray Dudley & D-Von Dudley ) (c) and The Hardy Boyz ( Jeff Hardy & Matt Hardy ) (15:50) - TITLE CHANGE !!!,
unpaired,split,2001-12-31,Raw,WWF RAW #449 - Year In Review Special,221,1465,10,,,Triple H defeats Steve Austin (36:31),
unpaired,aired,2002-02-28,SmackDown,Thursday Night SmackDown,61,1576,5,,,Billy & Chuck (c) defeat The APA ( Bradshaw & Faarooq ) (2:34),
unpaired,aired,2002-07-22,Raw,WWE RAW #478,259,1806,4,,,D-Lo Brown vs. Shawn Stasiak - No Contest (1:28),
unpaired,aired,2002-08-19,Raw,WWE RAW #482,263,1829,1,,,Tommy Dreamer (c) defeats Bradshaw and Bubba Ray Dudley and Crash and Jeff Hardy and Johnny Stamboli and Spike Dudley and Steven Richards and Terri Runnels (6:00),
unpaired,aired,2002-10-14,Raw,WWE RAW #490,273,1903,6,,,The Big Show defeats Booker T (5:23),
unpaired,aired,2002-12-02,Raw,WWE RAW #497,282,1965,6,,,Chris Jericho & Christian (c) defeat Booker T & Goldust (6:35),
unpaired,aired,2002-12-23,Raw,WWE RAW #500,286,1995,7,,,Test (w/ Stacy Keibler ) defeats D-Lo Brown (3:58),
unpaired,aired,2003-02-13,SmackDown,Thursday Night SmackDown,111,2078,2,,,Nunzio vs. Rikishi - No Contest,
unpaired,aired,2003-05-01,SmackDown,Thursday Night SmackDown,122,2238,4,,,The FBI ( Chuck Palumbo & Johnny Stamboli ) (w/ Nunzio ) defeat Chris Benoit & Rhyno (5:35),
unpaired,split,2003-07-27,PPV,WWE Vengeance 2003,326,2398,3,,,Bradshaw defeats Brian Kendrick and Brother Love and Chris Kanyon and Chuck Palumbo and Conquistador Dos and Conquistador Uno and Danny Basham and Doink and Doug Basham and Faarooq and Funaki and John Hennigan and Johnny Stamboli and Matt Cappotelli and Matt Hardy Version 1.0 and Nunzio and Orlando Jordan and Sean O'Haire and Shannon Moore and The Brooklyn Brawler and The Easter Bunny ( Aaron Stevens ) (4:33),
unpaired,aired,2003-08-07,SmackDown,Thursday Night SmackDown,136,2425,2,,,Chris Benoit & Tajiri defeat Eddie Guerrero & Rhyno (7:28),
unpaired,aired,2003-08-07,SmackDown,Thursday Night SmackDown,136,2426,3,,,Nunzio defeats Zach Gowen (3:57),
unpaired,not_aired,2004-01-05,Raw,WWE RAW #554,357,3895,4,,,Trish Stratus defeats Molly Holly by DQ (2:49),
unpaired,aired,2004-03-11,SmackDown,WWE SmackDown #239,378,4009,3,,,"Billy Kidman , Funaki , Rey Mysterio & Ultimo Dragon defeat Akio , Jamie Noble , Sakoda & Tajiri (7:17)",
unpaired,split,2004-03-14,PPV,"WWE WrestleMania XX - ""Where it all Begins... Again""",379,4013,1,,,John Cena defeats The Big Show (c) (9:13) - TITLE CHANGE !!!,
unpaired,split,2004-03-14,PPV,"WWE WrestleMania XX - ""Where it all Begins... Again""",379,4014,2,,,Booker T & Rob Van Dam (c) defeat Garrison Cade & Mark Jindrak and La Resistance ( Rene Dupree & Rob Conway ) and The Dudley Boyz ( Bubba Ray Dudley & D-Von Dudley ) (7:55),
unpaired,split,2004-03-14,PPV,"WWE WrestleMania XX - ""Where it all Begins... Again""",379,4015,3,,,Christian defeats Chris Jericho (14:56),
unpaired,split,2004-03-14,PPV,"WWE WrestleMania XX - ""Where it all Begins... Again""",379,4016,4,,,"Evolution ( Batista , Randy Orton & Ric Flair ) defeat The Rock 'n' Sock Connection ( Mick Foley & The Rock ) (17:09)",
unpaired,split,2004-03-14,PPV,"WWE WrestleMania XX - ""Where it all Begins... Again""",379,4017,5,,,Sable & Torrie Wilson defeat Miss Jackie & Stacy Keibler (2:41),
unpaired,split,2004-03-14,PPV,"WWE WrestleMania XX - ""Where it all Begins... Again""",379,4018,6,,,Chavo Guerrero (w/ Chavo Guerrero Sr. ) (c) defeats Akio and Billy Kidman and Funaki and Jamie Noble and Nunzio and Rey Mysterio and Shannon Moore and Tajiri and Ultimo Dragon (10:38),
unpaired,split,2004-03-14,PPV,"WWE WrestleMania XX - ""Where it all Begins... Again""",379,4019,7,,,Goldberg defeats Brock Lesnar (13:48),
unpaired,split,2004-03-14,PPV,"WWE WrestleMania XX - ""Where it all Begins... Again""",379,4020,8,,,Rikishi & Scotty 2 Hotty (c) defeat The APA ( Bradshaw & Faarooq ) and The Basham Brothers ( Danny Basham & Doug Basham ) and The World's Greatest Tag Team ( Charlie Haas & Shelton Benjamin ) (6:05),
unpaired,split,2004-03-14,PPV,"WWE WrestleMania XX - ""Where it all Begins... Again""",379,4021,9,,,Victoria (c) defeats Molly Holly (4:52),
unpaired,split,2004-03-14,PPV,"WWE WrestleMania XX - ""Where it all Begins... Again""",379,4022,10,,,Eddie Guerrero (c) defeats Kurt Angle (21:30),
unpaired,split,2004-03-14,PPV,"WWE WrestleMania XX - ""Where it all Begins... Again""",379,4023,11,,,The Undertaker (w/ Paul Bearer ) defeats Kane (6:56),
unpaired,split,2004-03-14,PPV,"WWE WrestleMania XX - ""Where it all Begins... Again""",379,4024,12,,,Chris Benoit defeats Shawn Michaels and Triple H (c) (24:07) - TITLE CHANGE !!!,
unpaired,aired,2004-04-01,SmackDown,WWE SmackDown #242,385,4056,6,,,John Cena defeats Johnny Stamboli & Nunzio (2:15),
unpaired,aired,2004-04-19,Raw,WWE RAW #569,391,4090,4,,,Gail Kim & Matt Hardy vs. Lita & Val Venis - No Contest,
unpaired,aired,2004-07-01,SmackDown,WWE SmackDown #255,415,4218,4,,,Charles Robinson vs. Luther Reigns - No Contest,
unpaired,aired,2004-07-05,Raw,WWE RAW #580,416,4224,5,,,Trish Stratus (c) defeats Nidia (0:03),
unpaired,aired,2004-07-29,SmackDown,WWE SmackDown #259,424,4262,3,,,Booker T defeats Billy Gunn and Charlie Haas and John Cena and Kenzo Suzuki and Luther Reigns and Rene Dupree and Rob Van Dam (23:21) - TITLE CHANGE !!!,
unpaired,aired,2004-08-09,Raw,WWE RAW #585,427,4275,3,,,Brent Albright & Chris Cage vs. Rhyno & Tajiri - Time Limit Draw (2:00),
unpaired,aired,2004-09-06,Raw,WWE RAW #589,436,4322,6,,,Randy Orton defeats Kane (12:23),
unpaired,aired,2004-10-11,Raw,WWE RAW #594,448,4384,3,,,Rosey & The Hurricane vs. Steven Richards & Val Venis - No Contest,
unpaired,aired,2004-10-11,Raw,WWE RAW #594,448,4386,5,,,Chris Jericho & Rhyno defeat Christian & Tyson Tomko (13:30),
unpaired,split,2004-10-19,PPV,WWE Taboo Tuesday 2004,452,4404,1,,,Shelton Benjamin defeats Chris Jericho (c) (10:54) - TITLE CHANGE !!!,
unpaired,split,2004-10-19,PPV,WWE Taboo Tuesday 2004,452,4405,2,,,Trish Stratus (c) defeats Gail Kim and Jazz and Molly Holly and Nidia and Stacy Keibler and Victoria (5:35),
unpaired,split,2004-10-19,PPV,WWE Taboo Tuesday 2004,452,4406,3,,,Gene Snitsky defeats Kane (w/ Lita ) (14:18),
unpaired,split,2004-10-19,PPV,WWE Taboo Tuesday 2004,452,4407,4,,,Eugene defeats Eric Bischoff (2:08),
unpaired,split,2004-10-19,PPV,WWE Taboo Tuesday 2004,452,4408,5,,,Chris Benoit & Edge defeat La Resistance ( Robert Conway & Sylvain Grenier ) (c) (16:03) - TITLE CHANGE !!!,
unpaired,split,2004-10-19,PPV,WWE Taboo Tuesday 2004,452,4409,6,,,Christy defeats Carmella (1:46),
unpaired,split,2004-10-19,PPV,WWE Taboo Tuesday 2004,452,4410,7,,,Triple H (c) defeats Shawn Michaels (14:08),
unpaired,split,2004-10-19,PPV,WWE Taboo Tuesday 2004,452,4411,8,,,Randy Orton defeats Ric Flair (10:35),
unpaired,aired,2004-12-02,SmackDown,WWE SmackDown #277 (WWE Tough Enough #4.07),465,4470,2,,,Charlie Haas (w/ Miss Jackie ) vs. Jesus (w/ Carlito Caribbean Cool ) - No Contest,
unpaired,aired,2004-12-09,SmackDown,WWE SmackDown #278 (WWE Tough Enough #4.08),474,4480,2,,,Jesus (w/ Carlito Caribbean Cool ) defeats Charlie Haas (0:40),
unpaired,split,2004-12-20,Raw,WWE RAW #604 - Year In Review Special,471,4502,1,,,Christian defeats Chris Jericho (14:56),
unpaired,split,2004-12-20,Raw,WWE RAW #604 - Year In Review Special,471,4503,2,,,Shelton Benjamin defeats Triple H (w/ Ric Flair ) (19:56),
unpaired,split,2004-12-20,Raw,WWE RAW #604 - Year In Review Special,471,4504,3,,,Gene Snitsky defeats Kane (w/ Lita ) (14:18),
unpaired,split,2004-12-20,Raw,WWE RAW #604 - Year In Review Special,471,4505,4,,,Chris Benoit defeats Shawn Michaels and Triple H (c) (24:07) - TITLE CHANGE !!!,
unpaired,split,2004-12-20,Raw,WWE RAW #604 - Year In Review Special,471,4506,5,,,Lita defeats Trish Stratus (c) (7:09) - TITLE CHANGE !!!,
unpaired,split,2004-12-20,Raw,WWE RAW #604 - Year In Review Special,471,4507,6,,,"Chris Benoit , Chris Jericho , Maven & Randy Orton defeat Batista , Edge , Gene Snitsky & Triple H (w/ Ric Flair ) (24:30)",
unpaired,split,2005-01-09,PPV,WWE New Year's Revolution 2005,477,7587,5,,,Shelton Benjamin (c) defeats Maven (0:05),
unpaired,split,2005-01-30,PPV,WWE Royal Rumble 2005,484,7624,5,,,Batista defeats Booker T and Charlie Haas and Chris Benoit and Christian (w/ Tyson Tomko ) and Chris Jericho and Daniel Puder and Eddie Guerrero and Edge and Gene Snitsky and Hardcore Holly and John Cena and Jonathan Coachman and Kane and Kenzo Suzuki and Kurt Angle and Luther Reigns and Mark Jindrak and Muhammad Hassan and Orlando Jordan and Paul London and Rene Dupree and Rey Mysterio and Ric Flair and Scotty 2 Hotty and Shawn Michaels and Shelton Benjamin and Simon Dean and The Hurricane and Viscera (53:57),
unpaired,split,2005-04-03,PPV,"WWE WrestleMania 21 - ""WrestleMania Goes Hollywood""",504,7724,1,,,Booker T defeats Akio and Billy Kidman and Charlie Haas and Chris Masters and Danny Basham and Doug Basham and Funaki and Gene Snitsky and Hardcore Holly and Heidenreich and Luther Reigns and Mark Jindrak and Maven and Nunzio and Orlando Jordan and Paul London and Rhyno and Rob Conway and Rosey and Scotty 2 Hotty and Simon Dean and Spike Dudley and Sylvain Grenier and Tajiri and The Hurricane and Tyson Tomko and Val Venis and Viscera and William Regal (11:21),
unpaired,split,2005-04-03,PPV,"WWE WrestleMania 21 - ""WrestleMania Goes Hollywood""",504,7725,2,,,Rey Mysterio defeats Eddie Guerrero (12:00),
unpaired,split,2005-04-03,PPV,"WWE WrestleMania 21 - ""WrestleMania Goes Hollywood""",504,7726,3,,,Edge defeats Chris Benoit and Chris Jericho and Christian (w/ Tyson Tomko ) and Kane and Shelton Benjamin (15:10),
unpaired,split,2005-04-03,PPV,"WWE WrestleMania 21 - ""WrestleMania Goes Hollywood""",504,7727,4,,,The Undertaker defeats Randy Orton (14:06),
unpaired,split,2005-04-03,PPV,"WWE WrestleMania 21 - ""WrestleMania Goes Hollywood""",504,7728,5,,,Trish Stratus (c) defeats Christy Hemme (w/ Lita ) (4:40),
unpaired,split,2005-04-03,PPV,"WWE WrestleMania 21 - ""WrestleMania Goes Hollywood""",504,7729,6,,,Kurt Angle defeats Shawn Michaels (27:16),
unpaired,split,2005-04-03,PPV,"WWE WrestleMania 21 - ""WrestleMania Goes Hollywood""",504,7730,7,,,Akebono defeats The Big Show (3:00),
unpaired,split,2005-04-03,PPV,"WWE WrestleMania 21 - ""WrestleMania Goes Hollywood""",504,7731,8,,,John Cena defeats John Bradshaw Layfield (c) (11:18) - TITLE CHANGE !!!,
unpaired,split,2005-04-03,PPV,"WWE WrestleMania 21 - ""WrestleMania Goes Hollywood""",504,7732,9,,,Batista defeats Triple H (w/ Ric Flair ) (c) (21:32) - TITLE CHANGE !!!,
unpaired,aired,2005-04-28,SmackDown,WWE SmackDown #298,512,7766,3,,,John Cena defeats Rene Dupree (3:35),
unpaired,aired,2005-06-20,Raw,WWE RAW #630 - Draft 2005,530,7867,5,,,Kurt Angle & Triple H defeat Batista & Shawn Michaels (7:45),
unpaired,not_aired,2005-08-25,SmackDown,WWE SmackDown #315,552,7973,1,,,Sylvain Grenier defeats Kevin Matthews,
unpaired,aired,2005-09-12,Raw,WWE RAW #642,557,8005,2,,,Edge & Snitsky defeat Matt Hardy & The Big Show (9:49),
unpaired,aired,2005-09-16,SmackDown,WWE Friday Night SmackDown #318,558,8012,3,,,Rey Mysterio defeats John Bradshaw Layfield (6:42),
unpaired,split,2006-01-08,PPV,WWE New Year's Revolution 2006,596,8237,6,,,Ashley defeats Candice Michelle and Maria and Torrie Wilson and Victoria (11:30),
unpaired,aired,2006-03-13,Raw,WWE Monday Night RAW #668,617,8357,5,,,"John Cena , Kane & The Big Show defeat Carlito , Chris Masters & Triple H by DQ (5:25)",
unpaired,aired,2006-03-17,SmackDown,WWE Friday Night SmackDown #344,618,8360,3,,,Booker T defeats Jeremy Young (3:05),
unpaired,split,2006-04-02,PPV,"WWE WrestleMania 22 - ""Big Time""",623,8386,1,,,Viscera defeats Eugene and Funaki and Goldust and Joey Mercury and Johnny Nitro (w/ Melina ) and Lance Cade and Matt Striker and Psicosis and Rob Conway and Simon Dean and Snitsky and Steven Richards and Super Crazy and The Road Warrior and Trevor Murdoch and Tyson Tomko and William Regal (9:06),
unpaired,aired,2006-04-03,Raw,WWE Monday Night RAW #671,624,8402,5,,,Edge & Triple H (w/ Lita ) defeat John Cena (5:03),
unpaired,aired,2006-09-08,SmackDown,WWE Friday Night SmackDown #369,675,8726,3,,,Mr. Kennedy defeats Lawrence Tyler (2:22),
unpaired,aired,2006-09-11,Raw,WWE Monday Night RAW #694,676,8733,2,,,Umaga (w/ Armando Alejandro Estrada ) defeats Ric Flair by DQ (1:06),
unpaired,aired,2006-09-11,Raw,WWE Monday Night RAW #694,676,8734,3,,,"Roddy Piper & The Highlanders ( Robbie McAllister & Rory McAllister ) defeat The Spirit Squad ( Johnny , Kenny & Mikey ) (w/ Mitch & Nicky ) (8:00)",
unpaired,aired,2006-09-11,Raw,WWE Monday Night RAW #694,676,8738,7,,,Vince McMahon defeats Triple H (7:00),
unpaired,aired,2006-11-03,SmackDown,WWE Friday Night SmackDown #377,692,8851,4,,,Kane & The Undertaker defeat Montel Vontavious Porter & Mr. Kennedy by DQ (3:35),
unpaired,aired,2006-11-03,SmackDown,WWE Friday Night SmackDown #377,692,8852,5,,,Kane & The Undertaker defeat Montel Vontavious Porter & Mr. Kennedy (6:50),
unpaired,aired,2006-12-22,SmackDown,WWE Friday Night SmackDown #384,712,8990,6,,,Kane & The Undertaker defeat Finlay & King Booker (16:16),
unpaired,split,2007-01-07,PPV,WWE New Year's Revolution 2007,715,9010,6,,,Rated-RKO ( Edge & Randy Orton ) (c) vs. D-Generation X ( Shawn Michaels & Triple H ) - No Contest (20:00),
unpaired,aired,2007-01-22,Raw,WWE Monday Night RAW #713,720,9041,3,,,The Great Khali defeats Charlie Haas and John Cena and Lance Cade and Shelton Benjamin and Trevor Murdoch and Viscera (4:44),
unpaired,split,2007-02-18,PPV,WWE No Way Out 2007,729,9099,1,,,Rob Van Dam defeats Shelton Benjamin,
unpaired,split,2007-02-18,PPV,WWE No Way Out 2007,729,9101,3,,,Chavo Guerrero defeats Daivari and Funaki and Gregory Helms (c) and Jamie Noble and Jimmy Wang Yang and Scotty 2 Hotty and Shannon Moore (15:56) - TITLE CHANGE !!!,
unpaired,split,2007-04-01,PPV,"WWE WrestleMania 23 - ""All Grown Up""",742,9176,1,,,Carlito & Ric Flair defeat Chavo Guerrero & Gregory Helms (6:12),
unpaired,aired,2007-04-23,Raw,WWE Monday Night RAW #726,749,9223,5,,,Shawn Michaels defeats John Cena (55:49),
unpaired,split,2007-06-25,Raw,WWE Monday Night RAW #735 - Chris Benoit Tribute,770,9359,1,,,Chris Benoit defeats Billy Gunn and Booker T and Bradshaw and Charlie Haas and Chris Jericho and Christian and Ernest Miller and Goldberg and John Cena and Kane and Kurt Angle and Mark Henry (w/ Theodore Long ) and Matt Hardy and Matt Morgan and Mick Foley and Nunzio and Randy Orton and Rene Dupree and Rhyno and Rico and Rikishi and Rob Van Dam and Scott Steiner and Shelton Benjamin and Spike Dudley and Tajiri and The A-Train and The Big Show and The Hurricane (61:37),
unpaired,split,2007-06-25,Raw,WWE Monday Night RAW #735 - Chris Benoit Tribute,770,9360,2,,,Chris Benoit defeats Elijah Burke (6:38),
unpaired,split,2007-06-25,Raw,WWE Monday Night RAW #735 - Chris Benoit Tribute,770,9361,3,,,Chris Benoit (w/ Miss Elizabeth & Woman ) defeats Dean Malenko (w/ Jimmy Hart ) (26:55),
unpaired,split,2007-06-25,Raw,WWE Monday Night RAW #735 - Chris Benoit Tribute,770,9362,4,,,John Bradshaw Layfield (w/ Jillian Hall ) (c) defeats Chris Benoit (15:39),
unpaired,split,2007-06-25,Raw,WWE Monday Night RAW #735 - Chris Benoit Tribute,770,9363,5,,,Pegasus Kid defeats Jushin Thunder Liger (c) (15:02) - TITLE CHANGE !!!,
unpaired,split,2007-06-25,Raw,WWE Monday Night RAW #735 - Chris Benoit Tribute,770,9364,6,,,Chris Jericho defeats Chris Benoit (c) (18:43) - TITLE CHANGE !!!,
unpaired,split,2007-06-25,Raw,WWE Monday Night RAW #735 - Chris Benoit Tribute,770,9365,7,,,Chris Benoit defeats Shawn Michaels and Triple H (c) (24:07) - TITLE CHANGE !!!,
unpaired,aired,2007-09-14,SmackDown,WWE Friday Night SmackDown #421,794,9528,4,,,Chuck Palumbo & Michelle McCool defeat Kenny Dykstra & Victoria (11:50),
unpaired,split,2007-10-28,PPV,WWE Cyber Sunday 2007,810,9637,1,,,Festus & Jesse defeat Deuce & Domino (w/ Cherry ),
unpaired,not_aired,2007-11-19,Raw,WWE Monday Night RAW #756,818,9690,1,,,Mr. Kennedy vs. Shawn Michaels - No Contest,
unpaired,aired,2007-12-10,Raw,WWE Monday Night RAW #759 - 15th Anniversary,825,9736,4,,,"Evolution ( Batista , Ric Flair & Triple H ) defeat Edge , Randy Orton & Umaga by DQ (4:10)",
unpaired,not_aired,2008-02-04,Raw,WWE Monday Night RAW #767,842,9850,1,,,Hornswoggle defeats Vince McMahon (5:48),
unpaired,not_aired,2008-02-04,Raw,WWE Monday Night RAW #767,842,9854,5,,,Melina (w/ Jillian Hall ) defeats Maria (w/ Santino Marella ) (2:54),
unpaired,not_aired,2008-02-04,Raw,WWE Monday Night RAW #767,842,9855,6,,,Jeff Hardy defeats Shawn Michaels (19:50),
unpaired,aired,2008-03-24,Raw,WWE Monday Night RAW #774,856,9938,1,,,Carlito & Montel Vontavious Porter defeat Chris Jericho & CM Punk (10:00),
unpaired,aired,2008-03-24,Raw,WWE Monday Night RAW #774,856,9941,4,,,"Beth Phoenix , Melina & Santino Marella defeat Ashley , Jerry Lawler & Maria (4:00)",
unpaired,aired,2008-03-24,Raw,WWE Monday Night RAW #774,856,9942,5,,,"John Cena , Ric Flair , Shawn Michaels & Triple H defeat John Bradshaw Layfield , Randy Orton , The Big Show & Umaga (12:00)",
unpaired,aired,2008-03-28,SmackDown,WWE Friday Night SmackDown #449,857,9944,2,,,Mark Henry defeats Chuck Palumbo and Kane and The Great Khali (2:46),
unpaired,split,2008-03-30,PPV,"WWE WrestleMania XXIV - ""The Biggest WrestleMania Under The Sun""",858,9951,1,,,Kane defeats Brian Kendrick and Chuck Palumbo and Cody Rhodes and Deuce and Domino and Elijah Burke and Festus and Hardcore Holly and Jamie Noble and Jesse and Jim Duggan and Jimmy Wang Yang and Kofi Kingston and Lance Cade and Mark Henry and Shannon Moore and Snitsky and Stevie Richards and The Great Khali and The Miz and Tommy Dreamer and Trevor Murdoch and Val Venis (6:23),
unpaired,aired,2008-06-27,SmackDown,WWE Friday Night SmackDown #462,886,10161,3,,,Finlay & Hornswoggle defeat Curt Hawkins & Zack Ryder (2:31),
unpaired,not_aired,2008-10-20,Raw,WWE Monday Night RAW #804,924,10445,6,,,Batista defeats William Regal (w/ Layla ) (0:29),
unpaired,not_aired,2008-10-20,Raw,WWE Monday Night RAW #804,924,10446,7,,,Chris Jericho defeats William Regal (w/ Layla ) (0:06),
unpaired,not_aired,2008-10-20,Raw,WWE Monday Night RAW #804,924,10447,8,,,Mark Henry (w/ Tony Atlas ) defeats Chris Jericho by DQ (1:55),
unpaired,not_aired,2008-10-20,Raw,WWE Monday Night RAW #804,924,10448,9,,,Batista defeats Mark Henry (w/ Tony Atlas ) (0:14),
unpaired,not_aired,2008-10-20,Raw,WWE Monday Night RAW #804,924,10449,10,,,Kane defeats Chris Jericho (4:16),
unpaired,not_aired,2008-10-20,Raw,WWE Monday Night RAW #804,924,10450,11,,,Batista defeats Kane (0:07),
unpaired,not_aired,2008-11-14,SmackDown,WWE Friday Night SmackDown #482,932,10506,2,,,John Morrison & The Miz defeat Festus & Jesse (2:43),
unpaired,not_aired,2008-11-14,SmackDown,WWE Friday Night SmackDown #482,932,10510,6,,,The Bella Twins ( Brie Bella & Nikki Bella ) defeat Natalya & Victoria (3:43),
unpaired,not_aired,2008-11-28,SmackDown,WWE Friday Night SmackDown #484,936,10536,1,,,Edge defeats Kung Fu Naki (1:40),
unpaired,not_aired,2008-11-28,SmackDown,WWE Friday Night SmackDown #484,936,10538,3,,,Hurricane Helms defeats Montel Vontavious Porter (3:50),
unpaired,not_aired,2008-11-28,SmackDown,WWE Friday Night SmackDown #484,936,10541,6,,,The Undertaker defeats The Big Show (16:00),
unpaired,not_aired,2009-01-02,SmackDown,WWE Friday Night SmackDown #489,946,10615,1,,,Triple H defeats John Morrison (4:23),
unpaired,not_aired,2009-01-02,SmackDown,WWE Friday Night SmackDown #489,946,10616,2,,,The Undertaker defeats Shelton Benjamin (12:35),
unpaired,not_aired,2009-01-02,SmackDown,WWE Friday Night SmackDown #489,946,10617,3,,,The Bella Twins ( Brie Bella & Nikki Bella ) defeat Michelle McCool & Victoria (3:24),
unpaired,not_aired,2009-01-02,SmackDown,WWE Friday Night SmackDown #489,946,10618,4,,,Triple H defeats Chavo Guerrero & The Miz (4:18),
unpaired,not_aired,2009-01-02,SmackDown,WWE Friday Night SmackDown #489,946,10620,6,,,The Big Show defeats Triple H (16:25),
unpaired,not_aired,2009-01-16,SmackDown,WWE Friday Night SmackDown #491,949,11406,1,,,The Undertaker defeats Shelton Benjamin (9:18),
unpaired,not_aired,2009-01-16,SmackDown,WWE Friday Night SmackDown #491,949,11407,2,,,The Great Khali (w/ Ranjin Singh ) defeats Chavo Guerrero (1:50),
unpaired,not_aired,2009-01-16,SmackDown,WWE Friday Night SmackDown #491,949,11410,5,,,John Morrison & The Miz defeat Carlito & Primo (12:46),
unpaired,not_aired,2009-01-30,SmackDown,WWE Friday Night SmackDown #493,953,11441,4,,,"John Morrison , The Brian Kendrick & The Miz (w/ Ezekiel Jackson ) defeat Carlito , Primo & R-Truth (5:35)",
unpaired,not_aired,2009-01-30,SmackDown,WWE Friday Night SmackDown #493,953,11442,5,,,Michelle McCool defeats Eve Torres (4:39),
unpaired,not_aired,2009-02-20,SmackDown,WWE Friday Night SmackDown #496,959,11482,1,,,Carlito & Primo (c) defeat John Morrison & The Miz (12:16),
unpaired,not_aired,2009-02-20,SmackDown,WWE Friday Night SmackDown #496,959,11483,2,,,Vladimir Kozlov defeats The Undertaker (12:00),
unpaired,not_aired,2009-02-20,SmackDown,WWE Friday Night SmackDown #496,959,11485,4,,,The Big Show defeats John Cena (20:01),
unpaired,not_aired,2009-03-06,SmackDown,WWE Friday Night SmackDown #498,962,11501,1,,,Edge defeats Kofi Kingston (10:16),
unpaired,not_aired,2009-03-06,SmackDown,WWE Friday Night SmackDown #498,962,11502,2,,,John Morrison & The Miz (c) defeat Carlito & Primo (w/ Brie Bella & Nikki Bella ) (5:58),
unpaired,not_aired,2009-03-06,SmackDown,WWE Friday Night SmackDown #498,962,11505,5,,,Finlay (w/ Hornswoggle ) defeats The Brian Kendrick (w/ Ezekiel Jackson ) (3:13),
unpaired,not_aired,2009-03-06,SmackDown,WWE Friday Night SmackDown #498,962,11506,6,,,The Undertaker defeats Vladimir Kozlov (13:19),
unpaired,not_aired,2009-03-20,SmackDown,WWE Friday Night SmackDown #500,965,11526,2,,,The Big Show defeats Festus & Jesse (2:25),
unpaired,not_aired,2009-03-20,SmackDown,WWE Friday Night SmackDown #500,965,11527,3,,,Rey Mysterio defeats Chavo Guerrero (5:28),
unpaired,not_aired,2009-03-20,SmackDown,WWE Friday Night SmackDown #500,965,11528,4,,,Matt Hardy defeats R-Truth (3:08),
unpaired,not_aired,2009-03-20,SmackDown,WWE Friday Night SmackDown #500,965,11529,5,,,"Brie Bella , Carlito & Primo defeat John Morrison , Nikki Bella & The Miz (2:26)",
unpaired,not_aired,2009-03-20,SmackDown,WWE Friday Night SmackDown #500,965,11530,6,,,Maryse (c) defeats Michelle McCool by DQ (3:00),
unpaired,split,2009-04-05,PPV,"WWE WrestleMania 25 - ""The 25th Anniversary Of WrestleMania""",969,11545,1,,,Carlito & Primo (c) [WWE] defeat John Morrison & The Miz (c) [World] (8:27) - TITLE CHANGE !!!,
unpaired,aired,2009-04-06,Raw,WWE Monday Night RAW #828,970,11557,4,,,"Jillian Hall , Kelly Kelly , Layla , Melina & Mickie James defeat Eve Torres , Gail Kim , Maria , Maryse & Natalya (3:57)",
unpaired,aired,2009-05-29,SmackDown,WWE Friday Night SmackDown #510,987,11678,7,,,Chris Jericho & Edge defeat Jeff Hardy (5:10),
unpaired,split,2009-08-23,PPV,WWE SummerSlam 2009,1014,11868,1,,,Beth Phoenix defeats Alicia Fox and Brie Bella and Eve Torres and Gail Kim and Jillian and Katie Lea Burchill and Kelly Kelly and Layla and Maria and Melina and Mickie James and Natalya and Nikki Bella and Rosa Mendes (6:32),
unpaired,aired,2009-08-28,SmackDown,WWE Friday Night SmackDown #523,1016,11887,6,,,Chris Jericho & The Big Show defeat Cryme Tyme ( JTG & Shad Gaspard ) (2:35),
unpaired,aired,2009-09-14,Raw,WWE Monday Night RAW #851,1022,11930,8,,,"Mark Henry , Montel Vontavious Porter & Trish Stratus defeat Beth Phoenix , Chris Jericho & The Big Show (4:41)",
unpaired,aired,2009-11-02,Raw,WWE Monday Night RAW #858,1038,12024,4,,,"Kofi Kingston , Mark Henry & Montel Vontavious Porter defeat Cody Rhodes , Randy Orton & Ted DiBiase (12:39)",
unpaired,aired,2010-02-19,SmackDown,WWE Friday Night SmackDown #548,1072,12247,2,,,Cryme Tyme ( JTG & Shad ) defeat Caylen Croft & Trent Barreta (4:54),
unpaired,aired,2010-02-19,SmackDown,WWE Friday Night SmackDown #548,1072,12251,6,,,The Undertaker (c) defeats Batista,
unpaired,split,2010-03-28,PPV,"WWE WrestleMania XXVI - ""Get All Fired Up""",1084,12317,1,,,Yoshi Tatsu defeats Carlito and Caylen Croft and Chavo Guerrero and Chris Masters and David Hart Smith and Finlay and Goldust and Jimmy Wang Yang and JTG and Kung Fu Naki and Luke Gallows and Mark Henry and Mike Knox and Primo and Santino Marella and Shad and Slam Master J and The Great Khali and Trent Barreta and Tyler Reks and Tyson Kidd and Vance Archer and Vladimir Kozlov and William Regal and Zack Ryder (8:31),
unpaired,aired,2010-04-05,Raw,WWE Monday Night RAW #880,1087,12340,2,,,Eve Torres defeats Alicia Fox and Brie Bella and Gail Kim and Jillian and Katie Lea and Kelly Kelly and Nikki Bella and Rosa Mendes (2:49),
unpaired,split,2010-04-25,PPV,WWE Extreme Rules 2010,1093,12380,3,,,CM Punk (w/ Luke Gallows & Serena ) defeats Rey Mysterio (15:57),
unpaired,not_aired,2010-07-26,Raw,WWE Monday Night RAW #896,1122,12595,3,,,Sheamus defeats Goldust (2:05),
unpaired,aired,2010-08-16,Raw,WWE Monday Night RAW #899,1128,12641,2,,,Chris Jericho defeats The Great Khali (w/ Ranjin Singh ) (3:55),
unpaired,not_aired,2010-08-16,Raw,WWE Monday Night RAW #899,1128,12644,5,,,Santino Marella & Vladimir Kozlov defeat The Usos ( Jey Uso & Jimmy Uso ) (w/ Tamina ) (3:05),
unpaired,not_aired,2010-08-16,Raw,WWE Monday Night RAW #899,1128,12646,7,,,Sheamus (c) defeats Zack Ryder (0:10),
unpaired,not_aired,2010-09-20,Raw,WWE Monday Night RAW #904,1138,12718,3,,,The Great Khali (w/ Ranjin Singh ) defeats Sheamus by DQ (1:09),
unpaired,aired,2010-09-20,Raw,WWE Monday Night RAW #904,1138,12722,7,,,Chris Jericho vs. Randy Orton - No Contest (13:17),
unpaired,not_aired,2010-10-15,SmackDown,WWE Friday Night SmackDown #582,1145,12770,1,,,Chavo Guerrero defeats Caylen Croft,
unpaired,aired,2010-10-15,SmackDown,WWE Friday Night SmackDown #582,1145,12775,6,,,Kaval vs. The Big Show - Time Limit Draw (5:00),
unpaired,aired,2011-01-10,Raw,WWE Monday Night RAW #920,1173,12983,1,,,Alberto Del Rio defeats R-Truth by Count Out (1:45),
unpaired,aired,2011-01-24,Raw,WWE Monday Night RAW #922,1177,13016,6,,,"Alicia Fox , Maryse & Ted DiBiase defeat Daniel Bryan & The Bella Twins ( Brie Bella & Nikki Bella ) (1:00)",
unpaired,split,2011-01-30,PPV,WWE Royal Rumble 2011,1179,13026,1,,,R-Truth defeats Curt Hawkins,
unpaired,aired,2011-02-28,Raw,WWE Monday Night RAW #927,1189,13096,4,,,Nikki Bella defeats Alicia Fox and Brie Bella and Gail Kim and Maryse and Melina and Natalya and Tamina (2:02),
unpaired,aired,2011-03-18,SmackDown,WWE Friday Night SmackDown #604,1194,13134,6,,,Kane & The Big Show defeat Heath Slater & Justin Gabriel (c) by DQ (3:13),
unpaired,aired,2011-03-21,Raw,WWE Monday Night RAW #930,1195,13144,6,,,"Dolph Ziggler , LayCool ( Layla & Michelle McCool ) & Vickie Guerrero defeat John Morrison & Trish Stratus (4:13)",
unpaired,split,2011-04-03,PPV,"WWE WrestleMania XXVII - ""The Biggest WrestleMania Ever""",1199,13163,1,,,Sheamus (c) vs. Daniel Bryan - No Contest (4:24),
unpaired,split,2011-04-03,PPV,"WWE WrestleMania XXVII - ""The Biggest WrestleMania Ever""",1199,13164,2,,,The Great Khali defeats Chavo Guerrero and Chris Masters and Curt Hawkins and Daniel Bryan and David Hart Smith and Drew McIntyre and Evan Bourne and Jey Uso and Jimmy Uso and Johnny Curtis and JTG and Mark Henry and Primo and R-Truth and Sheamus and Ted DiBiase and Trent Barreta and Tyler Reks and William Regal and Yoshi Tatsu and Zack Ryder (8:26),
unpaired,aired,2011-04-11,Raw,WWE Monday Night RAW #933,1202,13186,3,,,Sin Cara defeats Primo (4:30),
unpaired,not_aired,2011-05-20,SmackDown,WWE Friday Night SmackDown #613,1214,13264,1,,,AJ defeats Rosa Mendes,
unpaired,aired,2011-05-20,SmackDown,WWE Friday Night SmackDown #613,1214,13268,5,,,Chavo Guerrero vs. Daniel Bryan - Time Limit Draw (5:00),
unpaired,aired,2011-05-20,SmackDown,WWE Friday Night SmackDown #613,1214,13272,9,,,Randy Orton (c) vs. Christian - No Contest,
unpaired,split,2011-06-19,PPV,WWE Capitol Punishment,1224,13341,3,,,Alex Riley defeats The Miz (9:15),
unpaired,not_aired,2011-06-27,Raw,WWE Monday Night RAW #944 - RAW Roulette 2011,1227,13371,2,,,David Otunga & Michael McGillicutty defeat Santino Marella & Vladimir Kozlov (4:15),
unpaired,not_aired,2011-06-27,Raw,WWE Monday Night RAW #944 - RAW Roulette 2011,1227,13372,3,,,Jack Swagger defeats Sgt. Slaughter (1:08),
unpaired,aired,2011-08-05,SmackDown,WWE Friday Night SmackDown #624,1238,13451,6,,,Mark Henry defeats Vladimir Kozlov (1:15),
unpaired,aired,2011-08-26,SmackDown,WWE Friday Night SmackDown #627,1245,13500,4,,,Sin Cara defeats Heath Slater (1:40),
unpaired,aired,2011-09-19,Raw,WWE Monday Night RAW #956,1253,13557,3,,,Alberto Del Rio defeats John Morrison (0:49),
unpaired,aired,2011-10-31,Raw,WWE Monday Night RAW #962,1267,13666,3,,,Eve Torres defeats AJ and Aksana and Alicia Fox and Brie Bella and Kaitlyn and Kelly Kelly and Natalya and Nikki Bella and Rosa Mendes and Tamina (2:45),
unpaired,aired,2011-11-18,SmackDown,WWE Friday Night SmackDown #639,1272,13710,5,,,Kofi Kingston defeats Hunico (5:02),
unpaired,aired,2012-04-09,Raw,WWE Monday Night RAW #985,1318,14051,6,,,Alberto Del Rio (w/ Ricardo Rodriguez ) defeats Zack Ryder (1:25),
unpaired,aired,2012-06-04,Raw,WWE Monday Night RAW #993,1336,14203,3,,,Sin Cara defeats Hunico (w/ Camacho ) (2:30),
unpaired,aired,2012-06-08,SmackDown,WWE Friday Night SmackDown #668,1337,14212,3,,,Brodus Clay defeats Derrick Bateman (1:06),
unpaired,split,2012-06-17,PPV,WWE No Way Out 2012,1340,14242,6,,,Sin Cara defeats Hunico (w/ Camacho ) (5:47),
unpaired,aired,2012-07-27,SmackDown,WWE Friday Night SmackDown #675,1353,14337,2,,,The Miz (c) defeats Christian (13:36),
unpaired,aired,2012-07-27,SmackDown,WWE Friday Night SmackDown #675,1353,14338,3,,,Ryback defeats Jinder Mahal by Count Out (3:00),
unpaired,aired,2012-07-27,SmackDown,WWE Friday Night SmackDown #675,1353,14339,4,,,Sheamus defeats Cody Rhodes (13:28),
unpaired,aired,2012-07-27,SmackDown,WWE Friday Night SmackDown #675,1353,14340,5,,,Antonio Cesaro defeats Santino Marella (2:03),
unpaired,aired,2012-07-27,SmackDown,WWE Friday Night SmackDown #675,1353,14341,6,,,Damien Sandow defeats Yoshi Tatsu (1:16),
unpaired,aired,2012-09-28,SmackDown,WWE Friday Night SmackDown #684,1373,14502,4,,,Wade Barrett defeats Zack Ryder (3:15),
unpaired,aired,2012-10-01,Raw,WWE Monday Night RAW #1010,1374,14508,2,,,Antonio Cesaro defeats Brodus Clay (w/ Cameron & Naomi ) (1:07),
unpaired,aired,2012-10-05,SmackDown,WWE Friday Night SmackDown #685,1375,14516,1,,,The Prime Time Players ( Darren Young & Titus O'Neil ) defeat Kofi Kingston & R-Truth (4:17),
unpaired,aired,2012-10-05,SmackDown,WWE Friday Night SmackDown #685,1375,14517,2,,,Ryback defeats Primo (w/ Epico & Rosa Mendes ) (2:51),
unpaired,aired,2012-10-05,SmackDown,WWE Friday Night SmackDown #685,1375,14518,3,,,Layla defeats Alicia Fox (3:45),
unpaired,not_aired,2012-10-05,SmackDown,WWE Friday Night SmackDown #685,1375,14519,4,,,Wade Barrett defeats Brandon Groom (1:39),
unpaired,aired,2012-10-05,SmackDown,WWE Friday Night SmackDown #685,1375,14520,5,,,The Miz defeats Sheamus by DQ (7:26),
unpaired,aired,2012-10-05,SmackDown,WWE Friday Night SmackDown #685,1375,14522,7,,,Tensai defeats The Big Show by DQ (2:10),
unpaired,aired,2012-11-26,Raw,WWE Monday Night RAW #1018,1392,14652,4,,,Kofi Kingston defeats Tensai (3:30),
unpaired,aired,2012-12-03,Raw,WWE Monday Night RAW #1019,1394,14671,6,,,Randy Orton defeats Brad Maddox (1:15),
unpaired,aired,2012-12-10,Raw,WWE Monday Night RAW #1020,1396,14680,3,,,Eve Torres defeats Alicia Fox (2:30),
unpaired,aired,2012-12-17,Raw,WWE Monday Night RAW #1021,1399,14709,9,,,Ryback defeats Antonio Cesaro by Count Out (2:36),
unpaired,aired,2013-01-07,Raw,WWE Monday Night RAW #1024,1405,15615,2,,,Kaitlyn defeats Eve Torres (c) by Count Out (4:40),
unpaired,aired,2013-01-07,Raw,WWE Monday Night RAW #1024,1405,15617,4,,,Randy Orton defeats Heath Slater (w/ Drew McIntyre & Jinder Mahal ) (4:30),
unpaired,aired,2013-01-14,Raw,WWE Monday Night RAW #1025,1407,15632,5,,,"3MB ( Drew McIntyre , Heath Slater & Jinder Mahal ) defeat Sheamus (3:20)",
unpaired,aired,2013-03-11,Raw,WWE Monday Night RAW #1033,1425,15765,10,,,Kane defeats CM Punk (12:00),
unpaired,aired,2013-04-22,Raw,WWE Monday Night RAW #1039,1438,15855,7,,,"The Shield ( Dean Ambrose , Roman Reigns & Seth Rollins ) defeat Team Hell No ( Daniel Bryan & Kane ) & The Undertaker (19:07)",
unpaired,aired,2013-07-22,Raw,WWE Monday Night RAW #1052,1467,16068,6,,,Daniel Bryan defeats Jack Swagger (w/ Antonio Cesaro & Zeb Colter ) (2:56),
unpaired,aired,2013-07-22,Raw,WWE Monday Night RAW #1052,1467,16069,7,,,Daniel Bryan defeats Antonio Cesaro (w/ Jack Swagger & Zeb Colter ) (19:07),
unpaired,aired,2013-07-22,Raw,WWE Monday Night RAW #1052,1467,16070,8,,,Daniel Bryan defeats Ryback by DQ (9:13),
unpaired,not_aired,2013-07-22,Raw,WWE Monday Night RAW #1052,1467,16071,9,,,"Daniel Bryan , John Cena & Mark Henry defeat The Shield ( Dean Ambrose , Roman Reigns & Seth Rollins ) by DQ",
unpaired,aired,2013-08-05,Raw,WWE Monday Night RAW #1054,1471,16096,2,,,Mark Henry defeats Ryback by Count Out (1:45),
unpaired,aired,2013-08-05,Raw,WWE Monday Night RAW #1054,1471,16103,9,,,Big E. Langston (w/ AJ Lee ) defeats Dolph Ziggler (4:20),
unpaired,aired,2013-08-19,Raw,WWE Monday Night RAW #1056,1476,16132,2,,,The Funkadactyls ( Cameron & Naomi ) defeat AJ Lee & Layla (2:15),
unpaired,aired,2013-09-27,SmackDown,WWE Friday Night SmackDown #736,1488,16225,5,,,"The Shield ( Dean Ambrose , Roman Reigns & Seth Rollins ) defeat Dolph Ziggler , Kofi Kingston & Rob Van Dam (w/ Ricardo Rodriguez ) (11:23)",
unpaired,aired,2013-09-27,SmackDown,WWE Friday Night SmackDown #736,1488,16229,9,,,Randy Orton defeats The Miz (3:01),
unresolved_name,split,2001-08-13,Raw,WWF RAW is WAR #429,195,1215,3,Shawn O'Haire,,Kane & The Undertaker (w/ Sara ) (c) defeat Chuck Palumbo & Sean O'Haire (4:17),WCW Tag Team Champions the Undertaker & Kane defeated Shawn O'Haire & Chuck Palumbo in a steel cage match at 4:13 with a double pin after sending their bloody opponents into the steel fence
unresolved_name,split,2002-07-08,Raw,WWE RAW #476,256,1785,3,Chris Nowinski,,Bradshaw & Trish Stratus defeat Christopher Nowinski & Jackie Gayda (3:15),WWE Hardcore Champion Bradshaw & Trish Stratus defeated Chris Nowinski & Jackie Gayda when Trish pinned Gayda with a bulldog off the top
unresolved_name,split,2002-10-03,SmackDown,Thursday Night SmackDown,92,569,5,Farooq,,WWE Tag Team Title Tournament First Round Match: D-Von & Ron Simmons defeated Billy & Chuck (4:07),Smackdown! Tag Team Title Tournament Quarter Finals : Farooq & D-Von Dudley defeated Billy Gunn & Chuck Palumbo when D-Von pinned Gunn following a spinebuster from Farooq
unresolved_name,split,2002-10-28,Raw,WWE RAW #492,276,1922,3,Spike Dudley,,Chris Jericho & Christian (c) defeat Bubba Ray Dudley & Jeff Hardy (15:44),WWE Raw Tag Team Champions Chris Jericho & Christian fought Bubba Ray & Spike Dudley to a no contest when Rosey & Jamal attacked the Dudleyz from behind before the match began
unresolved_name,split,2002-11-28,SmackDown,Thursday Night SmackDown,100,609,3,WWE Smackdown! Eddie,,Los Guerreros ( Chavo Guerrero & Eddie Guerrero ) (c) defeated Chris Benoit & Kurt Angle to retain the WWE Tag Team Championship (17:30),WWE Smackdown! Tag Team Champions Eddie & Chavo Guerrero Jr. defeated Kurt Angle & Chris Benoit after Benoit was hit with one of the title belts
unresolved_name,split,2002-12-12,SmackDown,Thursday Night SmackDown,102,619,3,WWE Smackdown! Eddie,,Los Guerreros ( Chavo & Eddie Guerrero ) (c) defeated Billy Kidman & Chris Benoit to retain the WWE Tag Team Championship (15:14),WWE Smackdown! Tag Team Champions Eddie & Chavo Guerrero Jr. defeated Chris Benoit & Billy Kidman when Eddie pinned Kidman with a roll up after the challenger failed the Shooting Star Press
unresolved_name,split,2002-12-26,SmackDown,WWE SmackDown #176,287,1998,2,WWE Smackdown! Eddie,,Los Guerreros ( Chavo Guerrero & Eddie Guerrero ) (c) defeat Billy Kidman & Edge (15:46),"WWE Smackdown! Tag Team Champions Eddie & Chavo Guerrero Jr. defeated Edge & WWE Cruiserweight Champion Billy Kidman when Eddie pinned Kidman with the frogsplash after Albert interfered and hit the backbreaker on Edge; earlier in the contest, the champions attempted to walk out on the match and get themselves counted-out, however the referee ordered them to return to the ring by the 10-count or they would not only lose the match – they would also lose their titles"
unresolved_name,split,2003-01-16,SmackDown,Thursday Night SmackDown,107,647,1,WWE Smackdown! Eddie,,WWE Tag Team Title Match: Los Guerreros ( Chavo Guerrero & Eddie Guerrero ) (c) defeated B² & John Cena (5:03),"WWE Smackdown! Tag Team Champions Eddie & Chavo Guerrero Jr. defeated John Cena & Bull Buchanon at 5:03 when Chavo pinned Buchanon with a frog splash; prior to the bout, a pre-taped backstage promo by the Guerreros showed them discussing their chances in the Royal Rumble match; after the bout, Cena and Buchanon argued before Cena and Red Dogg, who was sitting in the front row, attacked Buchanon and rammed him shoulder-first into the steel ring post before Red Dogg applied an armbar on the floor (Red Dogg's TV debut)"
unresolved_name,split,2003-01-16,SmackDown,Thursday Night SmackDown,107,647,1,Bull Buchanon,,WWE Tag Team Title Match: Los Guerreros ( Chavo Guerrero & Eddie Guerrero ) (c) defeated B² & John Cena (5:03),"WWE Smackdown! Tag Team Champions Eddie & Chavo Guerrero Jr. defeated John Cena & Bull Buchanon at 5:03 when Chavo pinned Buchanon with a frog splash; prior to the bout, a pre-taped backstage promo by the Guerreros showed them discussing their chances in the Royal Rumble match; after the bout, Cena and Buchanon argued before Cena and Red Dogg, who was sitting in the front row, attacked Buchanon and rammed him shoulder-first into the steel ring post before Red Dogg applied an armbar on the floor (Red Dogg's TV debut)"
unresolved_name,split,2003-01-16,SmackDown,Thursday Night SmackDown,107,650,4,Albert in 37 seconds,,Tag Team Match: Brock Lesnar & Rey Mysterio defeated The A-Train & Big Show (w/ Paul Heyman ) (0:37),Brock Lesnar & Rey Mysterio Jr. (mystery partner) defeated the Big Show & Albert (w/ Paul Heyman) in 37 seconds after Rey hit the 619 on Albert (Mysterio's return match from surgery)
unresolved_name,split,2003-02-06,SmackDown,Thursday Night SmackDown,110,2067,4,WWE Smackdown! Eddie,,Team Angle ( Charlie Haas & Shelton Benjamin ) (w/ Paul Heyman ) defeat Los Guerreros ( Chavo Guerrero & Eddie Guerrero ) (c) (15:36) - TITLE CHANGE !!!,"Shelton Benjamin & Charlie Haas (w/ Paul Heyman) defeated WWE Smackdown! Tag Team Champions Eddie & Chavo Guerrero Jr. to win the titles when Haas pinned Eddie with a side roll after Eddie hit the frogsplash on Benjamin, the illegal man in the ring"
unresolved_name,split,2003-10-23,SmackDown,Thursday Night SmackDown,147,2576,3,WWE Smackdown! Eddie,,The Basham Brothers ( Danny Basham & Doug Basham ) (w/ Shaniqua ) defeat Los Guerreros ( Chavo Guerrero & Eddie Guerrero ) (c) (7:55) - TITLE CHANGE !!!,"Doug & Danny Basham (w/ Shaniqua) (sub. for Shelton Benjamin & Charlie Haas) defeated WWE Smackdown! Tag Team Champions Eddie & Chavo Guerrero Jr. to win the titles at 7:55 when Danny pinned Eddie after switching places with Doug and hitting Eddie in the face with Shaniqua's nightstick; after the match, the new champions had a ringside interview while Chavo argued with Eddie over the loss, before leaving his tag team partner alone in the ring"
unresolved_name,split,2004-01-22,SmackDown,WWE SmackDown #232,362,3929,6,Sr,,Chavo Guerrero & Chavo Guerrero Sr. defeat Eddie Guerrero & Kurt Angle (9:01),Chavo Guerrero Jr. & Sr. defeated Eddie Guerrero & Kurt Angle when Chavo Jr. pinned Eddie with a frog splash after Angle accidentally hit the Olympic Slam on his partner
unresolved_name,split,2004-12-02,SmackDown,WWE SmackDown #277 (WWE Tough Enough #4.07),465,4469,1,Hiroku,,"Rey Mysterio , Rob Van Dam & Torrie Wilson defeat Hiroko , Kenzo Suzuki & Rene Dupree (3:29)","Rey Mysterio Jr., Rob Van Dam, & Torrie Wilson defeated Hiroku, WWE Smackdown! Tag Team Champions Kenzo Suzuki & Rene Dupree at 3:29 when RVD pinned Dupree with the Five Star Frog Splash"
unresolved_name,split,2004-12-12,PPV,WWE Armageddon 2004,467,4484,1,WWE Smackdown! Rob Van Dam,,Rey Mysterio & Rob Van Dam (c) defeat Kenzo Suzuki & Rene Dupree (w/ Hiroko ) (17:11),WWE Smackdown! Tag Team Champions Rob Van Dam & Rey Mysterio Jr. defeated Kenzo Suzuki & Rene Dupree at 17:13 when RVD pinned Dupree with the Five Star Frog Splash after a 619 from Mysterio; Hiroku was in the challengers' corner early on but was chased backstage by Torrie Wilson at the 8-minute mark
unresolved_name,split,2004-12-16,SmackDown,WWE SmackDown #279 (WWE Tough Enough #4.09),469,4495,1,WWE Smackdown! Rob Van Dam,,Rey Mysterio & Rob Van Dam defeat Akio & Billy Kidman (4:08),WWE Smackdown! Tag Team Champions Rob Van Dam & Rey Mysterio Jr. defeated Billy Kidman & Akio at 4:16
unresolved_name,split,2004-12-30,SmackDown,WWE SmackDown #281,473,4521,5,WWE Smackdown! Rob Van Dam,,Rey Mysterio & Rob Van Dam (c) defeat Booker T & Eddie Guerrero (21:30),WWE Smackdown! Tag Team Champions Rob Van Dam & Rey Mysterio Jr. defeated Eddie Guerrero & Booker T at 21:30 when Mysterio pinned Guerrero with a roll up out of the corner moments after Guerrero tried to convince the referee that Mysterio hit him with one of the title belts but was then caught in the lie when the referee saw him conscious as Eddie pretended to be knocked out
unresolved_name,split,2005-01-13,SmackDown,WWE SmackDown #283,479,7597,1,WWE Smackdown! Rob Van Dam,,The Basham Brothers ( Danny Basham & Doug Basham ) defeat Booker T & Eddie Guerrero and Luther Reigns & Mark Jindrak and Rey Mysterio & Rob Van Dam (c) (19:02) - TITLE CHANGE !!!,"Doug & Danny Basham defeated WWE Smackdown! Tag Team Champions Rob Van Dam & Rey Mysterio Jr., Eddie Guerrero & Booker T, and Mark Jindrak & Luther Reigns in an elimination match to win the titles at 19:02; Doug Basham pinned Jindrak at 5:19 after Mysterio hit the 619 behind the referee's back and Guerrero dragged Basham on top of Jindrak; Mysterio pinned Guerrero with a springboard West Coast Pop at 13:11; after the elimination, Doug slammed the steel ring steps against RVD's already injured knee, with RVD being taken backstage on a stretcher at the 17-minute mark; Danny pinned Mysterio with a double choke sit-down powerbomb after switching places with Doug; after the bout, John Bradshaw Layfield, Orlando Jordan, and Amy Weber came out to celebrate the victory"
unresolved_name,split,2005-07-14,SmackDown,WWE SmackDown #309,538,7898,1,Psychosis,,"The Mexicools ( Juventud , Psicosis & Super Crazy ) defeat Funaki , Paul London & Scotty 2 Hotty (5:45)","Juventud Guerrera, Super Crazy, & Psychosis defeated WWE Cruiserweight Champion Paul London, Scotty 2 Hotty, & Sho Funaki at 5:43 when Guerrera pinned London with the 450 splash"
unresolved_name,split,2005-07-24,PPV,WWE The Great American Bash 2005,541,7915,5,Psychosis,,"The Mexicools ( Juventud , Psicosis & Super Crazy ) defeat The Blue World Order ( Nova , Stevie Richards & The Blue Meanie ) (4:55)","Juventud Guerrera, Super Crazy, & Psychosis defeated Stevie Richards, the Blue Meanie, & Nova at 4:54 when Psychosis pinned Richards with a legdrop off the top after Richards missed a charge in the corner and crotched himself with Super Crazy then hitting a springboard moonsault; prior to the bout, the bWo came out on Power Wheels to mock the Mexicools coming out on riding lawnmowers"
unresolved_name,split,2005-08-04,SmackDown,WWE SmackDown #312,545,7934,2,Damien ?,,Heidenreich & Road Warrior Animal (c) defeat Damian Adams & Josh Daniels (1:20),WWE Smackdown! Tag Team Champions Road Warrior Animal & John Heidenreich defeated Josh Daniels & Damien ? in a non-title match at 1:23 when Heidenreich scored the pin following the Doomsday Device (Heidenreich's debut in the LOD face paint)
unresolved_name,split,2005-08-11,SmackDown,WWE SmackDown #313,547,7946,4,Psychosis,,The Mexicools ( Psicosis & Super Crazy ) (w/ Juventud ) defeat Scotty 2 Hotty & William Regal (3:20),Psychosis & Super Crazy (w/ Juventud Guerrera) defeated William Regal & Scotty 2 Hotty at 3:44 when Psychosis pinned Scotty with the legdrop off the top moments after Regal walked out of the match; Scotty worked the entire match by himself
unresolved_name,split,2005-08-25,SmackDown,WWE SmackDown #315,552,7976,4,Psychosis,,The Mexicools ( Psicosis & Super Crazy ) (w/ Juventud ) defeat Booker T & Christian (w/ Sharmell ),"Psychosis & Super Crazy defeated Christian & Booker T (w/ Sharmell) at 5:38 when Psychosis pinned Booker following a double back suplex; late in the contest, Christian walked out on his partner"
unresolved_name,split,2005-09-23,SmackDown,WWE Friday Night SmackDown #319,561,8030,2,Anthony Galetty,,The Legion Of Doom ( Heidenreich & Road Warrior Animal ) defeat Anthony Colletti & Jared Steele (1:01),WWE Smackdown! Tag Team Champions Road Warrior Animal & John Heidenreich defeated Jarod Steele & Anthony Galetty in a non-title match at 1:10 when Animal pinned Galetty following the Doomsday Device
unresolved_name,split,2005-10-28,SmackDown,WWE Friday Night SmackDown #324,572,8094,3,Psychosis,,MNM ( Mercury & Nitro ) (w/ Melina ) defeat The Legion Of Doom ( Heidenreich & Road Warrior Animal ) (c) and The Mexicools ( Psicosis & Super Crazy ) (w/ Juventud ) and Paul Burchill & William Regal (11:45) - TITLE CHANGE !!!,"Johnny Nitro & Joey Mercury (w/ Melina) defeated WWE Smackdown! Tag Team Champions Road Warrior Animal & John Heidenreich, William Regal & Paul Birchill, and Super Crazy & Psychosis (w/ WWE Cruiserweight Champion Juventud Guerrera) to win the titles at 11:45 when Mercury pinned Heidenreich following the Snapshot after Chad & James Dick interfered and fought with Animal after preventing the Doomsday Device"
unresolved_name,split,2005-12-18,PPV,WWE Armageddon 2005,590,8205,2,Psychosis,,MNM ( Mercury & Nitro ) (w/ Melina ) defeat The Mexicools ( Psicosis & Super Crazy ) (8:50),Johnny Nitro & Joey Mercury (w/ Melina) defeated Super Crazy & Psychosis at 8:56 when Mercury pinned Crazy following the Snapshot
unresolved_name,split,2005-12-30,SmackDown,WWE Friday Night SmackDown #333,593,8218,2,Psychosis,,The Mexicools ( Psicosis & Super Crazy ) defeat The Dicks ( Chad Dick & James Dick ) (3:55),Super Crazy & Psychosis defeated Chad & James Dick at 4:55 when Crazy pinned Chad with the moonsault after Psychosis hit a missile dropkick as Crazy thew Chad in the air
unresolved_name,split,2006-01-06,SmackDown,WWE Friday Night SmackDown #334,595,8228,2,Rob Trusky,,"Mark Henry (w/ Melina ) defeats Gus Harlacher , Jon Troske & Rob Eckos (2:40)","Mark Henry (w/ Melina) defeated Rob Eckos, Rob Trusky, & Gus Harlatcher in an elimination match at 2:41; Trusky submitted to a Torture Rack backbreaker at the 47-second mark; Harlatcher was pinned after a facebuster at 1:42; Ekos was pinned with a standing powerslam; after the bout, Michael Cole interviewed Melina & Henry in the ring with Melina saying Henry was there for her protection"
unresolved_name,split,2006-01-23,Raw,WWE Monday Night RAW #661,601,8259,2,Ashely,,Ashley & Trish Stratus defeat Candice Michelle & Victoria (w/ Torrie Wilson ) (2:30),"WWE Women's Champion Trish Stratus & Ashely defeated Victoria & Candice Michelle (w/ Torrie Wilson) at 4:05 when Ashley pinned Victoria with a crossbody off the top; after the bout, Mickie James jumped in the ring and attacked Ashley"
unresolved_name,split,2006-01-27,SmackDown,WWE Friday Night SmackDown #337,602,8265,2,Psychosis,,The Mexicools ( Psicosis & Super Crazy ) defeat Nunzio & Vito and The Dicks ( Chad Dick & James Dick ) (4:47),Royal Rumble Qualifying Match : Super Crazy & Psychosis defeated James & Chad Dick and Nunzio & Vito when Crazy pinned Nunzio following a wheelbarrow / facebuster double team at around 6:10 (the bout began during the commercial break)
unresolved_name,split,2006-02-03,SmackDown,WWE Friday Night SmackDown #338,605,8282,1,Psychosis,,MNM ( Mercury & Nitro ) (w/ Melina ) (c) defeat The Mexicools ( Psicosis & Super Crazy ) (10:12),WWE Smackdown! Tag Team Champions Johnny Nitro & Joey Mercury (w/ Melina) defeated Super Crazy & Psychosis at 10:13 when Mercury pinned Crazy after Melina hit Crazy in the head with her boot as he attempted the moonsault off the top
unresolved_name,split,2006-02-10,SmackDown,WWE Friday Night SmackDown #339,607,8297,4,Tsuki,,Mascarita Sagrada & Tzuki vs. Octagoncito & Pequeno Violencia - No Contest (2:37),"Octagoncito & Pequeno Violencia fought Mascarita Sagrada & Tsuki to a no contest at 2:37 when Finlay came out and assaulted several of the participants and dropped Tsuki with the Emerald Fusion; after the bout, Finlay cut a promo saying he came to fight and didn't care about how big or small everyone else was"
unresolved_name,split,2006-02-19,PPV,WWE No Way Out 2006,610,8312,1,Psychosis,,Gregory Helms (c) defeats Brian Kendrick and Funaki and Kid Kash and Nunzio and Paul London and Psicosis and Scotty 2 Hotty and Super Crazy (9:42),"WWE Cruiserweight Champion Gregory Helms defeated Scotty 2 Hotty, Psychosis, Nunzio, Super Crazy, Brian Kendrick, Paul London, and Kid Kash by pinning Psychosis at 9:42 after Psychosis sustained the brainbuster from Kash and a moonsault from Crazy, as Kash covered Psychosis"
unresolved_name,split,2006-03-31,SmackDown,WWE Friday Night SmackDown #346,622,8384,5,Psychosis,,The Mexicools ( Psicosis & Super Crazy ) defeat Jamie Noble & Kid Kash (4:58),Super Crazy & Psychosis defeated Kid Kash & Jamie Noble at 4:58 when Crazy pinned Kash with a back flip uranage off the top
unresolved_name,split,2006-04-10,Raw,WWE Monday Night RAW #672,626,8411,2,Mikey,,"The Spirit Squad ( Johnny & Nicky ) (w/ Kenny , Mikey & Mitch ) (c) defeat Kane & The Big Show by DQ (13:22)","WWE Raw Tag Team Champions Johnny & Mikey (w/ Mitch, Kenny, & Nicky) defeated Kane & the Big Show via disqualification at 13:22 when Kane threw a number of steel chairs into the ring, chokeslammed his opponents and the referee; prior to the bout, Kane was shown in a hallway backstage seemingly in pain and the audience could hear him thinking – “It's happening again Kane. May 19th. You can't stop it. You can't control it.” ; during the match, it was announced that by executive edict any two members of the Spirit Squad could defend the championship; after the contest, Show confronted Kane in the ring and told him to calm down and that he was out of his mind; Kane then put a choke on Show and after a brief struggle was successful in hitting a chokeslam on his tag team partner"
unresolved_name,split,2006-04-14,SmackDown,WWE Friday Night SmackDown #348,627,8419,5,Psychosis,,The Gymini ( Jake & Jesse ) (w/ Simon Dean ) defeat The Mexicools ( Psicosis & Super Crazy ) (2:55),The Gymini (w/ Simon Dean) defeated Super Crazy & Psychosis at 2:55 when Crazy was pinned following a modified overhead belly to belly suplex after the Gymini switched places in the ring
unresolved_name,split,2006-05-12,SmackDown,WWE Friday Night SmackDown #352,636,8471,2,Mike Wellington,,The Gymini ( Jake & Jesse ) (w/ Simon Dean ) defeat Joey Ryan & Tom Wellington (3:15),The Gymini defeated Joey Ryan & Mike Wellington at 3:19 when Ryan was pinned following a double throw into the air
unresolved_name,split,2006-06-16,SmackDown,WWE Friday Night SmackDown #357,648,8544,3,Psychosis,,The Great Khali (w/ Daivari ) defeats The Mexicools ( Psicosis & Super Crazy ) (2:03),"The Great Khali (w/ Daivari) defeated Super Crazy & Psychosis in a handicap match at 2:03 by pinning Crazy with one foot on his chest following a double choke throw; late in the bout, Psychosis slid in the ring with a steel chair but opted not to use it and ran into the aisle without making the save for his partner"
unresolved_name,split,2006-06-23,SmackDown,WWE Friday Night SmackDown #358,650,8556,2,Psychosis,,Brian Kendrick & Paul London (c) defeat The Mexicools ( Psicosis & Super Crazy ) (6:24),"WWE Smackdown! Tag Team Champions Paul London & Brian Kendrick defeated Super Crazy & Psychosis at 6:25 when Kendrick pinned Psychosis after avoiding a somersault legdrop off the top, when Psychosis tagged himself into the match as Crazy prepared to finish Kendrick off; after the bout, Crazy and Psychosis briefly brawled in the ring before Crazy left ringside"
unresolved_name,split,2006-07-17,Raw,WWE Monday Night RAW #686,658,8609,3,Jared Steel,,The Highlanders ( Robbie McAllister & Rory McAllister ) defeat Rod Steele & Russell Simpson (1:47),"Robbie & Rory McAllister defeated Jared Steel & Russell Simpson at 1:49 when Rory scored the pin following the Scot Drop; after the bout, the Highlanders cut an in-ring promo challenging the Spirit Squad for the tag team championship"
unresolved_name,split,2007-02-18,PPV,WWE No Way Out 2007,729,9102,4,his midget,,Finlay & Little Bastard defeat Little Boogeyman & The Boogeyman (6:54),Finlay & his midget defeated the Boogeyman & Little Boogeyman at 6:46 when Finlay pinned Little Boogeyman after hitting him with the shillelagh
unresolved_name,split,2007-02-23,SmackDown,WWE Friday Night SmackDown #392,731,9116,4,Lil Bastard,,Finlay & Little Bastard defeat Little Boogeyman & The Boogeyman (2:46),Finlay & Lil Bastard defeated the Boogeyman & Little Boogeyman at around the 4-minute mark when Bastard pinned Boogeyman with a DDT after Finlay hit Boogeyman with his shillalagh (the bout began during the commercial break)
unresolved_name,split,2007-09-16,PPV,WWE Unforgiven 2007,796,9540,3,WWE Smackdown! MVP,,Matt Hardy & Montel Vontavious Porter (c) defeat Deuce & Domino (w/ Cherry ) (9:20),"WWE Smackdown! Tag Team Champions – WWE US Champion MVP & Matt Hardy defeated Duece & Domimo (w/ Cherry) at 9:19 when Hardy pinned Deuce with the Twist of Fate; after the bout, Hardy celebrated with both tag team title belts and the US belt before eventually dropping the US belt at MVP's feet"
unresolved_name,split,2007-09-21,SmackDown,WWE Friday Night SmackDown #422,798,9554,2,WWE Smackdown! MVP,,Deuce & Domino (w/ Cherry ) defeat Matt Hardy & Montel Vontavious Porter (9:45),"Deuce & Domino (w/ Cherry) defeated WWE Smackdown! Tag Team Champions – WWE US Champion MVP & Matt Hardy in a non-title match at 9:58 when Domino pinned Hardy with a roll up after the champions began arguing with one another; after the bout, MVP and Hardy continued to argue until MVP left ringside"
unresolved_name,split,2007-10-05,SmackDown,WWE Friday Night SmackDown #424,802,9578,4,WWE Smackdown! MVP,,Matt Hardy & Montel Vontavious Porter (c) defeat Deuce & Domino (w/ Cherry ) (18:57),"WWE Smackdown! Tag Team Champions – WWE US Champion MVP & Matt Hardy defeated Deuce & Domino (w/ Cherry) at 18:57 when Hardy pinned Domino with the Twist of Fate after MVP hit a low blow on Domino from behind as Domino attempted to use his pants belt on Hardy; prior to the bout, MVP challenged Hardy to a push-up contest, which MVP won after pulling Hardy's arm out from under him and Hardy's chest hit the mat; after the bout, Kane walked past the champions in the aisle for his scheduled match as MVP & Hardy made their way backstage"
unresolved_name,split,2007-10-12,SmackDown,WWE Friday Night SmackDown #425,805,9601,4,WWE Smackdown! MVP,,Kane & The Undertaker defeat Matt Hardy & Montel Vontavious Porter (14:13),The Undertaker & Kane defeated WWE Smackdown! Tag Team Champions – WWE US Champion MVP & Matt Hardy in a non-title match at 14:47 when Taker pinned MVP with the tombstone
unresolved_name,split,2007-10-26,SmackDown,WWE Friday Night SmackDown #427,809,9632,3,WWE Smackdown! MVP,,Matt Hardy & Montel Vontavious Porter (c) defeat Finlay & Rey Mysterio (17:20),"WWE Smackdown! Tag Team Champions – WWE US Champion MVP & Matt Hardy defeated Rey Mysterio Jr. & Finlay in a non-title match at 17:25 when MVP pinned Mysterio with the Playmaker after Finlay hit Mysterio with his shallalagh; during the bout, Hardy sustained a severe cut to his head while attempting a Splash Mountain on Mysterio"
unresolved_name,split,2007-11-09,SmackDown,WWE Friday Night SmackDown #429,814,9669,6,WWE Smackdown! MVP,,Matt Hardy & Montel Vontavious Porter (c) defeat The Major Brothers ( Brett Major & Brian Major ) (2:45),WWE Smackdown! Tag Team Champions – WWE US Champion MVP & Matt Hardy defeated Brett & Brian Major at 2:48 when MVP scored the pin with the Playmaker after knocking the other Major off the apron; Hardy was never tagged into the match
unresolved_name,split,2007-11-16,SmackDown,WWE Friday Night SmackDown #430,816,9679,3,WWE Smackdown! MVP,,John Morrison & The Miz defeat Matt Hardy & Montel Vontavious Porter (c) (3:50) - TITLE CHANGE !!!,"John Morrison & Mike Mizanin defeated WWE Smackdown! Tag Team Champions – WWE US Champion MVP & Matt Hardy to win the titles at 3:50 when Mizanin pinned Hardy after Morrison clipped Hardy in his bad leg as he attempted the Twist of Fate; after the bout, MVP grabbed the mic and said he was immediately invoking their title rematch, with the champions then returning to the ring"
unresolved_name,split,2008-03-28,SmackDown,WWE Friday Night SmackDown #449,857,9946,4,WWE Smackdown! Mike Mizanin,,"Festus , Jesse & Kofi Kingston defeat Lance Cade , The Miz & Trevor Murdoch (6:18)","Kofi Kingston, Jesse & Festus defeated WWE Smackdown! Tag Team Champion Mike Mizanin, Trevor Murdoch, & Lance Cade at 6:18 when Kingston pinned Mizanin with the Jamaican Buzzsaw (the first time the spin kick is referred to by name)"
unresolved_name,split,2008-10-24,SmackDown,WWE Friday Night SmackDown #479,925,10454,4,Sho Funaki,,Kung Fu Naki & R-Truth defeat Montel Vontavious Porter & Shelton Benjamin (3:56),"R Truth & Sho Funaki defeated WWE US Champion Shelton Benjamin & MVP at 3:58 when Funaki pinned MVP with a kick to the face; prior to the bout, Hurricane Helms cut an insert promo on MVP; during the match, it was announced that Benjamin would either defend against MVP, Truth, or Festus at Cyber Sunday and the match would air exclusively on WWE.com at 7:45 p.m. Sunday (Funaki's in-ring TV debut as Kung Fu Naki)"
unresolved_name,split,2009-01-02,SmackDown,WWE Friday Night SmackDown #489,946,10619,5,Ezikial Jackson,,Carlito & Primo (c) defeat Ezekiel Jackson & The Brian Kendrick (6:07),The Brian Kendrick & Ezikial Jackson defeated Jesse & Festus at 4:43 when Jackson pinned Jesse with a uranagi after making the blind tag
unresolved_name,split,2009-03-30,Raw,WWE Monday Night RAW #827,967,11537,1,Eve,,"Alicia Fox , Brie Bella , Eve Torres , Gail Kim , Kelly Kelly , Maria , Melina , Mickie James & Tiffany defeat Beth Phoenix , Jillian Hall , Katie Lea , Layla , Maryse , Michelle McCool , Natalya , Nikki Bella & Rosa Mendes (1:41)","WWE Women's Champion Melina, Maria, Gail Kim, Eve, Alicia Fox, Brie Bella, Tiffany, Kelly Kelly, & Mickie James defeated WWE Divas Champion Maryse, Jillian Hall, Layla, Nikki Bella, Katie Lea, Natalya Neidhart, Beth Phoenix, & Rosa Mendez at 1:41 when Tiffany pinned Katie Lea with an inside cradle; after the bout, Santino Marella said he wanted to speak to WWE President Jack Tunney about getting into the divas battle royal only to find out Tunney had died; Santino then said he would prove he had what it takes to become Miss WrestleMania and then disrobed, revealing a mankini underneath; Marella then danced to Kid Rock's “So Hot” until nearly all the divas ganged up on him and threw him to the floor; Beth, Rosa, and Santino then left ringside, with Beth covering up Santino"
unresolved_name,split,2009-06-05,SmackDown,WWE Friday Night SmackDown #511,989,11691,4,Eve,,"Alicia Fox , Layla & Michelle McCool defeat Eve Torres , Gail Kim & Melina (3:16)","Michelle McCool, Layla, & Alicia Fox defeated WWE Women's Champion Melina, Gail Kim, & Eve at 3:16 when Layla pinned Melina with a neckbreaker after McCool kicked Melina in the head behind the referee's back; Maria was the guest referee for the bout"
unresolved_name,split,2009-06-12,SmackDown,WWE Friday Night SmackDown #512,992,11710,2,Eve,,Layla & Michelle McCool (w/ Alicia Fox ) defeat Eve Torres & Melina (2:51),Michelle McCool (w/ Alicia Fox) & Layla defeated WWE Women's Champion Melina & Eve at 3:00 with the Faith Breaker after Fox distracted Melina from the apron as Melina attempted the sunset flip / powerbomb
unresolved_name,split,2009-07-17,SmackDown,WWE Friday Night SmackDown #517,1002,11784,4,Eve,,"The Hart Dynasty ( David Hart Smith , Natalya & Tyson Kidd ) defeat Cryme Tyme ( JTG & Shad Gaspard ) & Eve Torres (4:11)","Natalya Neidhart, David Hart Smith, & Tyson Kidd defeated Eve & Cryme Tyme at 4:11 when Natalya pinned Eve with a tornado clothesline following a Hot Shot"
unresolved_name,split,2009-07-31,SmackDown,WWE Friday Night SmackDown #519,1007,11823,3,Eve,,Eve Torres & Melina defeat Layla & Michelle McCool (3:14),Melina & Eve defeated WWE Women's Champion Michelle McCool & Layla at 3:14 when Melina pinned McCool with the sunset flip / powerbomb
unresolved_name,split,2009-08-21,SmackDown,WWE Friday Night SmackDown #522,1013,11865,4,Natlya Neidhart,,Maria & Melina defeat Layla & Natalya (2:41),"Melina & Maria defeated Natlya Neidhart & Layla at 2:41 when Melina pinned Natlaya with the sunst flip / powerbomb; WWE Women's Champion Michelle McCool provided guest commentary for the match; mid-way through the bout, Melina shoved McCool down on the floor"
unresolved_name,split,2009-09-04,SmackDown,WWE Friday Night SmackDown #524,1018,11899,3,Eve,,Eve Torres & Maria defeat Layla & Natalya (4:40),Maria & Eve defeated Natalya Neidhart & Layla at 4:41 when Eve pinned Layla with a handspring moonsault
unresolved_name,split,2009-10-05,Raw,WWE Monday Night RAW #854,1029,11968,1,Eve,,"Mickie James , The Bella Twins ( Brie Bella & Nikki Bella ), Eve Torres , Kelly Kelly , Maria & Melina defeat Alicia Fox , Beth Phoenix , Jillian Hall , Layla , Michelle McCool , Natalya & Rosa Mendes (3:01)","WWE Divas Champion Mickie James, Maria, Eve, Melina, Kelly Kelly, & Brie & Nikki Bella defeated WWE Women's Champion Michelle McCool, Alicia Fox, Natalya Neidhart, Jillian Hall, Layla, Beth Phoenix, & Rosa Mendes at 3:03 when Mickie pinned Fox with a victory roll; Gail Kim was the guest referee for the match; all the participants wore football pants and jerseys for the match"
unresolved_name,split,2009-11-22,PPV,WWE Survivor Series 2009,1044,12064,6,Eve,,"Team Mickie ( Eve Torres , Gail Kim , Kelly Kelly , Melina & Mickie James ) defeat Team Michelle ( Alicia Fox , Beth Phoenix , Jillian , Layla & Michelle McCool ) (10:40)","Mickie James, WWE Divas Champion Melina, Kelly Kelly, Eve, & Gail Kim defeated WWE Women's Champion Michelle McCool, Layla, Beth Phoenix, Jillian Hall, & Alicia Fox in an elimination match at 10:41; Kelly pinned Layla with a legdrop to the back of the head (1:16); McCool pinned Kim with the Faith Breaker (2:06); Eve pinned Hall with a sunset flip off the top after blocking the handspring elbow in the corner (3:36); Phoenix pinned Eve with the Glam Slam (3:53); Phoenix pinned Kelly with the Glam Slam (4:10); James pinned Phoenix with a crucifix (4:44); after the decision, Phoenix clubbed Mickie before leaving the ring; James pinned Fox with a Thesz Press off the top (6:28); Melina pinned McCool with the sunset flip / powerbomb"
unresolved_name,split,2009-12-07,Raw,WWE Monday Night RAW #863,1049,12098,7,Eve,,Eve Torres & Hornswoggle defeat Chavo Guerrero & Jillian (2:14),"Hornswoggle & Eve defeated Chavo Guerrero Jr. & Jillian Hall at 2:14 when Eve pinned Jillian following a somersault splash; after the match, Guerrero shoved Guerrero to the mat, with Eve then getting in Chavo's way; moments later, Chris Masters left his ringside seat, where he was shown speaking with Mark Cuban, confronted Guerrero, and eventually dropped him with a full nelson slam and left with Eve and Hornswoggle"
unresolved_name,split,2010-01-18,Raw,WWE Monday Night RAW #869,1062,12186,5,Eve,,Eve Torres & Gail Kim defeat Alicia Fox & Maryse (3:05),Eve & Gail Kim defeated Maryse & Alicia Fox at 2:49 when Fox submitted to an armbar from Eve
unresolved_name,split,2010-03-08,Raw,WWE Monday Night RAW #876,1078,12284,1,Eve,,"Eve Torres , Gail Kim & Kelly Kelly defeat Alicia Fox , Katie Lea & Maryse (3:01)","Eve, Kelly Kelly, & Gail Kim defeated WWE Divas Champion Maryse, Alicia Fox, & Katie Lea at 3:03 when Maryse submitted to Eve's armbar"
unresolved_name,split,2010-03-22,Raw,WWE Monday Night RAW #878,1083,12316,5,Eve,,"Layla , Maryse & Michelle McCool defeat Beth Phoenix , Eve Torres & Gail Kim (0:56)","WWE Divas Champion Maryse, WWE Women's Champion Michelle McCool, & Layla (w/ Vickie Guerrero & Alicia Fox) defeated Beth Phoenix, Gail Kim, & Eve (w/ Mickie James & Kelly Kelly) at the 57-second mark when McCool pinned Kim with a reversal into the Faith Breaker"
unresolved_name,split,2010-03-28,PPV,"WWE WrestleMania XXVI - ""Get All Fired Up""",1084,12325,9,Eve,,"Alicia Fox , Layla , Maryse , Michelle McCool & Vickie Guerrero defeat Beth Phoenix , Eve Torres , Gail Kim , Kelly Kelly & Mickie James (3:20)","WWE Women's Champion Michelle McCool, WWE Divas Champion Maryse, Vickie Guerrero, Alicia Fox, & Layla defeated Beth Phoenix, Eve, Mickie James, Kelly Kelly, & Gail Kim at 3:24 when Vickie pinned Kelly with a frog splash"
unresolved_name,split,2010-03-29,Raw,WWE Monday Night RAW #879,1085,12329,2,Eve,,"Beth Phoenix , Eve Torres , Gail Kim , Kelly Kelly & Mickie James defeat Alicia Fox , Layla , Maryse , Michelle McCool & Vickie Guerrero (0:17)","Beth Phoenix, Mickie James, Kelly Kelly, Eve, & Gail Kim defeated WWE Women's Champion Michelle McCool, WWE Divas Champion Maryse, Vickie Guerrero, Alicia Fox, & Layla at the 20-second mark when Eve pinned Maryse with a roll up; after the bout, Phoenix's team chased Vickie out of the ring before successfully fighting off the rest of her team"
unresolved_name,split,2010-04-26,Raw,WWE Monday Night RAW #883 - Draft 2010,1094,12388,2,Eve,,Layla & Michelle McCool (w/ Vickie Guerrero ) defeat Eve Torres & Maryse (4:29),"Michelle McCool & Layla (w/ Vickie Guerrero) (Smackdown) defeated WWE Divas Champion Eve & Maryse (Raw) at 4:31 when McCool pinned Maryse with a boot to the face after Maryse began making fun of Eve; during the bout, the crowd briefly chanted “We want Mickie;” as a result of the win, Kelly Kelly was drafted to Smackdown; moments later, Kelly appeared at the entrance stage"
unresolved_name,split,2010-05-17,Raw,WWE Monday Night RAW #886,1100,12438,7,Eve,,"Layla , Maryse & Michelle McCool defeat Eve Torres & The Bella Twins ( Brie Bella & Nikki Bella ) (3:40)","Maryse, WWE Women's Champion Michelle McCool, & WWE Women's Champion Layla defeated WWE Divas Champion Eve, Brie & Nikki Bella at 3:31 when Maryse pinned Nikki with the French Kiss; prior to the match, it was announced Maryse would challenge Eve at Over the Limit; after the bout, the referee held Maryse back and Brie held Eve back as the two tried to get at one another"
unresolved_name,split,2010-05-24,Raw,WWE Monday Night RAW #887,1103,12462,3,Eve,,Alicia Fox & Maryse defeat Eve Torres & Gail Kim (2:05),Maryse & Alicia Fox defeated WWE Divas Champion Eve & Gail Kim at 2:04 when Maryse pinned Eve with the French Kiss after Fox kicked Eve in the face behind the referee's back
unresolved_name,split,2010-05-31,Raw,WWE Monday Night RAW #888,1105,12474,3,Eve,,Eve Torres & Santino Marella defeat Maryse & William Regal (w/ Vladimir Kozlov ) (2:30),"Santino Marella & WWE Divas Champion Eve defeated William Regal (w/ Vladimir Kozlov) & Maryse at 2:31 when Marella pinned Regal after Kozlov came in the ring and dropped Regal with the Iron Curtain behind the referee's back; prior to the bout, Marella took the mic and again asked Kozlov to be his tag team partner, then said Eve had agreed to make love to Kozlov if he said yes; Eve then quickly corrected Marella, with Marella saying she would love for them to be a tag team; after the match, Kozlov immediately left ringside"
unresolved_name,split,2010-06-14,Raw,WWE Monday Night RAW #890,1109,12500,3,Eve,,Eve Torres & Gail Kim defeat Alicia Fox & Maryse (2:29),"WWE Divas Champion Eve & Gail Kim defeated Maryse & Alicia Fox at 2:32 when Eve pinned Alicia with a neckbreaker after Alicia accidentally kicked Maryse off the ring apron; prior to the bout, it was announced Eve, Gail, Maryse, and Alicia would battle in a four-way match at Fatal 4 Way"
unresolved_name,split,2010-06-14,Raw,WWE Monday Night RAW #890,1109,12501,4,Ted Dibaise Jr,,Mark Feuerstein & The Big Show defeat Ted DiBiase & Virgil (3:52),"The Big Show & Mark Feuerstein defeated Ted Dibaise Jr. & Virgil at 3:55 when Feuerstein pinned Virgil with a Worm and elbow drop after Show dropped Virgil with the chokeslam; after the bout, Dibiase stuffed a dollar bill in Virgil's mouth before taking it back and leaving ringside"
unresolved_name,split,2010-06-28,Raw,WWE Monday Night RAW #892,1113,12528,3,Eve,,Alicia Fox & Maryse defeat Eve Torres & Gail Kim (3:28),WWE Divas Champion Alicia Fox & Maryse defeated Eve & Gail Kim at 3:14 when Fox pinned Gail with the scissors kick
unresolved_name,split,2010-08-09,Raw,WWE Monday Night RAW #898,1125,12616,6,Eve,,The Bella Twins ( Brie Bella & Nikki Bella ) defeat Eve Torres & Gail Kim and Jillian & Maryse (2:41),"Brie & Nikki Bella defeated Maryse & Jillian Hall and Eve & Gail Kim when Nikki pinned Jillian with a crossbody off the top at 2:51; the women made their entrance by sliding down a giant inflatable slide; the ringside area was decorated for summer; Santino Marella & Vladiir Kozlov served as guest referees for the bout; after the match, Tamina confronted Santino and spanked him as he went to leave the ring"
unresolved_name,split,2010-08-30,Raw,WWE Monday Night RAW #901,1131,12660,2,Eve,,Eve Torres & Melina defeat Layla & Michelle McCool (0:51),"WWE Divas Champion Melina & Eve defeated WWE Women's Champion Michelle McCool & WWE Women's Champion Layla at the 52-second mark when Melina pinned Layla with a roll up; after the bout, McCool took the mic and said the win was just like Melina, completely forgettable; Layla & McCool then challenged Melina to a unification match at Night of Champions; Melina then accepted but only if it was a lumberjack match, with Layla & McCool agreeing; moments later, Kelly Kelly, Gail Kim, Alicia Fox, Maryse, Jillian Hall, Brie & Nikki Bella, and Tamina then joined Melina and Eve at the entrance stage"
unresolved_name,split,2010-11-08,Raw,WWE Monday Night RAW #911,1153,12832,2,Eve,,"Eve Torres & The Bella Twins ( Brie Bella & Nikki Bella ) defeat Alicia Fox , Maryse & Tamina (3:07)","Eve, Brie & Nikki Bella defeated Maryse, Tamina, & Alicia Fox at 3:09 when one of the Bellas pinned Fox with an inside cradle after the other Bella sustained Maryse's French Kiss and the Bellas then switched places in the ring; the participants wore soccer gear for the match"
unresolved_name,split,2011-01-03,Raw,WWE Monday Night RAW #919,1171,12972,3,Eve,,"Brie Bella , Eve Torres & Natalya defeat Alicia Fox , Maryse & Melina (2:53)","WWE Divas Champion Natalya Neidhart, Brie Bella, & Eve defeated Melina, Maryse, & Alicia Fox at 2:54 when Eve pinned Melina with a neckbreaker after Natalya hit a discus clothesline on Melina"
unresolved_name,split,2011-02-07,Raw,WWE Monday Night RAW #924,1182,13047,3,Eve,,"Eve Torres , Gail Kim & Tamina defeat Melina & The Bella Twins ( Brie Bella & Nikki Bella ) (2:25)","WWE Divas Champion Eve, Tamina, & Gail Kim defeated Melina, Brie & Nikki Bella at 2:24 when Eve pinned Melina with a neckbreaker; Natalya Neidhart provided guest commentary for the match; prior to the bout, it was noted Natalya would challenge WWE Divas Champion Eve the following week"
unresolved_name,split,2011-02-18,SmackDown,WWE Friday Night SmackDown #600,1185,13070,3,Eve,,Layla & Maryse (w/ Michelle McCool ) defeat Beth Phoenix & Eve Torres (2:30),"Maryse & Layla (w/ Michelle McCool) defeated WWE Divas Champion Eve & Beth Phoenix at 2:28 when Layla pinned Eve after double kicks to the face by Maryse & Layla after Phoenix attacked an interfering McCool; McCool provided guest commentary for the match, during which it was noted she was suffering from a foot injury"
unresolved_name,split,2011-02-21,Raw,WWE Monday Night RAW #926,1187,13081,2,Eve,,The Bella Twins ( Brie Bella & Nikki Bella ) defeat Eve Torres & Gail Kim (2:27),Brie & Nikki Bella defeated WWE Divas Champion Eve & Gail Kim at 2:29 when Eve was pinned with an inside cradle after the Bellas switched places behind the referee's back
unresolved_name,split,2011-05-23,Raw,WWE Monday Night RAW #939,1216,13284,3,Eve,,"Beth Phoenix , Eve Torres , Gail Kim & Kelly Kelly vs. Maryse , Melina & The Bella Twins ( Brie Bella & Nikki Bella ) - No Contest (4:10)","Kelly Kelly, Gail Kim, Eve, & Beth Phoenix fought WWE Divas Champion Brie Bella, Nikki Bella, Melina, & Maryse to a no contest at around the 30-second mark when Kharma appeared; moments later, Kharma entered the ring, with the other divas surrounding her; Kharma eventually dropped to her knees and started crying as the show went to commercial break"
unresolved_name,split,2011-05-30,Raw,WWE Monday Night RAW #940,1218,13297,3,Eve,,Eve Torres & Kelly Kelly defeat The Bella Twins ( Brie Bella & Nikki Bella ) (2:55),"Kelly Kelly & Eve defeated WWE Divas Champion Brie Bella & Nikki Bella at 2:55 when Kelly scored the pin following the K2; prior to the bout, footage from earlier in the month was shown of Kelly in Los Angeles after being named to Maxim's Hot 100 list"
unresolved_name,split,2011-06-13,Raw,WWE Monday Night RAW #942,1222,13330,8,Eve,,"AJ , Beth Phoenix , Eve Torres , Gail Kim , Kaitlyn , Kelly Kelly & Natalya defeat The Bella Twins ( Brie Bella & Nikki Bella ), Alicia Fox , Maryse , Melina , Rosa Mendes & Tamina (1:24)","Kelly Kelly, Eve, Gail Kim, Natalya Neidhart, Beth Phoenix, Kaitlyn, & AJ defeated WWE Divas Champion Brie Bella, Nikki Bella, Maryse, Rosa Mendes, Tamina, Alicia Fox, & Melina at 1:24 when Kelly pinned Rosa with the K2; after the bout, Eve took the mic and noted the Tony Awards were the previous night, then led the other members of her team to doing the Rockettes dance in the ring"
unresolved_name,split,2011-07-18,Raw,WWE Monday Night RAW #947,1233,13416,6,Eve,,"AJ , Beth Phoenix , Eve Torres , Gail Kim , Kaitlyn , Kelly Kelly & Natalya defeat Alicia Fox , Maryse , Melina , Rosa Mendes , Tamina & The Bella Twins ( Brie Bella & Nikki Bella ) (1:03)","WWE Divas Champion Kelly Kelly, Kaitlyn, AJ, Eve, Gail Kim, Beth Phoenix, Natalya Neidhart defeated Brie & Nikki Bella, Melina, Maryse, Rosa Mendes, Alicia Fox, & Tamina at 1:03 when Phoenix pinned Rosa with the Glam Slam; Kelly wore a Green Bay Packers jersey to the ring; after the contest, Kelly held up the title belt in front of Beth's face"
unresolved_name,split,2011-07-25,Raw,WWE Monday Night RAW #948,1235,13428,4,Eve,,Eve Torres & Kelly Kelly defeat Maryse & Melina (2:35),WWE Divas Champion Kelly Kelly & Eve defeated Melina & Maryse when Kelly pinned Melina with the K2 at 2:47
unresolved_name,split,2011-08-15,Raw,WWE Monday Night RAW #951,1242,13481,2,Eve,,Eve Torres & Kelly Kelly defeat The Bella Twins ( Brie Bella & Nikki Bella ) (3:04),"WWE Divas Champion Kelly Kelly & Eve defeated Nikki & Brie Bella at 3:08 when Eve scored the pin with a moonsault; after the match, Beth Phoenix and Natalya Neidhart walked out to the entrance stage and stared at Kelly and Eve in the ring, with Kelly holding up her title belt in response"
unresolved_name,split,2011-09-19,Raw,WWE Monday Night RAW #956,1253,13558,4,Eve,,Eve Torres & Kelly Kelly defeat Beth Phoenix & Natalya (1:40),WWE Divas Champion Kelly Kelly & Eve defeated Beth Phoenix & Natalya Neidhart at 1:47 when Eve pinned Natalya with a roll up
unresolved_name,split,2011-09-26,Raw,WWE Monday Night RAW #957,1255,13574,3,Eve,,Beth Phoenix & Natalya defeat Eve Torres & Kelly Kelly (3:17),Beth Phoenix & Natalya Neidhart defeated WWE Divas Champion Kelly Kelly & Eve at 3:19 when Phoenix pinned Kelly with the Glam Slam
unresolved_name,split,2011-10-03,Raw,WWE Monday Night RAW #958,1258,13600,4,Eve,,Beth Phoenix & Natalya defeat Eve Torres & Kelly Kelly by DQ (0:34),"WWE Divas Champion Beth Phoenix & Natalya Neidhart defeated Kelly Kelly & Eve via disqualification at the 35-second mark when Kelly assaulted Beth at the announce table, with Eve having to pull Kelly away"
unresolved_name,split,2011-11-14,Raw,WWE Monday Night RAW #964,1271,13699,2,Hunico,,Cody Rhodes & Hunico defeat Kofi Kingston & Sin Cara (8:07),"WWE IC Champion Cody Rhodes & Hunico defeated Sin Cara & WWE Tag Team Champion Kofi Kingston at 8:07 when Rhodes pinned Kingston with a reversal into Crossroads; during his entrance, a pretaped promo from Rhodes aired in which he said Randy Orton's recent attack on him emancipated him; after the match, Rhodes and Hunico shook hands (Rhodes' debut with a remix theme and without his face mask)"
unresolved_name,split,2011-12-05,Raw,WWE Monday Night RAW #967,1278,13754,4,Eve,,Eve Torres & Kelly Kelly (w/ Alicia Fox ) defeat Beth Phoenix & Natalya (1:08),"Kelly Kelly & Eve (w/ Alicia Fox) defeated WWE Divas Champion Beth Phoenix & Natalya Neidhart at 1:07 when Kelly pinned Beth with an inside cradle; during their entrance, a vignette of Phoenix & Natalya aired in which they spoke about pin-up strong until a mysterious vignette interrupted promoting Jan. 2, 2012"
unresolved_name,split,2011-12-26,Raw,WWE Monday Night RAW #970,1285,13811,3,Eve,,Eve Torres & Zack Ryder defeat Natalya & Tyson Kidd (3:00),"WWE US Champion Zack Ryder & Eve defeated Tyson Kidd & Natalya Neidhart at 3:02 when Ryder pinned Kidd with the Rough Ryder; during the match, it was noted the 1,000th episode of Raw would air July 29, 2012"
unresolved_name,split,2012-01-02,Raw,WWE Monday Night RAW #971,1287,13829,5,Eve,,The Bella Twins ( Brie Bella & Nikki Bella ) defeat Eve Torres & Kelly Kelly (2:00),"Nikki & Brie Bella defeated Kelly Kelly & Eve at 2:06 when Eve was pinned with an inside cradle after the Bellas switched places in the ring, moments after Eve hit the moonsault on the legal Bella"
unresolved_name,split,2012-01-29,PPV,WWE Royal Rumble 2012,1295,13888,3,Eve,,"Beth Phoenix , Natalya & The Bella Twins ( Brie Bella & Nikki Bella ) defeat Alicia Fox , Eve Torres , Kelly Kelly & Tamina (5:30)","WWE Divas Champion Beth Phoenix, Natalya Neidhart, Nikki & Brie Bella defeated Eve, Kelly Kelly, Alicia Fox, & Tamina when Phoenix pinned Kelly with the Glam Slam"
unresolved_name,split,2012-02-06,Raw,WWE Monday Night RAW #976,1298,13910,5,Eve,,"Alicia Fox , Eve Torres , Kelly Kelly & Tamina defeat Beth Phoenix , Natalya & The Bella Twins ( Brie Bella & Nikki Bella ) (1:45)","Eve, Alicia Fox, Kelly Kelly, & Tamina defeated WWE Divas Champion Beth Phoenix, Natalya Neidhart, Brie & Nikki Bella at 1:37 when Tamina pinned one of the Bellas with the splash off the top; during her team's entrance, a pretaped interview aired in which Beth said she had no competition and would remain champion forever"
unresolved_name,split,2012-04-01,PPV,"WWE WrestleMania XXVIII - ""Once In A Lifetime""",1315,14026,4,Eve,,Kelly Kelly & Maria Menounos defeat Beth Phoenix & Eve Torres (6:22),"Kelly Kelly & Maria Menounos defeated WWE Divas Champion Beth Phoenix & Eve at 6:49 when Menounos pinned Phoenix with a roll up after Menounos & Kelly caused Phoenix to collide with Eve on the apron, knocking Eve to the floor; prior to the bout, a video package on the divas aired to the tune of Madonna's “Girls Gone Wild;” following Phoenix & Eve's entrance, footage was shown of them confronting Menounos & Kelly on the set of “Extra;” during the contest, there were brief chants of “Daniel Bryan”"
unresolved_name,split,2012-05-18,SmackDown,WWE Friday Night SmackDown #665,1330,14152,3,Jack Swagger,,"John Cena , Randy Orton & Sheamus defeat Dolph Ziggler , Kane & Lord Tensai",Jimmy & Jey Uso defeated Dolph Ziggler & Jack Swagger
unresolved_name,split,2012-07-09,Raw,WWE Monday Night RAW #998,1347,14301,7,Eve,,AJ & CM Punk defeat Daniel Bryan & Eve Torres (3:15),"WWE World Champion CM Punk & AJ defeated Daniel Bryan & Eve at 3:19 when AJ pinned Eve with a roll up after Bryan went to the floor and refused to tag his partner; after the bout, Bryan took the mic and said he just proved to AJ that she means more to him than any match, then telling her they should leave together and go get married; Punk followed by saying he wouldn't use AJ to keep his title, then saying Bryan was just using her and he would not marry AJ; Punk then said he was sorry but he cared enough about her to tell her the truth, with AJ then slapping Punk in the face as Bryan laughed; AJ then slapped Bryan as well before laughing and chanting “Yes” along with the corwd before skipping her way up the aisle"
unresolved_name,split,2012-07-15,PPV,WWE Money In The Bank 2012,1349,14314,6,Eve,,"Kaitlyn , Layla & Tamina Snuka defeat Beth Phoenix , Eve Torres & Natalya (3:23)","WWE Divas Champion Layla, Kaitlyn, & Tamina defeated Beth Phoenix, Eve, & Natalya Neidhart at 3:25"
unresolved_name,split,2012-07-16,Raw,WWE Monday Night RAW #999,1350,14319,4,Eve,,AJ & Daniel Bryan defeat Eve Torres & The Miz (3:00),"Daniel Bryan & AJ defeated Mike Mizanin & Eve at 2:53 when AJ pinned Eve after Bryan reversed an inside cradle attempt behind the referee's back; prior to the match, Eve took the mic and introduced Miz as her partner; after the bout, Bryan took the mic and said he was previously too scared and stupid to say it but he loved AJ; Bryan then pulled out a ring, got down on one knee, and proposed to her; moments later, AJ said yes and the two kissed before leading the crowd in a chant of “Yes!”"
unresolved_name,split,2012-08-13,Raw,WWE Monday Night RAW #1003,1358,14383,6,Eve,,Kaitlyn & Layla defeat Beth Phoenix & Eve Torres (4:15),WWE Divas Champion Layla & Kaitlyn defeated Eve & Beth Phoenix at 4:18 when Kaitlyn pinned Phoenix with a roll up
unresolved_name,split,2012-09-10,Raw,WWE Monday Night RAW #1007,1367,14452,2,Eve,,"Eve Torres , Kaitlyn & Layla defeat Alicia Fox , Beth Phoenix & Natalya (2:23)","WWE Divas Champion Layla, Eve, & Kaitlyn defeated Beth Phoenix, Alicia Fox, & Natalya Neidhart at 2:27 when Eve pinned Fox with the neckbreaker"
unresolved_name,split,2012-09-24,Raw,WWE Monday Night RAW #1009,1372,14496,6,Eve,,Beth Phoenix & Eve Torres defeat Alicia Fox & Layla (2:00),"WWE Divas Champion Eve & Beth Phoenix defeated Layla & Alicia Fox at 1:29 when Eve pinned Fox with the neckbreaker; after the bout, Kaitlyn came out on the entrance stage on a crutch and said she tracked down security footage from backstage at Night of Champions that showed her attacker was a blonde; moments later, Eve began blaming Phoenix, with Phoenix saying Eve was a liar; moments later, Eve dropped Phoenix with the neckbreaker and yelled at her that Phoenix wasn't going to take advantage of people"
unresolved_name,split,2012-11-05,Raw,WWE Monday Night RAW #1015,1385,14600,6,Eve,,Kaitlyn & Layla defeat Aksana & Eve Torres (4:55),Layla & Kaitlyn defeated WWE Divas Champion Eve & Aksana at 5:00 when Kaitlyn pinned Eve with a reverse DDT
unresolved_name,split,2012-11-16,SmackDown,WWE Friday Night SmackDown #691,1388,14622,2,Eve,,"Kaitlyn , Layla & Natalya defeat Aksana , Alicia Fox & Eve Torres (3:41)","Kaitlyn, Layla, & Natalya Neidhart defeated WWE Divas Champion Eve, Aksana, & Alicia Fox at 3:41 when Kaitlyn pinned Fox with the reverse DDT"
unresolved_name,split,2012-12-24,Raw,WWE Monday Night RAW #1022,1401,14721,2,Eve,,"Alicia Fox , Kaitlyn , Layla & Natalya defeat Aksana , Eve Torres , Rosa Mendes & Tamina Snuka (5:05)","Kaitlyn, Natalya Neidhart, Alicia Fox, & Layla defeated WWE Divas Champion Eve, Tamina, Aksana, & Rosa Mendes at 5:29 when Kaitlyn pinned Eve with the fireman's carry into the gutbuster"
unresolved_name,split,2013-10-07,Raw,WWE Monday Night RAW #1063,1491,16247,2,Layla,,"Eva Marie , JoJo & Natalya defeat Aksana , Alicia Fox & Rosa Mendes (3:27)","Natalya Neidhart, Eva Marie, & JoJo defeated Alicia Fox, Layla, & Aksana at 3:18 when Fox submitted to Neidhart's Sharpshooter (Eva Marie and JoJo's TV in-ring debut)"
