source	reason	title
wwevault	no-join	FULL EPISODE: Best of the WWE, Vol. 11 | Hogan & Piper vs. Orndorff & Race; Savage, JYD and MORE!
wwevault	no-join	FULL EPISODE: Cody Rhodes talks WWE return, legacy and more with Austin | Broken Skull Sessions
wwevault	no-join	FULL MATCH: CM Punk vs. John Cena vs. Big Show | WWE Championship Triple Threat Match
wwevault	flag:short-show	FULL EPISODE: Street & Dundee clash; Magnum TA vs. Ted DiBiase: Mid-South Wrestling, Nov. 16, 1984
wwevault	no-join	FULL MATCH: Dusty Rhodes vs. Honky Tonk Man: SummerSlam 1989
wwevault	flag:short-show	FULL EPISODE: Shawn Michaels in action; Cornette and Akbar strike a deal: Nov. 9, 1984
wwevault	no-join	FULL MATCH: Hulk Hogan vs. Yokozuna | WWE Title Match: King of the Ring 1993
wwevault	no-join	FULL MATCH: “Stone Cold” Steve Austin vs. Kane | WWE Title First Blood Match: King of the Ring 1998
wwevault	flag:short-show	FULL EPISODE: Sheamus, Regal and Barrett share King of the Ring tales | Table for 3
wwevault	flag:short-show	FULL EPISODE: Street battles Dundee; Magnum TA vs. Missing Link: Mid-South Wrestling, Nov. 2, 1984
wwevault	flag:short-show	FULL EPISODE: Zayn & Owens, Usos & Naomi hit the road: WWE Ride Along
wwevault	flag:short-show	FULL EPISODE: Duggan ready for Dr. Death; Missing Link competes: Mid-South Wrestling, Oct. 27, 1984
wwevault	no-join	FULL MATCH: Bret Hart vs. Bam Bam Bigelow | King of the Ring Final: King of the Ring 1993
wwevault	no-join	FULL MATCH: Triple H vs. Randy Orton | WWE Title Last Man Standing Match: One Night Stand 2008
wwevault	no-join	FULL MATCH: Shawn Michaels vs. Batista | Stretcher Match: WWE One Night Stand 2008
wwevault	no-join	FULL EPISODE: Zayn talks El Generico, Owens, Knoxville match with Austin: Broken Skull Sessions
wwevault	no-join	FULL MATCH: Shawn Michaels vs. King Kong Bundy | King of the Ring First Round: Raw, May 22, 1995
wwevault	no-join	FULL MATCH: Yokozuna vs. Vader: In Your House: Beware of Dog
wwevault	no-join	FULL MATCH: Kane vs. Vader | Mask vs. Mask Match: Over the Edge 1998
wwevault	flag:short-show	FULL EPISODE: Saturday Night’s Main Event | Bulldog vs. Michaels; Ultimate Maniacs vs. Money Inc.
wwevault	no-join	FULL MATCH: Batista, Rey Mysterio & Bobby Lashley vs. Mark Henry, Finlay & King Booker
wwevault	no-join	FULL MATCH: CM Punk & Boogeyman vs. John Morrison & Big Daddy V: Saturday Night’s Main Event
wwevault	no-join	FULL EPISODE: Saturday Night’s Main Event | Savage vs. Steele; Steamboat, Roberts and MORE!
wwevault	no-join	FULL MATCH: The Hardy Boyz vs. Brock Lesnar & Shawn Stasiak: Insurrextion 2002
wwevault	no-join	FULL EPISODE: Bayley talks NXT, her personal evolution and more with Austin: Broken Skull Sessions
wwevault	no-join	FULL MATCH: Shawn Michaels vs. Diesel | WWE Title Match: In Your House: Good Friends, Better Enemies
wwevault	no-join	FULL MATCH: “Stone Cold” Steve Austin vs. Bret Hart: In Your House: Revenge of the 'Taker
wwevault	no-join	FULL MATCH: Rob Van Dam vs. Shelton Benjamin | Money in the Bank Contract vs. Intercontinental Title
wwevault	no-join	FULL MATCH: Edge vs. Finn Bálor | Hell in a Cell Match: WrestleMania 39
wwevault	no-join	FULL MATCH: Victoria vs. Molly Holly | Hair vs. Women's Title Match: WrestleMania XX
wwevault	no-join	FULL MATCH: Cody Rhodes vs. Big Show | Intercontinental Title Match: WrestleMania XXVIII
wwevault	no-join	FULL MATCH: Dean Ambrose vs. Brock Lesnar | No Holds Barred Street Fight: WrestleMania 32
wwevault	no-join	FULL MATCH: The Shield vs. Randy Orton, Sheamus & Big Show: WrestleMania 29
wwevault	no-join	FULL MATCH: WrestleMania Women's Battle Royal: WrestleMania 34 Kickoff
wwevault	no-join	FULL MATCH: Triple H vs. Batista | No Holds Barred Match: WrestleMania 35
wwevault	no-join	FULL MATCH: The Rock vs. “Stone Cold” Steve Austin | WWE Title Match: WrestleMania XV
wwevault	no-join	FULL MATCH: Goldberg vs. Braun Strowman | Universal Title Match: WrestleMania 36
wwevault	no-join	FULL MATCH: Chris Jericho vs. Kevin Owens | United States Title Match: WrestleMania 33
wwevault	no-join	FULL SHOW: March to WrestleMania VIII | Hogan reflects; Michaels vs. Piper and MORE!
wwevault	no-join	FULL MATCH: Sgt. Slaughter vs. Hulk Hogan | WWE Title Match: WrestleMania VII
wwevault	no-join	FULL EPISODE: Bubba Ray Dudley talks TLC, ECW and more with Austin: Broken Skull Sessions
wwevault	no-join	FULL MATCH: Ryback vs. Mark Henry: WrestleMania 29
wwevault	no-join	FULL MATCH: Triple H vs. Kane: WrestleMania XV
wwevault	no-join	FULL MATCH: Finlay vs. JBL | Belfast Brawl: WrestleMania XXIV
wwevault	no-join	FULL MATCH: Andre the Giant Battle Royal: WrestleMania 34 Kickoff
wwevault	no-join	FULL MATCH: John Cena vs. "The Fiend" Bray Wyatt | Firefly Fun House Match: WrestleMania 36
wwevault	no-join	FULL MATCH: Jake Roberts vs. Rick Martel | Blindfold Match: WrestleMania VII
wwevault	no-join	FULL MATCH: The Shield vs. Kane & The New Age Outlaws: WrestleMania XXX
wwevault	no-join	FULL MATCH: Hulk Hogan vs. Sid Justice: WrestleMania VIII
wwevault	no-join	FULL MATCH: Ultimate Warrior vs. Rick Rude | Intercontinental Title Match: WrestleMania V
wwevault	no-join	FULL MATCH: Randy Orton vs. Kane: WrestleMania XXVIII
wwevault	no-join	FULL SEGMENT: Stephanie McMahon and Undertaker's unholy wedding: Raw, April 26, 1999
wwevault	no-join	FULL MATCH: Rusev vs. John Cena | U.S. Title Match: WrestleMania 31
wwevault	no-join	FULL MATCH: Sting vs. Triple H | No Disqualification Match: WrestleMania 31
wwevault	no-join	FULL MATCH: Andre the Giant Memorial Battle Royal: WrestleMania 31 pre-show
wwevault	no-join	FULL MATCH: Braun Strowman vs. Shane McMahon | Steel Cage Match: WrestleMania 37
wwevault	no-join	FULL MATCH: Bret Hart vs. Yokozuna | WWE Title Match: WrestleMania IX
wwevault	no-join	FULL MATCH: “Stone Cold” Steve Austin vs. Savio Vega: WrestleMania XII
wwevault	no-join	FULL MATCH: The Pride vs. The Final Testament | Philadelphia Street Fight: WrestleMania XL
wwevault	no-join	FULL MATCH: Mr. T vs. Roddy Piper | Boxing Match: WrestleMania 2
wwevault	no-join	FULL MATCH: Intercontinental Title Ladder Match: WrestleMania 31
wwevault	no-join	FULL MATCH: Hulk Hogan & High Flyers vs. Ventura, Heenan & Patera: AWA, March 13, 1983
wwevault	no-join	FULL MATCH: Bobby Lashley vs. Omos: WrestleMania 38 Sunday
wwevault	no-join	FULL MATCH: Intercontinental Title Ladder Match: WrestleMania 32
wwevault	no-join	FULL MATCH: Doink the Clown vs. Crush: WrestleMania IX
wwevault	no-join	FULL MATCH: “Stone Cold” Steve Austin vs. The Rock | WWE Title Match: Backlash 1999
wwevault	no-join	FULL MATCH: Team Xtreme vs. Trish Stratus, Test & Albert: Fully Loaded 2000
wwevault	no-join	FULL SEGMENT: Stone Cold blows up the DX Express: SmackDown, April 27, 2000
wwevault	no-join	FULL MATCH: The Rock vs. Kurt Angle | WWE Title No DQ Match: No Mercy 2000
wwevault	no-join	FULL MATCH: Shawn Michaels vs. Owen Hart | WWE Title Match: Raw Dec. 29, 1997
wwevault	no-join	FULL MATCH: Edge & Christian vs. Hardy Boyz | WWE Tag Team Title Steel Cage Match: Unforgiven 2000
wwevault	no-join	FULL MATCH: The Rock vs. The Undertaker vs. Triple H: Raw, June 14, 1999
wwevault	no-join	FULL MATCH: Roman Reigns vs. Edge vs. Daniel Bryan | Universal Championship Match: WrestleMania
wwevault	no-join	FULL MATCH: Von Erichs vs. Fabulous Freebirds | Six-Man Tag Lumberjack Match: WCCW, Feb. 26, 1983
wwevault	flag:long-match	FULL MATCH: Raw's longest match ever | Seth Rollins, Roman Reigns, John Cena & more: Feb. 19, 2018
wwevault	flag:short-show	FULL EPISODE: Giant Gonzales punishes 3 opponents | WWE Superstars, Feb. 13, 1993
wwevault	no-join	FULL MATCH: Bray Wyatt vs. John Cena vs. AJ Styles | WWE Title Triple Threat Match
wwevault	no-join	FULL MATCH: Razor Ramon vs. 1-2-3 Kid | Crybaby Match: WWE In Your House 6
wwevault	no-join	FULL MATCH: The Rock vs. Mankind | WWE Title Match: Halftime Heat 1999
wwevault	no-join	FULL EPISODE: Ron Simmons talks making history, The APA with Austin: Broken Skull Sessions
wwevault	no-join	FULL MATCH: The Mega Powers vs. The Twin Towers: The Main Event 2, Feb. 3, 1989
wwevault	no-join	FULL MATCH: “Stone Cold,” Cactus Jack, Chainsaw Charlie & Owen Hart vs. DX & Savio Vega: No Way Out
wwevault	no-join	FULL EPISODE: Ahmed Johnson vs. Triple H; Superstars Bowl: WWE Superstars, Jan. 26, 1997
wwevault	no-join	FULL MATCH: Shawn Michaels vs. Yokozuna: Raw, Jan. 29, 1996
wwevault	flag:long-match	FULL MATCH: Greatest Royal Rumble Match: Greatest Royal Rumble 2018
wwevault	no-join	FULL MATCH: Ultimate Warrior vs. Sgt. Slaughter | WWE Title Match: Royal Rumble 1991
wwevault	flag:long-match	FULL MATCH: 1999 Royal Rumble Match: Royal Rumble 1999
wwevault	no-join	FULL MATCH: Battle Royal: Saturday Night’s Main Event, March 14, 1987
wwevault	no-join	FULL MATCH: Diesel vs. Bret Hart | WWE Title Match: Royal Rumble 1995
wwevault	flag:short-show	FULL EPISODE: “Stone Cold” and Terry Funk’s barroom brawl: WWE Shotgun Saturday Night, Jan. 18, 1997
wwevault	no-join	FULL MATCH: The Rock vs. Triple H | WWE Title "I Quit" Match: Raw, Jan. 25, 1999
wwevault	flag:long-match	FULL MATCH: Men's Royal Rumble Match: Royal Rumble 2021
wwevault	no-join	FULL MATCH: Asuka & Charlotte Flair vs. Nia Jax & Shayna Baszler: Royal Rumble 2021 Kickoff
wwevault	no-join	FULL EPISODE: Becky Lynch talks becoming The Man with Steve Austin: Broken Skull Sessions
wwevault	no-join	FULL MATCH: Bret Hart vs. Triple H: Raw, March 3, 1997
wwevault	no-join	FULL MATCH: Randy Savage vs. Ted DiBiase | WWE Title Steel Cage Match: WWE on MSG, June 25, 1988
wwevault	no-join	FULL MATCH: Demolition vs. Big Bossman & Akeem: WWE Primetime Wrestling, May 1, 1989
wwevault	no-join	FULL MATCH: Raw Bowl: Raw, Jan. 1, 1996
wwevault	no-join	FULL MATCH: Andre the Giant vs. King Kong Bundy | Colossal Jostle: Sept. 23, 1985
wwevault	no-join	FULL MATCH: Hulk Hogan & Gene Okerlund vs. Mr. Fuji & George "The Animal" Steele: WWE, Aug. 26, 1984
wwevault	no-join	FULL MATCH: Sgt. Slaughter vs. Iron Sheik | Boot Camp Match: MSG, June 16, 1984
wwevault	no-join	FULL MATCH: Sasha Banks vs. Charlotte Flair | Iron Woman Match: Roadblock: End of the Line
wwevault	flag:short-show	FULL EPISODE: The Rock goes Hollywood | Ruthless Aggression 2
wwevault	no-join	FULL MATCH: Sycho Sid vs. Bret Hart | WWE Title Match: In Your House: It’s Time
wwevault	no-join	FULL EPISODE: Saturday Night’s Main Event | Hogan & Sid vs. Flair & Undertaker AND MORE
wwevault	no-join	FULL MATCH: WWE Title Six-Man Hell in a Cell Match: Armageddon 2000
wwevault	no-join	FULL MATCH: Shawn Michaels vs. Ken Shamrock | WWE Title Match: DX: In Your House
wwevault	no-join	FULL MATCH: Men’s Battle Royal: Saturday Night’s Main Event, April 27, 1991
wwevault	no-join	FULL MATCH: “Stone Cold” Steve Austin vs. Kane vs. Mankind vs. Undertaker: Capital Carnage 1998
wwevault	no-join	FULL EPISODE: DDP talks being roommates, Savage rivalry and more with Austin: Broken Skull Sessions
wwevault	no-join	FULL MATCH: “Stone Cold” Steve Austin vs. The Rock | Intercontinental Title Match: DX: In Your House
wwevault	no-join	FULL MATCH: Kurt Angle vs. Rikishi vs. Stone Cold vs. The Rock | WWE Title Match: Rebellion 2000
wwevault	no-join	FULL MATCH: Hardy Boyz vs. Dudley Boyz | Tag Team Title Steel Cage Unification: Survivor Series 20..
wwevault	no-join	FULL MATCH: Wildcard Survivor Series Elimination Match: Survivor Series 1995
wwevault	no-join	FULL MATCH: The Rock vs. Rikishi: Survivor Series 2000
wwevault	no-join	FULL MATCH: Team USA vs. Team Canada | Survivor Series Elimination Match: Survivor Series 1997
wwevault	no-join	FULL MATCH: John Cena vs. John “Bradshaw” Layfield | WWE Title Match: WrestleMania 21
wwevault	no-join	FULL MATCH: Roman Reigns vs. Dean Ambrose | WWE World Heavyweight Title Tournament Final Match
wwevault	no-join	FULL SHOW: Survivor Series Showdown 1991 | Boss Man vs. Earthquake, Virgil vs. Million Dollar Man
wwevault	no-join	FULL MATCH: Team Raw vs. Team SmackDown | 10-on-10 Survivor Series Elimination Match
wwevault	no-join	FULL MATCH: Hulkamaniacs vs. Natural Disasters | Survivor Series Elimination: Survivor Series 1990
wwevault	no-join	FULL MATCH: Randy Savage & Mr. Perfect vs. Ric Flair & Razor Ramon: Survivor Series 1992
wwevault	no-join	FULL MATCH: Bret Hart vs. “Stone Cold” Steve Austin: Survivor Series 1996
wwevault	no-join	FULL MATCH: The Rock vs. Undertaker | WWE Title Tournament Semifinal: Survivor Series 1998
wwevault	no-join	FULL MATCH: Bret Hart vs. Shawn Michaels | WWE Title Match: Survivor Series 1997
wwevault	flag:long-match	FULL MATCH: Randy Orton vs. John Cena | WWE Title WWE Iron Man Match: Bragging Rights 2009
wwevault	no-join	FULL EPISODE: Jeff Hardy talks TLC, Broken Universe and more with Austin: Broken Skull Sessions
wwevault	no-join	FULL MATCH: Ultimate Warrior & LOD vs. Demolition: Saturday Night’s Main Event, Oct. 13, 1990
wwevault	no-join	FULL SEGMENT: The Undertaker puts "Stone Cold" Steve Austin on his symbol: Raw, Dec. 7, 1998
wwevault	no-join	FULL MATCH: “Stone Cold” & Undertaker vs. Kane & Mankind | Hell in a Cell Match: Raw, June 15, 1998
wwevault	no-join	FULL MATCH: Randy Savage vs. Andre the Giant | WWE Title: Saturday Night’s Main Event, Nov. 26, 1988
wwevault	no-join	FULL MATCH: Hulk Hogan vs. Mr. Perfect: Saturday Night’s Main Event, April 28, 1990
wwevault	no-join	FULL MATCH: Undertaker vs. Kane | Inferno Match: Raw, Feb. 22, 1999
wwevault	flag:short-show	FULL EPISODE: Roddy Reforms | 3 Little Hulks: Hulk Hogan’s Rock ‘n’ Wrestling
wwevault	flag:short-show	FULL EPISODE: The Wrong Stuff: Hulk Hogan’s Rock ‘n’ Wrestling
wwevault	flag:short-show	FULL EPISODE: Hardy Boyz and Edge & Christian talk TLC | Table for 3
wwevault	no-join	FULL MATCH: The Brood vs. Ministry of Darkness: No Mercy UK 1999
wwevault	no-join	FULL MATCH: The Rockers vs. Brain Busters: WWE on MSG, Jan. 23, 1989
wwevault	no-join	FULL MATCH: Triple H vs. Edge | World Heavyweight Title Match: Raw, Feb. 7, 2005
wwevault	flag:short-show	FULL EPISODE: Ghost Wrestlers: Hulk Hogan’s Rock ‘n’ Wrestling
wwevault	flag:short-show	FULL EPISODE: Junkyard Dog’s Junkyard Dog | My Fair Wrestler: Hulk Hogan’s Rock ‘n’ Wrestling
wwevault	flag:short-show	FULL EPISODE: The Superfly Express: Hulk Hogan’s Rock ‘n’ Wrestling
wwevault	flag:short-show	FULL EPISODE: The Art of Wrestling | The Blue Lagoons: Hulk Hogan’s Rock ‘n’ Wrestling
wwevault	no-join	FULL MATCH: The Rock vs. Triple H vs. Brock Lesnar | WWE Title Match: Global Warning 2002
wwevault	no-join	FULL EPISODE: Mick Foley talks Hell in a Cell, Dude Love & more with Austin: Broken Skull Sessions
wwevault	flag:short-show	FULL EPISODE: Amazons Just Wanna Have Fun: Hulk Hogan’s Rock ‘n’ Wrestling
wwevault	flag:short-show	FULL EPISODE: Ballet Buffoons | Battle of the Bands: Hulk Hogan’s Rock ‘n’ Wrestling
wwevault	flag:short-show	FULL EPISODE: The Foster Wrestler: Hulk Hogan’s Rock ‘n’ Wrestling
wwevault	flag:short-show	FULL EPISODE: Big John’s Car Lot | Big Top Boobs: Hulk Hogan’s Rock ‘n’ Wrestling
wwevault	no-join	FULL MATCH: Bret Hart vs. Diesel | WWE Title Match: King of the Ring 1994
wwevault	no-join	FULL MATCH: Triple H vs. The Rock vs. Mankind vs. Kane vs. Big Show vs. British Bulldog
wwevault	no-join	FULL MATCH: “Stone Cold” Steve Austin vs. Kane vs. Undertaker | WWE Title Match: Breakdown 1998
wwevault	flag:short-show	FULL EPISODE: 10 Little Wrestlers: Hulk Hogan’s Rock ‘n’ Wrestling
wwevault	flag:short-show	FULL EPISODE: Captain Lou’s Crash Diet | Muscle Madness: Hulk Hogan’s Rock ‘n’ Wrestling
wwevault	flag:short-show	FULL EPISODE: Ali Bano & The 40 Geeks: Hulk Hogan’s Rock ‘n’ Wrestling
wwevault	flag:short-show	FULL EPISODE: Bucket: Hulk Hogan’s Rock ‘n’ Wrestling
wwevault	no-join	FULL MATCH: Triple H vs. “Stone Cold” Steve Austin | WWE Title No Holds Barred Match: No Mercy 1999
wwevault	no-join	FULL MATCH: "Stone Cold" Steve Austin vs. Rikishi: No Mercy 2000
wwevault	no-join	FULL MATCH: "Stone Cold" Steve Austin vs. Triple H vs. Undertaker | WWE Title: No Mercy UK 1999
wwevault	no-join	FULL MATCH: Rob Van Dam vs. Sabu | ECW TV Title Match: Wrestlepalooza 1998
wwevault	flag:short-show	FULL EPISODE: The Last Resort: Hulk Hogan’s Rock ‘n’ Wrestling
wwevault	flag:short-show	FULL EPISODE: Rock ‘n’ Zombies: Hulk Hogan’s Rock ‘n’ Wrestling
wwevault	flag:short-show	FULL EPISODE: Small But Mighty: Hulk Hogan’s Rock ‘n’ Wrestling
wwevault	flag:short-show	FULL EPISODE: Duke of Piperton | Robin Hulk & His Merry Wrestlers: Hulk Hogan’s Rock ‘n’ Wrestling
wwevault	flag:short-show	FULL EPISODE: Moolah’s Ugly Salon | Ballot Box Boneheads: Hulk Hogan’s Rock ‘n’ Wrestling
wwevault	flag:short-show	FULL EPISODE: Hog Society | Wrestling Roommates: Hulk Hogan’s Rock ‘n’ Wrestling
wwevault	flag:short-show	FULL EPISODE: The Wrestlers New Clothes | A Lesson in Scouting: Hulk Hogan’s Rock ‘n’ Wrestling
wwevault	flag:short-show	FULL EPISODE: Cheaters Never Prosper | Driving Me Crazy: Hulk Hogan’s Rock ‘n’ Wrestling
wwevault	no-join	FULL EPISODE: Godfather talks Papa Shango, Undertaker with Steve Austin: Broken Skull Sessions
wwevault	no-join	FULL MATCH: Undertaker vs. Shawn Michaels: In Your House: Ground Zero
wwevault	flag:short-show	FULL EPISODE: Gorilla My Dreams: Hulk Hogan’s Rock ‘n’ Wrestling
wwevault	flag:short-show	FULL EPISODE: Andre’s Giant Problem | Clean Gene: Hulk Hogan’s Rock ‘n’ Wrestling
wwevault	flag:short-show	FULL EPISODE: The Four-Legged Pickpocket: Hulk Hogan’s Rock ‘n’ Wrestling
wwevault	flag:short-show	FULL EPISODE: Junkyard 500 | Junkenstein: Hulk Hogan’s Rock ‘n’ Wrestling
wwevault	no-join	FULL MATCH: Dude Love vs. Hunter Hearst Helmsley: One Night Only 1997
wwevault	flag:short-show	FULL EPISODE: Duggan tries to knock Yokozuna off his feet: WWE Superstars, Feb. 6, 1993
wwevault	no-join	FULL MATCH: Ricky Steamboat vs. Jake Roberts | Snake Pit Match: The Big Event
wwevault	no-join	FULL MATCH: British Bulldog vs. Shawn Michaels | European Title Match: One Night Only 1997
wwevault	flag:short-show	FULL EPISODE: “Stone Cold” vs. Marc Mero; Undertaker in action: WWE Superstars, Aug. 17, 1996
wwevault	no-join	FULL MATCH: Bret Hart vs. Undertaker | WWE Title Match: One Night Only 1997
wwevault	no-join	FULL MATCH: Mankind & Undertaker vs. Shawn Michaels & Triple H: Raw, Aug. 18, 1997
wwevault	flag:short-show	FULL EPISODE: Taker & Roberts crash Savage & Elizabeth’s reception: WWE Superstars, Sept. 7, 1991
wwevault	no-join	FULL MATCH: Mankind vs. Triple H | Falls Count Anywhere No. 1 Contenders' Match: Raw, Aug. 16, 1999
wwevault	no-join	FULL MATCH: Reigns, Orton, Cesaro & Ambrose vs. Wyatt, Harper, Sheamus & Owens: SmackDown
wwevault	flag:short-show	FULL EPISODE: Brock Lesnar – The Next Big Thing | Ruthless Aggression
wwevault	no-join	FULL MATCH: The Rock & Dudley Boyz vs. Kurt Angle, Shane McMahon & Triple H: Raw, Aug. 14, 2000
wwevault	no-join	FULL MATCH: Kane vs. Big Show | No Disqualification Match: Rebellion 1999
wwevault	no-join	FULL MATCH: The Rock & Undertaker vs. Kurt Angle & Triple H: SmackDown, Aug. 10, 2000
wwevault	no-join	FULL EPISODE: Kevin Nash talks Kliq, nWo with Steve Austin: Broken Skull Sessions
wwevault	no-join	FULL MATCH: Andre the Giant vs. Hulk Hogan: Showdown at Shea 1980
wwevault	no-join	FULL MATCH: Masato Tanaka vs. Mike Awesome: ECW Heatwave 1998
wwevault	no-join	FULL MATCH: Roberts vs. Martel in pre-WrestleMania Blindfold Match: From the WWE Vault
wwevault	no-join	FULL MATCH: Diesel vs. Razor Ramon | Intercontinental Title Match: SummerSlam 1994
wwevault	no-join	FULL MATCH: Hulk Hogan vs. Ric Flair in rare dark match: From the WWE Vault
wwevault	no-join	FULL MATCH: Bret Hart vs. British Bulldog battle before SummerSlam 1992: From the WWE Vault
wwevault	no-join	FULL MATCH: Hulk Hogan & Brutus Beefcake vs. Randy Savage & Zeus: SummerSlam 1989
wwevault	no-join	FULL MATCH: Test vs. Shane McMahon | Greenwich Street Fight: SummerSlam 1999
wwevault	no-join	FULL SHOW: Sunday Night Slam August 1994 | Luger vs. Crush; Ramon, Nakano in action
wwevault	no-join	FULL MATCH: Jim Duggan & Demolition vs. Andre the Giant, Akeem & Big Boss Man: SummerSlam 1989
wwevault	no-join	FULL MATCH: Hulk Hogan vs. Big Boss Man: Saturday Night's Main Event, May 27, 1989
wwevault	no-join	FULL MATCH: Hulk Hogan vs. King Kong Bundy | WWE Title Steel Cage Match: WrestleMania 2
wwevault	no-join	FULL MATCH: Undertaker vs. Mankind | Boiler Room Brawl: SummerSlam 1996
wwevault	no-join	FULL EPISODE: Bret Hart tunes up for Mr. Perfect, Sid’s SummerSlam message: Superstars, Aug 24, 1991
wwevault	no-join	FULL MATCH: Yokozuna vs. Lex Luger | WWE Title Match: SummerSlam 1993
wwevault	no-join	FULL MATCH: The Rock vs. Triple H vs. Kurt Angle | WWE Title Triple Threat Match: SummerSlam 2000
wwevault	no-join	FULL MATCH: Shane McMahon vs. Steve Blackman | Hardcore Title Match: SummerSlam 2000
wwevault	no-join	FULL MATCH: “Stone Cold” Steve Austin vs. Mankind vs. Triple H | WWE Title Match: SummerSlam 1999
wwevault	no-join	FULL SHOW: SummerSlam Spectacular 1993 | Duggan vs. Yokozuna; Steiners vs. Money Inc. in a Cage
wwevault	no-join	FULL MATCH: Trish Stratus & Lita vs. Alicia Fox & Mickie James: WWE Evolution
wwevault	flag:short-show	FULL EPISODE: Hart, Lawler and Yankem talk New Generation | Table for 3
wwevault	no-join	FULL MATCH: Alundra Blayze vs. Bull Nakano | WWE Women’s Title Match: SummerSlam 1994
wwevault	no-join	FULL MATCH: Shawn Michaels vs. Mankind | WWE Title Match: In Your House: Mind Games
wwevault	no-join	FULL MATCH: Undertaker vs. King Mabel | Casket Match: WWE In Your House 5
wwevault	no-join	FULL MATCH: Razor Ramon & 1-2-3 Kid vs. Shawn Michaels & Diesel: WWE Action Zone, Oct. 30, 1994
wwevault	no-join	FULL MATCH: "Stone Cold" vs. Jake Roberts | King of the Ring Final: King of the Ring 1996
wwevault	no-join	FULL MATCH: Alundra Blayze & Bob Holly vs. Bull Nakano & Hakushi | From the WWE Vault
wwevault	no-join	FULL MATCH: Henry Godwinn vs. Hunter Hearst Helmsley | Arkansas Hog Pen Match: WWE In Your House 5
wwevault	no-join	FULL MATCH: The Hart Brothers vs. The Steiner Brothers: Wrestlefest 1994
wwevault	no-join	FULL MATCH: Randy Savage vs. Ultimate Warrior | WWE Title Match: SummerSlam 1992
wwevault	no-join	FULL EPISODE: Randy Orton talks John Cena rivalry, Evolution with Austin: Broken Skull Sessions
wwevault	no-join	FULL MATCH: Undertaker vs. “Stone Cold” Steve Austin | WWE Title Match: Raw, June 28, 1999
wwevault	no-join	FULL MATCH: Doring & Roadkill vs. FBI at MSG: From the WWE Vault
wwevault	no-join	FULL MATCH: The Rock vs. Triple H vs. Kurt Angle: Raw, June 26, 2000
wwevault	no-join	FULL MATCH: Ultimate Warrior & Texas Tornado vs. Mr. Perfect & Rick Rude: Aug. 8, 1990
wwevault	no-join	FULL EPISODE: Michaels impresses, Warrior reacts to Shango’s curse: WWE Superstars, June 13, 1992
wwevault	no-join	FULL MATCH: Money in the Bank Ladder Match: WrestleMania 23
wwevault	no-join	FULL EPISODE: Undertaker back for One More Round with Austin: Broken Skull Sessions
wwevault	no-join	FULL MATCH: Money in the Bank Ladder Match: WrestleMania 22
wwevault	no-join	FULL MATCH: AAA mini stars shine at When Worlds Collide 1994
wwevault	no-join	FULL MATCH: Money in the Bank Ladder Match: WrestleMania XXVI
wwevault	no-join	FULL MATCH: The Undertaker vs. Kane | No. 1 Contender's Match: Raw, June 1, 1998
wwevault	no-join	FULL SEGMENT: Undertaker collides with Great Khali and Big Show: Saturday Night’s Main Event
wwevault	no-join	FULL MATCH: John Cena vs. The Great Khali | WWE Title Falls Count Anywhere: WWE One Night Stand 2007
wwevault	no-join	FULL MATCH: Earthquake vs. Yokozuna | Sumo Match: Raw, May 16, 1994
wwevault	no-join	FULL MATCH: Hulk Hogan & “Rowdy” Roddy Piper vs. Ric Flair & Sid Justice: March 9, 1992
wwevault	flag:long-match	FULL MATCH: The Rock vs. Triple H | WWE Title Iron Man Match: Judgment Day 2000
wwevault	no-join	FULL EPISODE: Papa Shango makes his opponent feel the heat: WWE Superstars, May 30, 1992
wwevault	no-join	FULL MATCH: 2012 Money in the Bank Ladder Match for a World Title Contract: WWE Money in the Bank
wwevault	no-join	FULL MATCH: Randy Savage & Bret Hart vs. Ric Flair & Shawn Michaels: July 20, 1992
wwevault	no-join	FULL EPISODE: Undertaker’s close call with Berzerker’s sword: WWE Superstars, April 25, 1992
wwevault	no-join	FULL EPISODE: The rise of Evolution | WWE Ruthless Aggression
wwevault	no-join	FULL MATCH: Ric Flair vs. Kerry Von Erich | NWA World Title Match: WCCW, May 6, 1984
wwevault	no-join	FULL MATCH: John Cena vs. Randy Orton in OVW: From the WWE Vault
wwevault	no-join	FULL MATCH: The Undertaker vs. Kane | Inferno Match: WWE Unforgiven: In Your House 1998
wwevault	no-join	FULL EPISODE: John Cena’s journey to the top | WWE Ruthless Aggression
wwevault	no-join	FULL MATCH: "Stone Cold" Steve Austin & The Rock vs. Undertaker & Triple H: SmackDown, Apr. 29, 1999
wwevault	no-join	FULL EPISODE: Kurt Angle talks Olympics, Hall of Fame WWE career with Austin: Broken Skull Sessions
wwevault	no-join	FULL MATCH: Randy Savage vs. Ted DiBiase | WWE Title Tournament Final: WrestleMania IV
wwevault	no-join	FULL MATCH: Undertaker vs. Mark Henry | Casket Match: WrestleMania 22
wwevault	no-join	FULL MATCH: WrestleMania XXVII Pre-Show Battle Royal
wwevault	no-join	FULL MATCH: Batista vs. Umaga: WrestleMania XXIV
wwevault	no-join	FULL MATCH: WWE Tag Team Title Triangle Ladder Match: WrestleMania 2000
wwevault	no-join	FULL MATCH: Ric Flair vs. The Undertaker | No Disqualification Match: WrestleMania X8
wwevault	no-join	FULL MATCH: Triple H vs. Sheamus: WrestleMania XXVI
wwevault	no-join	FULL MATCH: Jake Roberts vs. Andre the Giant: WrestleMania V
wwevault	no-join	FULL MATCH: Lawrence Taylor vs. Bam Bam Bigelow: WrestleMania XI
wwevault	no-join	FULL SHOW: March to WrestleMania X – Yokozuna vs. Tatanka, Bret Hart and Lex Luger in action
wwevault	no-join	FULL MATCH: Randy Orton vs. Cody Rhodes vs. Ted DiBiase Jr.: WrestleMania XXVI
wwevault	no-join	FULL MATCH: Chris Jericho vs. Triple H – WWE Title Match: WrestleMania X8
wwevault	no-join	FULL MATCH: Kane vs. Kurt Angle: WrestleMania X8
wwevault	no-join	FULL MATCH: The Undertaker vs. Diesel: WrestleMania XII
wwevault	no-join	FULL MATCH: Natural Disasters vs. Money Inc. – World Tag Team Title Match: From the WWE Vault
wwevault	no-join	FULL MATCH: Shawn Michaels vs. Chris Jericho: WrestleMania XIX
wwevault	no-join	FULL MATCH: Undertaker vs. Kane: WrestleMania XX
wwevault	no-join	FULL MATCH: Team Total Divas vs. Team B.A.D. and Blonde: WrestleMania 32 Kickoff
wwevault	no-join	FULL SHOW: March to WrestleMania IX – Undertaker vs. Bigelow, Yokozuna vs. Savage and more!
wwevault	no-join	FULL MATCH: Matt Hardy vs. Rey Mysterio - WWE Cruiserweight Title Match: WrestleMania XIX
wwevault	no-join	FULL MATCH: Yokozuna vs. Bret Hart – WWE Title Match: WrestleMania X
wwevault	no-join	FULL MATCH: WrestleMania 21 Pre-Show Battle Royal
wwevault	no-join	FULL MATCH: Triple H vs. Batista – World Heavyweight Title Match: WrestleMania 21
wwevault	no-join	FULL MATCH: Sycho Sid vs. The Undertaker – WWE Title Match: WrestleMania 13
wwevault	no-join	FULL MATCH: Big Show vs. John Cena — U.S. Title Match: WrestleMania XX
wwevault	no-join	FULL MATCH: Paige & AJ Lee vs. The Bella Twins: WrestleMania 31
wwevault	no-join	FULL MATCH: Gimmick Battle Royal: WrestleMania X-Seven
wwevault	no-join	FULL EPISODE: Jerry Lawler talks Andy Kaufman, Memphis Wrestling with Austin: Broken Skull Session..
wwevault	no-join	FULL MATCH: Rey Mysterio vs. CM Punk: WrestleMania XXVI
wwevault	no-join	FULL MATCH: Kane vs. The Great Khali: WrestleMania 23
wwevault	no-join	FULL MATCH: "Stone Cold" Steve Austin vs. Scott Hall: WrestleMania X8
wwevault	no-join	FULL MATCH: CM Punk vs. Chris Jericho – WWE Title Match: WrestleMania XXVIII
wwevault	no-join	FULL MATCH: Fatal Four-Way Raw Tag Team Title Ladder Match: WrestleMania 33
wwevault	no-join	FULL MATCH: Diesel vs. Shawn Michaels – WWE Title Match: WrestleMania XI
wwevault	no-join	FULL MATCH: Jazz vs. Trish Stratus vs. Lita – WWE Women’s Title: WrestleMania X8
wwevault	no-join	FULL MATCH: Big Show vs. Akebono | Sumo Match: WrestleMania 21
wwevault	no-join	FULL MATCH: Undertaker vs. Triple H: WrestleMania X-Seven
wwevault	no-join	FULL MATCH: Yokozuna vs. Lex Luger – WWE Title Match: WrestleMania X
wwevault	no-join	FULL MATCH: Sycho Sid vs. Bret Hart – WWE Title Steel Cage Match: Raw, March 17, 1997
wwevault	no-join	FULL MATCH: “Stone Cold” Steve Austin vs. Dude Love – Falls Count Anywhere Match: Over the Edge 1998
wwevault	no-join	FULL MATCH: Shawn Michaels vs. “Stone Cold” Steve Austin – WWE Title Match: WrestleMania XIV
wwevault	no-join	FULL MATCH: Raven vs. Big Show vs. Kane | Hardcore Title Triple Threat Match: WrestleMania X-Seven
wwevault	no-join	FULL MATCH: Ric Flair vs Texas Tornado: WWE in Barcelona, Oct. 5, 1991
wwevault	no-join	FULL MATCH: Randy Savage vs. Crush – Falls Count Anywhere Match: WrestleMania X
wwevault	no-join	FULL MATCH: Undertaker vs. Jake Roberts: WrestleMania VIII
wwevault	no-join	FULL MATCH: WWE vs. NFL Battle Royal: WrestleMania 2
wwevault	no-join	FULL MATCH: Andre the Giant & Haku vs. Demolition – WWE Tag Team Title Match: WrestleMania VI
wwevault	no-join	FULL MATCH: Jeff Hardy vs. Matt Hardy – Extreme Rules Match: WrestleMania 25
wwevault	no-join	FULL MATCH: Trish Stratus vs. Victoria vs. Jazz — Women’s Title Triple Threat: WrestleMania XIX
wwevault	no-join	FULL MATCH: Undertaker vs. Giant Gonzales: WrestleMania IX
wwevault	no-join	FULL MATCH: Andre the Giant vs. Big John Studd | Body Slam Challenge: WrestleMania I
wwevault	no-join	FULL MATCH: Fandango vs. Chris Jericho: WrestleMania 29
wwevault	no-join	FULL EPISODE: Mark Henry talks Hall of Pain with Steve Austin: Broken Skull Sessions
wwevault	no-join	FULL MATCH: Bret Hart vs. Undertaker vs. "Stone Cold" vs. Vader: In Your House: The Final Four
wwevault	no-join	FULL MATCH: Mankind vs. The Rock – WWE Title Last Man Standing Match: St. Valentine’s Day Massacre
wwevault	no-join	FULL MATCH: “Stone Cold” Steve Austin vs. Psycho Sid: Raw, Feb. 13, 1997
wwevault	no-join	FULL EPISODE: Ric Flair talks legendary career with “Stone Cold” Steve Austin: Broken Skull Sessio..
wwevault	flag:short-show	FULL EPISODE: Charlotte Flair and Becky Lynch hit the road: WWE Ride Along
wwevault	no-join	FULL MATCH: 15-Man Elimination Chamber Qualifying Battle Royal: SmackDown, Feb. 6, 2009
wwevault	no-join	FULL MATCH: Hulk Hogan vs. Andre the Giant – WWE Title Match: The Main Event, Feb. 5, 1988
wwevault	flag:long-match	FULL MATCH: 1989 Royal Rumble Match: Royal Rumble 1989
wwevault	flag:long-match	FULL MATCH: 1990 Royal Rumble Match: Royal Rumble 1990
wwevault	flag:long-match	FULL MATCH: 1993 Royal Rumble Match: Royal Rumble 1993
wwevault	no-join	FULL MATCH: 1998 Royal Rumble Match: Royal Rumble 1998
wwevault	no-join	FULL MATCH: Ricky Steamboat vs. Rick Rude: Royal Rumble 1988
wwevault	flag:long-match	FULL MATCH: 2001 Royal Rumble Match: Royal Rumble 2001
wwevault	no-join	FULL MATCH: Dusty Rhodes vs. Randy Savage: Saturday Night’s Main Event, Oct. 13, 1990
wwevault	no-join	FULL MATCH: Bret Hart vs. Razor Ramon – WWE Title Match: Royal Rumble 1993
wwevault	no-join	FULL MATCH: Triple H vs. Cactus Jack | WWE Title Street Fight: Royal Rumble 2000
wwevault	no-join	FULL MATCH: Yokozuna vs. Undertaker – WWE Title Casket Match: Royal Rumble 1994
wwevault	no-join	FULL MATCH: Five-Man Royal Rumble Match: SmackDown, Sept. 16, 1999
wwevault	no-join	FULL MATCH: Shawn Michaels vs. Undertaker – WWE Title Casket Match: Royal Rumble 1998
wwevault	no-join	FULL MATCH: The Hardy Boyz vs. The Dudley Boyz | Tag Team Tables Match: Royal Rumble 2000
wwevault	no-join	FULL MATCH: Bret Hart vs. The Undertaker — WWE Championship Match: Royal Rumble 1996
wwevault	no-join	FULL MATCH: Tag Team Royal Rumble: Raw, June 15, 1998
wwevault	no-join	FULL EPISODE: Big Show talks rumored Shaq match, Taker’s mentorship: Broken Skull Sessions
wwevault	no-join	FULL MATCH: 1988 Royal Rumble Match: Royal Rumble 1988
wwevault	no-join	FULL MATCH: “Stone Cold” Steve Austin vs. Undertaker – Buried Alive Match: Rock Bottom 1998
wwevault	no-join	FULL MATCH: Dusty Rhodes & Dustin Rhodes vs. Ted DiBiase & Virgil: Royal Rumble 1991
wwevault	no-join	FULL EPISODE: Prime Time Wrestling – Warrior, Rude, Perfect and more in action!
wwevault	no-join	FULL MATCH: Eliminators vs. Sabu & Mikey Whipwreck – ECW Tag Team Title Match: ECW Heat Wave 1996
wwevault	no-join	FULL MATCH: Taz vs. Bam Bam Bigelow – ECW Television Title Match: Living Dangerously 1998
wwevault	no-join	FULL MATCH: Steiners & Eddie Guerrero vs. Cactus Jack, Dean Malenko & Scorpio: Wrestlepalooza 1995
wwevault	no-join	FULL MATCH: Tajiri vs. Super Crazy – Mexican Death Match: ECW on TNN, Jan. 21, 2000
wwevault	no-join	FULL MATCH: Rob Van Dam vs. Jerry Lynn – ECW Television Title Match: Hardcore Heaven 1999
wwevault	no-join	FULL MATCH: Rey Mysterio vs. Juventud Guerrera – 2-out-of-3 Falls: ECW Big Ass Extreme Bash 1996
wwevault	no-join	FULL EPISODE: Bret Hart talks WrestleMania, Montreal and more with Austin: Broken Skull Sessions
wwevault	no-join	FULL MATCH: Bret Hart vs. The 1-2-3 Kid – WWE Title Match: Raw, July 11, 1994
wwevault	no-join	FULL MATCH: Mankind vs. The Rock — WWE Title Ladder Match: Raw, Feb. 15, 1999
wwevault	no-join	FULL MATCH: Hogan & Andre vs. Bundy & Studd: Saturday Night's Main Event Nov. 2, 1985
wwevault	no-join	FULL MATCH: The British Bulldogs vs. The Hart Foundation: Saturday Night’s Main Event, May 2, 1987
wwevault	no-join	FULL MATCH: Randy Savage vs. Bret Hart: Saturday Night’s Main Event, Nov. 28, 1987
wwevault	no-join	FULL MATCH: The Mega Powers form: Saturday Night’s Main Event, Oct. 3, 1987
wwevault	no-join	FULL MATCH: Ultimate Warrior vs. Andre the Giant: Saturday Night’s Main Event, Nov. 25, 1989
wwevault	no-join	FULL MATCH: Hulk Hogan & Sid vs. Ric Flair & Undertaker: Saturday Night’s Main Event, Feb. 8, 1992
wwevault	no-join	FULL MATCH: Hogan & Warrior vs. Mr. Perfect & Genius: Saturday Night’s Main Event, Jan. 27, 1990
wwevault	no-join	FULL MATCH: Shawn Michaels vs. Marty Jannetty – Intercontinental Title Match: Raw, May 17, 1993
wwevault	no-join	FULL MATCH: Kane vs. "Stone Cold" Steve Austin – WWE Title Match: Raw, June 29, 1998
wwevault	no-join	FULL EPISODE: Finn Bálor’s first NXT victory, plus Zayn, Bliss & more: WWE NXT, Nov. 13, 2014
wwevault	no-join	FULL MATCH: Undertaker & Austin vs. Kane & Mankind vs. DX vs. Rock & D'Lo Brown: Raw, Aug. 10, 1998
wwevault	no-join	FULL SHOW: Survivor Series Showdown 1993
wwevault	no-join	FULL MATCH: 10-on-10 Survivor Series Elimination Match: Survivor Series 1988
wwevault	no-join	FULL MATCH: Ultimate Survivor Series Match: Survivor Series 1990
wwevault	no-join	FULL MATCH: Ultimate Warriors vs. Heenan Family: Survivor Series 1989
wwevault	no-join	FULL MATCH: Team Blayze vs. Team Faye: Survivor Series 1995
wwevault	no-join	FULL EPISODE: Kane talks Undertaker rivalry, Isaac Yankem & more with Austin: Broken Skull Session..
wwevault	no-join	FULL MATCH: Team Rocky vs. Team Helmsley: Survivor Series 1996
wwevault	no-join	FULL MATCH: The Warriors vs. The Perfect Team: Survivor Series 1990
wwevault	no-join	FULL MATCH: Hulkamaniacs vs. Million Dollar Team: Survivor Series 1989
wwevault	no-join	FULL MATCH: The All-Americans vs. The Foreign Fanatics: Survivor Series 1993
wwevault	no-join	FULL MATCH: Hulk Hogan vs. The Undertaker - WWE Title Match: WWE Survivor Series 1991
wwevault	no-join	FULL MATCH: Shawn Michaels vs. Sycho Sid – WWE Title Match: Survivor Series 1996
wwevault	no-join	FULL MATCH: Diesel vs. Bret Hart – WWE Title No Disqualification Match: Survivor Series 1995
wwevault	no-join	FULL MATCH: The Rock, Shane McMahon, Kane & Test vs. D-Generation X: SmackDown, Nov. 11, 1999
wwevault	no-join	FULL MATCH: WarGames Match: Fall Brawl 1994
wwevault	no-join	FULL MATCH: WarGames Match: Fall Brawl 1993
wwevault	no-join	FULL MATCH: WarGames Match: Great American Bash 1989
wwevault	no-join	FULL MATCH: Team Hogan vs. Team Andre: Survivor Series 1987
wwevault	no-join	FULL MATCH: The Rock & Mankind vs. Undertaker & Big Show - World Tag Team Titles Buried Alive Match
wwevault	no-join	FULL MATCH: The Undertaker vs. Mankind – Buried Alive Match: WWE In Your House: Buried Alive
wwevault	no-join	FULL EPISODE: Goldberg talks Monday Night War with Austin: Broken Skull Sessions
wwevault	no-join	FULL MATCH: “Stone Cold” Steve Austin vs. Ken Shamrock – “I Quit” Match: Raw, Oct. 26, 1998
wwevault	no-join	FULL MATCH: The Undertaker vs. CM Punk: WrestleMania 29
wwevault	no-join	FULL MATCH: Kurt Angle vs. The Rock vs. Triple H | WWE Title Triple Threat Match: Raw, Oct. 23, 2000
wwevault	no-join	FULL MATCH: Goldberg vs. Lex Luger: Nitro, Oct. 18, 1999
wwevault	no-join	FULL MATCH: Hardy Boyz vs. Edge & Christian | Ladder Match: WWE No Mercy 1999
wwevault	no-join	FULL MATCH: Hulk Hogan vs. The Giant – WCW Title Match: WCW Halloween Havoc 1995
wwevault	no-join	FULL MATCH: Undertaker vs. AJ Styles – Boneyard Match: WrestleMania 36 Part 1
wwevault	no-join	FULL MATCH: Eddie Guerrero vs. Rey Mysterio – Title vs. Mask Match: WCW Halloween Havoc 1997
wwevault	no-join	FULL MATCH: Bayley vs. Sasha Banks - NXT Women's Title 30-Minute Iron Man Match
wwevault	no-join	FULL MATCH: Bret Hart vs. Sting - U.S. Title Match: WCW Halloween Havoc 1998
wwevault	no-join	FULL MATCH: Rikishi & The Rock vs. Kane & Kurt Angle: Raw, Oct. 9, 2000
wwevault	no-join	FULL MATCH: Triple H vs. Cactus Jack — Hell in a Cell Match: No Way Out 2000
wwevault	no-join	FULL MATCH: The Rock vs. Mankind vs. Ken Shamrock — Steel Cage: Breakdown: In Your House
wwevault	no-join	FULL EPISODE: Undertaker talks three decades of destruction with Austin: Broken Skull Sessions
wwevault	no-join	FULL MATCH: Blitzkrieg vs. Juventud Guerrera: WCW Spring Stampede 1999
wwevault	no-join	FULL MATCH: The Undertaker vs. Triple H — Hell in a Cell Match: WrestleMania XXVIII
wwevault	no-join	FULL MATCH: Batista, Cena & Cryme Tyme vs. JBL, Kane & Legacy – Saturday Night’s Main Event
wwevault	no-join	FULL MATCH: Chris Jericho vs. Eddie Guerrero — WCW Cruiserweight Title Match: Fall Brawl 1997
wwevault	no-join	FULL MATCH: Undertaker vs. Shawn Michaels — Hell in a Cell Match: In Your House: Badd Blood 1997
wwevault	no-join	FULL MATCH: Bret "Hit Man" Hart vs. Mr. Perfect — Intercontinental Title Match: SummerSlam 1991
wwevault	no-join	FULL MATCH: Randy Savage vs. Ricky Steamboat — Intercontinental Title Match: WrestleMania III
wwevault	no-join	FULL MATCH: Bret Hart vs. British Bulldog — Intercontinental Title Match: SummerSlam 1992
wwevault	no-join	FULL MATCH: Bret Hart vs. Shawn Michaels — Intercontinental Title Ladder Match: July 21, 1992
wwevault	no-join	FULL MATCH: Rick Rude vs. Ultimate Warrior — Intercontinental Title Match: SummerSlam 1989
wwevault	no-join	FULL MATCH: The Rock vs. British Bulldog: No Mercy 1999
wwevault	no-join	FULL MATCH: Sasha Banks vs. Bayley — NXT Women's Title Match: NXT TakeOver: Brooklyn
wwevault	no-join	FULL MATCH: Drew McIntyre vs. Ethan Page – Anything Goes Match: EVOLVE 63
wwevault	no-join	FULL MATCH: WALTER vs. Tyler Bate — NXT UK Title Match: NXT UK TakeOver: Cardiff
wwevault	no-join	FULL MATCH: Walter vs. Ilja Dragunov – NXT UK Title: NXT TakeOver 36
wwevault	no-join	FULL MATCH: Booker T vs. Bret Hart — WCW World Television Title Match: WCW Bash at the Beach 1998
wwevault	no-join	FULL SEGMENT: Triple H declares “I am The Game!”: Sunday Night Heat, July 25, 1999
wwevault	no-join	FULL MATCH: Rey Mysterio Jr. vs. Psychosis: WCW Bash at the Beach 1996
wwevault	no-join	FULL MATCH: Rob Van Dam & Sabu vs. Hayabusa & Jinsei Shinzaki: ECW Heat Wave 1998
wwevault	no-join	FULL MATCH: The Rock vs. Triple H — Intercontinental Title Ladder Match: SummerSlam 1998
wwevault	no-join	FULL MATCH: Jeff Hardy vs. CM Punk — World Heavyweight Title TLC Match
wwevault	no-join	FULL MATCH: Seth Rollins vs. Rey Mysterio — Eye for an Eye: Match Extreme Rules 2020
wwevault	no-join	FULL MATCH: Randy Orton vs Christian — World Heavyweight Title No Holds Barred Match: SummerSlam
wwevault	no-join	FULL MATCH: Hardy Boyz vs. Dudley Boyz vs. Edge & Christian – TLC Match: SummerSlam 2000
wwevault	no-join	FULL MATCH: Bray Wyatt vs. Braun Strowman — Wyatt Swamp Fight: The Horror Show at Extreme Rules 2020
wwevault	no-join	FULL MATCH: Hulk Hogan, Shawn Michaels & John Cena vs. Jericho, Christian & Tomko: Raw, 6/27/2005
wwevault	no-join	FULL MATCH: Lyra Valkyria & Dragon Lee vs. Rhea Ripley & "Dirty" Dominik Mysterio: NXT Heatwave 2023
wwevault	no-join	FULL MATCH: CM Punk vs. John Cena — WWE Championship Match: Raw 1000
wwevault	no-join	FULL MATCH: The Undertaker vs. Mankind | Hell in a Cell Match: King of the Ring 1998
wwevault	no-join	FULL MATCH: AJ Styles vs. Shinsuke Nakamura – WWE Title Last Man Standing Match: Money in the Bank
wwevault	no-join	FULL MATCH: Money in the Bank Ladder Match for a World Title Contract: Money in the Bank ’15
wwevault	no-join	FULL MATCH: CM Punk wins Money in the Bank Ladder Match for second time: WrestleMania XXV
wwevault	no-join	FULL MATCH: Money in the Bank Ladder Match for a WWE Title Contract
momoicon	no-join	Debra & Shane McMahon Remembers Owen Hart: WWF Raw Is War May 24, 1999 HD
momoicon	no-join	Edge, Road Dogg, X-Pac, Paul Bearer and More Remembers Owen Hart: WWF Raw Is War May 24, 1999 HD
momoicon	no-join	Jeff Jarrett, Dustin Rhodes, Farooq and More Remembers Owen Hart: WWF Raw Is War May 24, 1999 HD
momoicon	no-join	Triple H, Chyna, Mark Henry, Mick Foley and More Remembers Owen Hart: WWF Raw Is War May 24, 1999 HD
momoicon	no-join	Arn Anderson announces his Retirement: WCW Monday Nitro August 25, 1997 HD
momoicon	no-join	Eddie Guerrero wants his Wallet Back! (unmasks Mexican Wrestlers): WCW Monday Nitro July 5, 1999 HD
momoicon	no-join	Kane & Big Show meet for a confrontation (Mark Henry Wants a Title Match): WWE ECW June 17, 2008 HD
momoicon	no-join	Hornswoggle vs Armando Estrada: WWE ECW June 17, 2008 HD
momoicon	no-join	ECW Battle Royal: WWE Raw September 1, 2008 HD
momoicon	no-join	The Godfather became "The Goodfather" and Joins Right to Censor: WWF SmackDown June 27, 2000 HD
momoicon	no-join	D-Lo Brown vs Droz (w/Albert): WWF SmackDown April 29, 1999 HD
momoicon	no-join	Golga vs Thrasher: WWF Raw Is War May 25, 1998 HD (The Oddities Debut)
momoicon	no-join	Team Hell No vs Team Rhodes Scholars — WWE Tag Team Championship Match: WWE Main Event 2012 HD
momoicon	no-join	Dolph Ziggler vs Sheamus vs Alberto del Rio — IC Title 1st Contender Match: WWE Main Event 2014 HD
momoicon	no-join	Big Show vs The Usos, Brodus Clay & The Great Khali — Gauntlet Match: WWE Main Event 2013 HD
momoicon	no-join	Shannon Moore, Wang Yang, Jesse & Festus vs Deuce, Domino, Hawkins & Ryder: WWE SmackDown 2008 HD
momoicon	no-join	Randy Orton vs Ted DiBiase: WWE Raw July 6, 2009 HD (Ted DiBiase Jr. Slaps his Father)
momoicon	no-join	Cody Rhodes vs Mark Henry: WWE Raw July 6, 2009 HD
momoicon	no-join	Ted DiBiase Returns and Gives Legacy a Chance to prove themeselves: WWE Raw July 6, 2009 HD
momoicon	no-join	Matt Hardy vs Edge — Extreme Rules Match: WWE SmackDown January 23, 2009 HD
momoicon	no-join	Edge & Chris Jericho vs Primo & Carlito: WWE Raw July 23, 2009 HD [Carlito Heel Turn]
momoicon	no-join	Big Show vs MVP, Shelton Benjamin, Kozlov & The Great Khali — Handicap Match: WWE SmackDown 2008 HD
momoicon	no-join	Triple H vs Chris Jericho vs Matt Hardy — Champion of Champions Match: WWE SmackDown 2008 HD (2/2)
momoicon	no-join	Triple H vs Chris Jericho vs Matt Hardy — Champion of Champions Match: WWE SmackDown 2008 HD (1/2)
momoicon	no-join	CM Punk vs Mark Henry: WWE ECW February 12, 2008 HD
momoicon	no-join	Randy Orton vs Evan Bourne, Jack Swagger & Mark Henry — 3 on 1 Gauntlet Match: WWE Raw 2009 HD (2/2)
momoicon	no-join	Randy Orton vs Evan Bourne, Jack Swagger & Mark Henry — 3 on 1 Gauntlet Match: WWE Raw 2009 HD (1/2)
momoicon	no-join	Cryme Tyme vs Lance Cade & Trevor Murdoch: WWE Raw Match 30, 2008 HD [Cryme Tyme Returns To WWE]
momoicon	no-join	Triple H vs Snitsky, Mark Henry & William Regal — Over The Top Rope Challenge: WWE Raw  2008 HD
momoicon	no-join	Matt Hardy, Finlay & Kofi Kingston vs William Regal, Cody Rhodes & Mark Henry: WWE ECW 2008 HD
momoicon	no-join	Money In The Bank Qualifying Battle Royal: WWE ECW March 10, 2009 HD
momoicon	no-join	CM Punk, Kofi Kingston & Ricky Ortiz vs Jack Swagger, The Miz & John Morrison: WWE ECW 2008 HD
momoicon	no-join	Jeff Hardy & Rey Mysterio vs Edge & Chris Jericho — Steel Cage Match: WWE SmackDown 2009 HD (2/2)
momoicon	no-join	Jeff Hardy & Rey Mysterio vs Edge & Chris Jericho — Steel Cage Match: WWE SmackDown 2009 HD (1/2)
momoicon	no-join	Triple H vs Ric Flair — Royal Rumble Spot vs Career Match: WWE Raw December 31, 2007 HD (2/2)
momoicon	no-join	Triple H vs Ric Flair — Royal Rumble Spot vs Career Match: WWE Raw December 31, 2007 HD (1/2)
momoicon	no-join	Mr. McMahon Talks to Triple H and Ric Flair Before their Match: WWE Raw December 31, 2007 HD
momoicon	no-join	The Godfather vs Vader (Vader Takes The Hoes): WWF Raw Is War August 10, 1998 HD
momoicon	no-join	William Regal vs Hornswoggle (William Regal Face Turn?): WWE Raw December 31, 2007 HD
momoicon	no-join	Kaientai vs D-Generation X: WWF Raw Is War September 12, 1998 HD
momoicon	no-join	Bobby Lashley & Tatanka vs William Regal & Dave Taylor (Tatanka Heel Turn): WWE SmackDown 2006 HD
momoicon	no-join	The VIP Lounge with Mr Kennedy (The Boogeyman Attacks MVP): WWE SmackDown January 9, 2009 HD
momoicon	no-join	Rey Mysterio & Spike Dudley vs The Dudley Boyz (Spike Dudley Heel Turn): WWE SmackDown 2004 HD
momoicon	no-join	Bart Gunn vs Dr. Death — Brawl For All Match: WWF Raw Is War July 27, 1998 HD [Bart KO's Dr. Death]
momoicon	no-join	Val Venis vs Scorpio (Val Venis Debut in WWE): WWF Raw Is War May 18, 1998 HD
momoicon	no-join	Cody Rhodes, Holly, Duggan & Super Crazy vs Lance Cade, Murdoch & The Highlanders: WWE Raw 2007 HD
momoicon	no-join	R-Truth & Cryme Tyme vs Ricky Ortiz, Shelton Benjamin & Charlie Haas: WWE SmackDown 2009 HD
momoicon	no-join	Matt Hardy Destroys Hurricane Helms: WWE SmackDown February 6, 2009 HD
momoicon	no-join	The Brian Kendrick & Goldust vs Primo & Carlito: WWE Raw 2009 HD
momoicon	no-join	CM Punk & Kane vs Chavo Guerrero & Shelton Benjamin: WWE SmackDown February 15, 2008 HD
momoicon	no-join	Cody Rhodes & Hardcore Holly vs Paul London & Brian Kendrick — WWE Tag Titles Match: WWE Raw 2008 HD
momoicon	no-join	The Miz & John Morrison vs Tommy Dreamer & Colin Delaney — Extreme Rules Match: WWE ECW 2008 HD
momoicon	no-join	Matt Hardy vs Mr Kennedy vs Chavo Guerrero vs Shelton Benjamin — USA Title Match: WWE SmackDown 2008
momoicon	no-join	WWF Sunday Night Heat January 17, 1999 HD | FULL SHOW
momoicon	no-join	WWF Sunday Night Heat January 10, 1999 HD | FULL SHOW
momoicon	no-join	WWF Sunday Night Heat December 27, 1998 HD | FULL SHOW
momoicon	no-join	Jamie Noble vs Hornswoggle — Cruserweight Championship Match: WWE SmackDown September 7, 2007 HD
momoicon	no-join	WWF Sunday Night Heat November 29, 1998 HD | FULL SHOW
momoicon	no-join	WWF Sunday Night Heat November 22, 1998 HD | FULL SHOW
momoicon	no-join	WWF Sunday Night Heat November 15, 1998 HD (Survivor Series 1998 Pre-Show) | FULL SHOW
momoicon	no-join	WWF Sunday Night Heat November 1, 1998 HD | FULL SHOW
momoicon	no-join	Dolph Ziggler, RVD & Kofi Kingston vs Seth Rollins, Swagger & Bad News Barrett: Main Event 2014 HD
momoicon	no-join	Jesse, Festus & Kofi Kingston vs Lance Cade, Trevor Murdoch & The Miz: WWE SmackDown 2008 HD
momoicon	no-join	WWF Sunday Night Heat October 11, 1998 HD | FULL SHOW
momoicon	no-join	WWF Sunday Night Heat September 20, 1998 HD | FULL SHOW
momoicon	no-join	WWF Sunday Night Heat September 13, 1998 HD | FULL SHOW
momoicon	no-join	WWF Sunday Night Heat September 6, 1998 HD | FULL SHOW
momoicon	no-join	WWF Sunday Night Heat August 30, 1998 HD (SummerSlam 1998 Pre-Show) | FULL SHOW
momoicon	no-join	WWF Sunday Night Heat August 23, 1998 HD | FULL SHOW
momoicon	no-join	Deuce N' Domino & Chavo Guerrero vs Paul London, Brian Kendrick & Wang Yang: WWE SmackDown 2007 HD
momoicon	no-join	The Boogeyman vs Matt Striker (w/Big Daddy V) + Big Daddy V Destroys The Boogeyman: WWE ECW 2007 HD
momoicon	no-join	WWF Sunday Night Heat November 8, 1998 HD | FULL SHOW
momoicon	no-join	WWF Sunday Night Heat October 25, 1998 HD | FULL SHOW
momoicon	no-join	John Cena & Bobby Lashley vs Shane McMahon, Umaga & The Great Khali — Handicap Match: Raw 2007 HD
momoicon	no-join	Big Daddy V Debuts and Destroys The Boogeyman: WWE ECW July 2007 HD
momoicon	no-join	Natalya vs Summer Rae: WWE Superstars Match 18, 2016 HD
momoicon	no-join	WWF Sunday Night Heat April 25, 1999 HD (Backlash 1999 Pre-Show) | FULL SHOW
momoicon	no-join	WWF Sunday Night Heat June 6, 1999 HD | FULL SHOW
momoicon	no-join	WWF Sunday Night Heat January 24, 1999 HD (Royal Rumble 1999 Pre-Show) | FULL SHOW
momoicon	no-join	Big Show vs Joey Ryan, Ryan Taylor & Matt Jackson — Gauntlet Match: WWE SmackDown 2008 HD
momoicon	no-join	Brian Kendrick, Paul London & Wang Yang vs Daivari, Chavo Guerrero & Jamie Noble: SmackDown 2007 HD
momoicon	no-join	WWF Sunday Night Heat July 25, 1999 HD (Fully Loaded 1999 Pre-Show) | FULL SHOW
momoicon	no-join	WWF Sunday Night Heat January 3, 1999 HD | FULL SHOW
momoicon	no-join	WWF Sunday Night Heat September 27, 1998 HD (BreakDown 1998 Pre-Show) | FULL SHOW
momoicon	no-join	Val Venis, Eugene & Viscera vs The Spirit Squad (Spirit Squad Destroys Val Venis): WWE Raw 2006 HD
momoicon	no-join	WWF Sunday Night Heat June 27, 1999 HD (King Of The Ring 1999 Pre-Show) | FULL SHOW
momoicon	no-join	WWF Sunday Night Heat April 4, 1999 HD | FULL SHOW
momoicon	no-join	WWF Sunday Night Heat October 18, 1998 HD (Judgement Day 1998 Pre-Show) | FULL SHOW
momoicon	no-join	Carlito vs The Sandman + Many Segments of Dusty Rhodes, King Booker and more!: WWE Raw 2007 HD
momoicon	no-join	Shawn Michaels & Ric Flair vs Edge, Chavo & The Edgeheads — Steel Cage Match: SmackDown 2008 HD(2/2)
momoicon	no-join	Shawn Michaels & Ric Flair vs Edge, Chavo & The Edgeheads — Steel Cage Match: SmackDown 2008 HD(1/2)
momoicon	no-join	All Sean O'Haire Devil's Advocate Segments and Vignettes: WWE SmackDown 2003 HD
momoicon	no-join	Eric Young, Robert Roode, EC3 & Cesaro vs Titus O'Neil & Lucha House Party: WWE Main Event 2019 HD
momoicon	no-join	WWF Sunday Night Heat May 23, 1999 HD (Over The Edge 1999 Pre-Show) | FULL SHOW
momoicon	no-join	WWF Sunday Night Heat March 28, 1999 HD (WrestleMania 15 Pre-Show) | FULL SHOW
momoicon	no-join	WWF Sunday Night Heat December 13, 1998 HD (Rock Bottom Pre-Show) | FULL SHOW
momoicon	no-join	Cryme Tyme vs Carlito & Santino Marella + Mr. McMahon & Cryme Tyme Give Away Money: WWE Raw 2008 HD
momoicon	no-join	MVP vs Kane (ECW Champion) + Mark Henry Attacks Kane: WWE SmackDown June 20, 2008 HD
momoicon	no-join	Paul London vs Chris Jericho + Shawn Michaels Confronts Chris Jericho: WWE Raw July 23, 2008
momoicon	no-join	William Regal & Carlito vs Jim Duggan & The Sandman — Bobby Lashley Attacks Carlito: WWE Raw 2007 HD
momoicon	no-join	Dolph Ziggler, O'Neil & The Usos vs Alberto del Rio, Sheamus & The Shining Stars: Main Event 2016 HD
momoicon	no-join	Ricky Ortiz, Shelton Benjamin & Charlie Hass vs John Morrison & Cryme Tyme: WWE SmackDown 2009 HD
momoicon	no-join	Kane vs Chuck Palumbo vs The Great Khali vs Mark Henry — Battle Royal: WWE SmackDown 2008 HD
momoicon	no-join	Owen Hart vs D-Lo Brown — Steel City Street Fight: WWF Raw Is War March 8, 1999 HD
momoicon	no-join	Tommy Dreamer, Evan Bourne & Super Crazy vs The Miz, John Morrison & Chavo Guerrero: WWE ECW 2008 HD
momoicon	no-join	The Headbangers vs The Oddities (ICP Turns on The Oddities): WWF Raw Is War November 23, 1998 HD
momoicon	no-join	Jamie Noble vs Shannon Moore — WWE Cruserweight Championship Match: WWE SmackDown 2002 HD
momoicon	no-join	JOB Squad vs Mark Henry & D-Lo Brown (w/PMS): WWF Raw Is War December 14, 1998 HD
momoicon	no-join	Neville, Corey Graves, Woods & CJ Parker vs Leo Kruger, Tyler Breeze & The Ascension: NXT 2013 HD
momoicon	no-join	Mark Henry and Chyna go on a Date: WWF Raw Is War November 24, 1998 HD
momoicon	no-join	Val Venis vs Blue Blazer (Owen Hart's Only Appearance on SmackDown): WWF SmackDown April 29, 1999 HD
momoicon	no-join	D-Lo Brown & Mark Henry vs Edge & Gangel: WWF Raw Is War November 23, 1998 HD
momoicon	no-join	Val Venis vs Mark Henry + Mark Henry asks Chyna on a Date: WWF Raw Is War November 16, 1998 HD
momoicon	no-join	Jerry Lawler vs Jonathan Coachman — Royal Rumble Qualifying Match (Spirit Squad Debut): Raw 2006 HD
momoicon	no-join	Jerry Lawler & Michael Cole vs Cody Rhodes & Ted DiBiase: WWE Raw July 30, 2008 HD
momoicon	no-join	Spike Dudley vs Paul London vs Shannon Moore vs Funaki — Royal Rumble Qualifying Match: SmackDown HD
momoicon	no-join	Umaga vs "Hacksaw" Jim Duggan— Royal Rumble Qualifying Match: WWE Raw December 31, 2007 HD
momoicon	no-join	Deuce N' Domino vs Paul London & Brian Kendrick vs William Regal & Dave Taylor: SmackDown 2007 (2/2)
momoicon	no-join	Deuce N' Domino vs Paul London & Brian Kendrick vs William Regal & Dave Taylor: SmackDown 2007 (1/2)
momoicon	no-join	TAFKA Goldust vs Bradshaw — Goldust Impersonates Dusty Rhodes: WWE Raw February 23, 1998 HD
momoicon	no-join	Luke Harper & Erick Rowan vs Zack Ryder & Jimmy Uso — Harper & Rowan Reunion: WWE Main Event 2015 HD
momoicon	no-join	Chaz vs Meat (w/P.M.S.) — Beaver Cleavage Breaks Character: WWF Raw Is War June 28, 1999 HD
momoicon	no-join	Val Venis vs Kaientai — 1 vs 4 Handicap Gauntlet Match: WWE Raw August 17, 1998 HD
momoicon	no-join	Val Venis (w/John Bobbitt) Addresses his Future and Challenges Kaientai: WWE Raw August 10, 1998 HD
momoicon	no-join	Taka Turn Heel & Joins Kaientai + Kaientai Choppy Val Venis Pee Pee: WWE Raw August 3, 1998 HD
momoicon	no-join	Giant Gonzalez vs Tatanka — King Of The Ring Qualifying Match: WWF Superstars May 15, 1993 HD
momoicon	no-join	Val Venis vs Too Sexy + Yamaguchi San "I Choppy Choppy Your Pee Pee": WWE Raw July 27, 1998 HD
momoicon	no-join	Beaver Cleavage vs Christian (Beaver Cleavage Debut): WWF Raw Is War May 31, 1999 HD
momoicon	no-join	Mark Henry Destroys Eugene and Sends a Message To The Undertaker: WWE SmackDown August  2007 HD
momoicon	no-join	Val Venis Saves Yamaguchi San Wife From Kaientai: WWE Raw July 20, 1998 HD
momoicon	no-join	Too Much & Taka vs Kaientai + Val Venis Shows His New Film to Yamaguchi San: Raw July 13, 1998 HD
momoicon	no-join	Val Venis vs Dustin Runnels + Kaientai Destroys Val Venis: WWE Raw July 6, 1998 HD
momoicon	no-join	Val Venis vs Dick Togo: WWE Raw June 29, 1998 HD
momoicon	no-join	Waylon Mercy vs Diesel (Waylon Mercy Last Match In WWE): WWF Superstars October 14, 1995 HD
momoicon	no-join	The Dudley Boyz Joins Right To Censor: WWF SmackDown! December 7, 2000 HD
momoicon	no-join	The Big Showbowski (Big Show) vs Val Venis: Raw April 10, 2000 HD
momoicon	no-join	Stevie Richards vs Rory Fox (Stevie Richards Returns): ECW February 12, 2008 HD
momoicon	no-join	Goldust Last Match In WWE: Greatest Royal Rumble 2018 HD
momoicon	no-join	Big Show vs Domino (Domino Last Match In WWE) + Umaga Confronts Big Show: WWE SmackDown 2008 HD
momoicon	no-join	The Brian Kendrick, Jamie Noble & Chavo Guerrero vs Santino Marella, Goldust & Festus: Raw 2009 HD
momoicon	no-join	The Spirit Squad vs Eugene & "Hacksaw" Jim Duggan + Eugene Turn Heel and Destroys Jim Duggan: Raw HD
momoicon	no-join	Paul London & Brian Kendrick vs Umaga + Brian Kendrick Turn Heel: WWE Raw 2008 HD
momoicon	no-join	Mr Kennedy vs Domino + Umaga Attacks Mr Kennedy: WWE SmackDown 2008 HD
momoicon	no-join	Divas Obstacle Course Match: WWE SmackDown 2008 HD
momoicon	no-join	Chuck Palumbo vs Jamie Noble (w/Michelle Mccool): WWE SmackDown 2008 HD
momoicon	no-join	Wrestlemania Wet & Wild Tag Team Water Contest: WWE SmackDown 2008 HD
momoicon	no-join	Chuck Palumbo vs Jamie Noble + Chuck Palumbo Destroys Jamie Noble: WWE SmackDown HD
momoicon	no-join	Deuce N' Domino vs Jesse and Festus (Domino Attacks Deuce): SmackDown HD
momoicon	no-join	Drew Mcintyre vs Sin Cara (Sin Cara Last Match in WWE): WWE Raw November 11, 2019 HD
momoicon	no-join	"SuperHaas" Charlie Snuka (Charlie Haas) vs Sim Snuka: WWE Raw, December 28, 2008 HD
momoicon	no-join	WWE SmackDown's Diva Contest Winner + Natalya Attacks Michelle Mccool & Cherry: WWE SmackDown HD
momoicon	flag:tiny	Shelton Benjamin Returns Entrance:WWE Main Event, June 17, 2022 HD
momoicon	flag:tiny	Alberto Del Rio Last Entrance in WWE: SmackDown August 16, 2016 HD
momoicon	flag:tiny	WWE Main Event New Intro with New Theme "I Can't Lose"  2022 HD (without Sasha Banks and Naomi)
momoicon	no-join	Deuce 'N Domino vs Jesse and Festus (Deuce and Domino Split Up): SmackDown 2008 HD
momoicon	flag:tiny	WWE Main Event New Intro 2021 HD
momoicon	no-join	Karrion Kross Entrance Debut In Main Roster: Main Event June 23,2021
wfattitude	no-join	Goldust vs. Stone Cold - WWF Championship | WWF RAW (1998) 2
wfattitude	no-join	Goldust vs. Stone Cold - WWF Championship | WWF RAW (1998) 1
wfattitude	no-join	Dan Severn assaults Jim Cornette | WWF RAW (1998)
wfattitude	no-join	Paul Bearer reveals that he is Kane's father | WWF RAW (1998)
wfattitude	no-join	New Age Outlaws vs. 8-Ball & Skull | WWF RAW (1998)
wfattitude	no-join	Mr. McMahon announces a match for Stone Cold | WWF RAW (1998)
wfattitude	no-join	D-Generation X invades WCW | WWF RAW (1998) 2
wfattitude	no-join	D-Generation X invades WCW | WWF RAW (1998) 1
wfattitude	no-join	Dude Love's Love Shack | WWF RAW (1998) 2
wfattitude	no-join	Ken Shamrock & Owen Hart vs. Nation of Domination  | WWF RAW (1998)
wfattitude	no-join	WWF RAW | Intro (April 27, 1998)
wfattitude	no-join	Steve Blackman vs. Dude Love | WWF RAW (1998)
wfattitude	no-join	D-Generation X vs. Owen Hart & L.O.D. 2000 | WWF RAW (1998)
wfattitude	no-join	Kane & Paul Bearer call out The Undertaker | WWF RAW (1998)
wfattitude	no-join	Mosh vs. Dan Severn | WWF RAW (1998)
wfattitude	no-join	D-Generation X addresses their opponents | WWF RAW (1998)
wfattitude	no-join	Kama vs. Faarooq | WWF RAW (1998)
wfattitude	no-join	Dude Love's Love Shack | WWF RAW (1998)
wfattitude	no-join	WWF RAW | Intro (April 20, 1998)
wfattitude	no-join	D-Generation X attacks Stone Cold | WWF RAW (1998)
wfattitude	no-join	Mr. McMahon vs. Stone Cold | WWF RAW (1998)
wfattitude	no-join	Finish of Owen Hart vs. Billy Gunn | WWF RAW (1998) 2
wfattitude	no-join	Faarooq calls out The Rock | WWF RAW (1998)
wfattitude	no-join	Owen Hart vs. Billy Gunn | WWF RAW (1998) 1
wfattitude	no-join	Undertaker calls out Kane | WWF RAW (1998)
wfattitude	no-join	Vince McMahon accepts Stone Cold's challenge | WWF RAW (1998)
wfattitude	no-join	Disciples of Apocalypse vs. Los Boricuas - Chain Match | WWF RAW (1998)
wfattitude	no-join	Stone Cold challenges Vince McMahon | WWF RAW (1998)
wfattitude	no-join	D-Generation X vs. Disciples of Apocalypse | WWF RAW (1998)
wfattitude	no-join	Kevin Kelly interviews The Undertaker | WWF RAW (1998)
wfattitude	no-join	Marc Mero vs. Ken Shamrock | WWF RAW (1998)
wfattitude	no-join	Vince McMahon introduces the new Stone Cold | WWF RAW (1998)
wfattitude	no-join	The Rock vs. Owen Hart - Intercontinental Championship | WWF RAW (1998)
wfattitude	no-join	Cactus Jack says goodbye | WWF RAW (1998)
wfattitude	no-join	D-Generation X shows off its new members | WWF RAW (1998)
wfattitude	no-join	Dan Severn vs. Flash Funk | WWF RAW (1998)
wfattitude	no-join	Vince McMahon gives an update on Stone Cold's arrest | WWF RAW (1998)
wfattitude	no-join	WWF RAW | Intro (April 06, 1998)
wfattitude	no-join	Chainsaw Charlie & Cactus Jack vs. New Age Outlaws - Steel Cage Match | WWF RAW (1998)
wfattitude	no-join	Nation of Domination vs. Ken Shamrock & Steve Blackman | WWF RAW (1998)
wfattitude	no-join	HHH introduces the new member of D-Generation X | WWF RAW (1998)
wfattitude	no-join	The Rock sends a message to Ken Shamrock | WWF RAW (1998)
wfattitude	no-join	Vince McMahon orders Stone Cold's arrest | WWF RAW (1998)
wfattitude	flag:tiny	WWF Attitude "Legends" Promo | (1998)
wfattitude	no-join	L.O.D. 2000 vs Los Boricuas | WWF RAW (1998)
wfattitude	no-join	Stone Cold receives a new WWF Championship | WWF RAW (1998)
wfattitude	no-join	WWF RAW | Intro (March 30, 1998)
wfattitude	no-join	The Rock vs. Stone Cold | WWF RAW (1998)
wfattitude	no-join	Faarooq vs. Chainz | WWF RAW (1998)
wfattitude	no-join	D-Generation X before WrestleMania XIV | WWF RAW (1998) 2
wfattitude	no-join	D-Generation X before WrestleMania XIV | WWF RAW (1998) 1
wfattitude	no-join	Kane sets a TV Crew Member on fire | WWF RAW (1998)
wfattitude	no-join	Kevin Kelly interviews Stone Cold | WWF RAW (1998)
wfattitude	no-join	WWF RAW | Intro (March 23, 1998)
wfattitude	no-join	Luna vs. Sable | WWF RAW (1998)
wfattitude	no-join	Stone Cold WrestleMania XIV Promo | WWF RAW (1998)
wfattitude	no-join	Does Vince McMahon want to see Stone Cold as the WWF Champion? | WWF RAW (1998)
wfattitude	no-join	Chainsaw Charlie vs. Billy Gunn | WWF RAW (1998)
wfattitude	no-join	Kane attacks the Phoenix Suns' Gorilla | WWF RAW (1998)
wfattitude	no-join	Shawn Michaels WrestleMania XIV Promo | WWF RAW (1998)
wfattitude	no-join	Ken Shamrock vs. D-Lo Brown | WWF RAW (1998)
wfattitude	no-join	WWF RAW | Intro (March 17, 1998)
wfattitude	no-join	Savio Vega vs. HHH | WWF RAW (1998)
wfattitude	no-join	The Undertaker appears in the ring | WWF RAW (1998)
wfattitude	no-join	Stone Cold confronts Vince McMahon | WWF RAW (1998)
wfattitude	no-join	Stone Cold calls out Vince McMahon | WWF RAW (1998) 1
wfattitude	no-join	Owen Hart vs. Barry Windham - European Championship | WWF RAW (1998)
wfattitude	no-join	D-Generation X talks about Stone Cold and WrestleMania | WWF RAW (1998)
wfattitude	no-join	Nation of Domination vs. Ken Shamrock & Steve Blackman | WWF RAW (1998)
wfattitude	no-join	WWF RAW | Intro (March 09, 1998)
wfattitude	no-join	The Undertaker Returns | WWF RAW (1998) 2
wfattitude	no-join	D-Generation X attack Stone Cold | WWF RAW (1998) 1
wfattitude	no-join	Steve Blackman vs. Kama Mustafa | WWF RAW (1998)
wfattitude	no-join	Mike Tyson joins D-Generation X | WWF RAW (1998)
wfattitude	no-join	Owen Hart vs. Mark Henry - European Championship | WWF RAW (1998)
wfattitude	no-join	Marc Mero vs. Tom Brandi | WWF RAW (1998)
wfattitude	no-join	D-Generation X will make an offer to Mike Tyson | WWF RAW (1998)
wfattitude	no-join	WWF RAW | Intro (March 02, 1998)
wfattitude	no-join	Marc Mero vs. Owen Hart | WWF RAW (1998)
wfattitude	no-join	Stone Cold's Road to WrestleMania XIV | WWF RAW (1998)
wfattitude	no-join	Steve Blackman vs. The Rock | WWF RAW (1998)
wfattitude	no-join	Chainsaw Charlie & Cactus Jack ambush New Age Outlaws | WWF RAW (1998)
wfattitude	no-join	WWF WAR ZONE | Intro (February 23, 1998)
wfattitude	no-join	Kane chokeslams Taka | WWF RAW (1998)
wfattitude	no-join	D-Generation X talks about WreslteMania | WWF RAW (1998)
wfattitude	no-join	Ken Shamrock vs. Jeff Jarrett | WWF RAW (1998)
wfattitude	no-join	New Age Outlaws vs. Legion of Doom | WWF RAW (1998)
wfattitude	no-join	WWF RAW | Intro (February 23, 1998)
wfattitude	no-join	Chyna's Career Highlights | WWF RAW (1998)
wfattitude	no-join	WWF RAW | Intro (February 16, 1998)
wfattitude	no-join	D-Generation X calls out Stone Cold | WWF RAW (1998)
wfattitude	no-join	New Age Outlaws mock the dumpster incident | WWF RAW (1998)
wfattitude	no-join	WrestleMania XIV Press Conference | WWF RAW (1998)
wfattitude	no-join	Ken Shamrock vs. Faarooq | WWF RAW (1998)
wfattitude	no-join	Paul Bearer talks about Vader | WWF RAW (1998)
wfattitude	no-join	Legion of Doom vs. Jeff Jarret & Barry Windham | WWF RAW (1998)
wfattitude	no-join	Stone Cold calls out Shawn Michaels | WWF RAW (1998)
wfattitude	no-join	WWF RAW | Intro (February 09, 1998)
wfattitude	no-join	Road Dogg vs. Stone Cold | WWF RAW (1998)
wfattitude	no-join	Vader challenges Kane | WWF RAW (1998)
wfattitude	no-join	Cactus Jack & Chainsaw Charlie are taken by ambulace | WWF RAW (1998)
wfattitude	no-join	Billy Gunn vs. Owen Hart | WWF RAW (1998)
wfattitude	no-join	Chainsaw Charlie vs. Cactus Jack | WWF RAW (1998)
wfattitude	no-join	Stone Cold confronts D-Generation X | WWF RAW (1998)
wfattitude	no-join	WWF RAW | Intro (February 02, 1998)
wfattitude	no-join	Stone Cold talks about Mike Tyson | WWF RAW (1998)
wfattitude	no-join	New Age Outlaws vs. Chainsaw Charlie & Cactus Jack - Tag Team Championship | WWF RAW (1998)
wfattitude	no-join	Goldust vs. Vader | WWF RAW (1998)
wfattitude	no-join	D-Generation X talk about Owen Hart and Mike Tyson | WWF RAW (1998)
wfattitude	no-join	Mark Henry vs. Ken Shamrock | WWF RAW (1998)
wfattitude	no-join	WWF RAW | Intro (January 26, 1998)
wfattitude	no-join	Disciples of Apocalypse vs. Nation of Domination | WWF RAW (1998)
wfattitude	no-join	D-Generation X talks about Royal Rumble | WWF RAW (1998)
wfattitude	no-join	Paul Bearer talks about The Undertaker and Kane | WWF RAW (1998)
wfattitude	no-join	WWF RAW | Intro (January 19, 1998)
wfattitude	no-join	Shawn Michaels makes an announcement | WWF RAW (1998)
wfattitude	no-join	Stone Cold stuns Mankind and Goldust | WWF RAW (1998)
wfattitude	no-join	D-Generation X has a message for The Undertaker | WWF RAW (1998)
wfattitude	no-join	The Rock & D-Lo Brown vs. Ken Shamrock & Mark Henry | WWF RAW (1998)
wfattitude	no-join	Owen Hart accosts D-Generation X Limo | WWF RAW (1998)
wfattitude	no-join	Stone Cold is a Marked Man | WWF RAW (1998)
wfattitude	no-join	New Age Outlaws vs. The Headbangers vs. Truth Commission vs. The Godwinns | WWF RAW (1998)
wfattitude	no-join	WWF RAW | Intro (January 12, 1998)
wfattitude	no-join	Shawn Michaels calls out The Undertaker | WWF RAW (1998)
wfattitude	flag:tiny	WrestleMania XIV Countdown | 12 Weeks Away (1998)
wfattitude	no-join	Don King discusses negotiations with the WWF | WWF RAW (1998)
wfattitude	no-join	Marc Mero vs. Tom Brandi | WWF RAW (1998)
wfattitude	no-join	Savio Vega vs. Owen Hart | WWF RAW (1998)
wfattitude	no-join	HHH and Owen Hart exchange words | WWF RAW (1998)
wfattitude	no-join	Jeff Jarrett vs. Barry Windham | WWF RAW (1998)
wfattitude	no-join	Faarooq vs. Ken Shamrock | WWF RAW (1998)
wfattitude	no-join	WWF RAW | Intro (January 05, 1998)
wfattitude	no-join	Owen Hart vs. Shawn Michaels - WWF Championship | WWF RAW (1997)
wfattitude	no-join	Jim Cornette's Shoot Promo | December 29, 1997
wfattitude	no-join	WWF Superstars call out Kane | WWF RAW (1997)
wfattitude	no-join	Road Dogg vs. Cactus Jack | WWF RAW (1997)
wfattitude	no-join	WWF WAR ZONE | Intro (December 29, 1997)
wfattitude	flag:tiny	Vince McMahon wishes the fans a Happy New Year | WWF RAW (1997)
wfattitude	no-join	Kama Mustafa vs. Ken Shamrock | WWF RAW (1997)
wfattitude	no-join	HHH makes an announcement | WWF RAW (1997)
wfattitude	no-join	Crapper 3:16 | WWF RAW (1997)
wfattitude	no-join	WWF RAW | Intro (December 29, 1997)
wfattitude	no-join	Shawn Michaels vs. HHH - European Championship | WWF RAW (1997)
wfattitude	no-join	Vader Claus attacks Goldust | WWF RAW (1997)
wfattitude	no-join	D-Lo Brown vs. Ken Shamrock | WWF RAW (1997)
wfattitude	no-join	Owen Hart attacks HHH | WWF RAW (1997)
wfattitude	no-join	Rocky Maivia vs. The Undertaker | WWF RAW (1997) 2
wfattitude	no-join	Rocky Maivia vs. The Undertaker | WWF RAW (1997) 1
wfattitude	flag:tiny	WWF Attitude Promo "Try Lacing my Boots" | (1997) 2
wfattitude	no-join	Stone Cold stuns 'Santa Claus' | WWF RAW (1997)
wfattitude	no-join	WWF RAW | Intro (December 22, 1997)
wfattitude	no-join	D-Generation X vs. Legion of Doom | WWF RAW (1997) 2
wfattitude	no-join	D-Generation X vs. Legion of Doom | WWF RAW (1997) 1
wfattitude	no-join	Vince McMahon introduces the Attitude Era | WWF RAW (1997)
wfattitude	no-join	Stone Cold throws The Rock's Intercontinental Belt into the river | WWF RAW (1997)
wfattitude	no-join	Vince McMahon calls out Owen Hart | WWF RAW (1997)
wfattitude	no-join	Mark Henry vs. Brooklyn Brawler | WWF RAW (1997)
wfattitude	no-join	Dude Love vs. Road Dogg | WWF RAW (1997)
wfattitude	flag:tiny	Ken Shamrock WWF Attitude Promo | (1997)
wfattitude	no-join	Rocky Maivia demands the Intercontinental Title | WWF RAW (1997)
wfattitude	no-join	Undertaker addresses Shawn Michaels | WWF RAW (1997)
wfattitude	no-join	WWF RAW | Intro (December 15, 1997)
wfattitude	no-join	Stone Cold gives the Intercontinental Championship to Rocky Maivia | WWF RAW (1997)
wfattitude	no-join	Sable takes off her potato sack | WWF RAW (1997)
wfattitude	no-join	D-Generation X destroys The Headbangers | WWF RAW (1997)
wfattitude	no-join	D-Generation X plays poker in the ring | WWF RAW (1997) 1
wfattitude	no-join	Billy Gunn vs. Dude Love | WWF RAW (1997)
wfattitude	no-join	Legion of Doom vs. The Godwinns | WWF RAW (1997)
wfattitude	no-join	Vince McMahon talks about Stone Cold | WWF RAW (1997)
wfattitude	no-join	WWF RAW | Intro (December 08, 1997)
wfattitude	no-join	HHH vs. Jim Neidhart | WWF RAW (1997)
wfattitude	no-join	Kane Chokeslams Scott Taylor | WWF RAW (1997)
wfattitude	no-join	Rocky Maivia vs. Vader | WWF RAW (1997)
wfattitude	no-join	WWF WAR ZONE | Intro (December 01, 1997)
wfattitude	no-join	D-Generation X mocks Sgt. Slaughter & Ken Shamrock's ankle lock | WWF RAW (1997)
wfattitude	no-join	Legion of Doom want Road Dogg & Billy Gunn | WWF RAW (1997)
wfattitude	no-join	WWF RAW | Intro (December 01, 1997)
wfattitude	no-join	Vader vs. Shawn Michaels | WWF RAW (1997)
wfattitude	no-join	Kane Chokeslams Crush | WWF RAW (1997)
wfattitude	no-join	Stone Cold gives Rocky Maivia a Bird for Thanksgiving | WWF RAW (1997)
wfattitude	no-join	Jim Neidhart talks to D-Generation X | WWF RAW (1997) 2
wfattitude	no-join	Shawn Michaels confronts "Bret Hart" | WWF RAW (1997) 1
wfattitude	no-join	WWF WAR ZONE | Intro (November 24, 1997)
wfattitude	no-join	Legion of Doom vs. Road Dogg & Billy Gunn | WWF RAW (1997)
wfattitude	no-join	Shawn Michaels will meet Bret Hart face to face | WWF RAW (1997)
wfattitude	no-join	WWF RAW | Intro (November 24, 1997)
wfattitude	no-join	Rocky Maivia vs. Dude Love | WWF RAW (1997)
wfattitude	flag:tiny	Stone Cold WWF Attitude Promo | (1997)
wfattitude	no-join	D-Generation X calls out Sgt. Slaughter & Ken Shamrock | WWF RAW (1997)
wfattitude	flag:tiny	WWF Attitude Promo "Try Lacing my Boots" | (1997) 1
wfattitude	no-join	Stone Cold calls out Rocky Maivia | WWF RAW (1997)
wfattitude	no-join	WWF RAW | Intro (November 17, 1997)
wfattitude	no-join	Ken Shamrock vs. HHH | WWF RAW (1997)
wfattitude	no-join	Kama vs. Undertaker | WWF RAW (1997)
wfattitude	no-join	Road Dogg & Billy Gunn vs. Bradshaw | WWF RAW (1997)
wfattitude	no-join	Rocky Maivia challenges Stone Cold | WWF RAW (1997)
wfattitude	no-join	The Truth Commission vs. Headbangers | WWF RAW (1997)
wfattitude	no-join	Marc Mero w/ Sable vs. Ahmed Johnson | WWF RAW (1997)
wfattitude	no-join	D-Generation X after Survivor Series | WWF RAW (1997) 2
wfattitude	no-join	D-Generation X after Survivor Series | WWF RAW (1997) 1
wfattitude	no-join	WWF RAW | Intro (November 10, 1997)
wfattitude	no-join	Ken Shamrock vs. Shawn Michaels - European Championship | WWF RAW (1997)
wfattitude	no-join	Vader vs. British Bulldog - Dog Collar Match | WWF RAW (1997)
wfattitude	no-join	MIchael Cole interviews D-Generation X | WWF RAW (1997)
wfattitude	no-join	Stone Cold wants to fight | WWF RAW (1997)
wfattitude	no-join	Kane Chokeslams Ahmed Johnson | WWF RAW (1997)
wfattitude	no-join	Bret Hart and Shawn Michaels Survivor Series Promo | WWF RAW (1997)
wfattitude	no-join	Ahmed Johnson challenges Stone Cold | WWF RAW (1997)
wfattitude	no-join	WWF RAW | Intro (November 03, 1997)
wfattitude	no-join	Los Boricuas vs. Legion of Doom | WWF RAW (1997)
wfattitude	no-join	D-Generation X comments on Bret Hart | WWF RAW (1997)
wfattitude	no-join	Jim Ross interviews Paul Bearer & Kane | WWF RAW (1997)
wfattitude	no-join	New Blackjacks vs. Road Dogg & Billy Gunn | WWF RAW (1997)
wfattitude	no-join	Ken Shamrock vs. Bret Hart - WWF Championship | WWF RAW (1997) 2
wfattitude	no-join	Ken Shamrock vs. Bret Hart - WWF Championship | WWF RAW (1997) 1
wfattitude	no-join	Owen Hart vs. Ahmed Johnson - Intercontinental Championship | WWF RAW (1997)
wfattitude	no-join	Jim Cornette's Shoot Promo | October 27, 1997
wfattitude	no-join	Goldust vs. HHH | WWF RAW (1997)
wfattitude	no-join	Nation of Domination challenges Hart Foundation | WWF RAW (1997)
wfattitude	no-join	WWF RAW | Intro (October 27, 1997)
wfattitude	no-join	The Godwinns vs. Disciples of Apocalypse | WWF RAW (1997)
wfattitude	no-join	Jim Cornette's Shoot Promo | (October 20, 1997)
wfattitude	no-join	The Headbangers vs. Billy Gunn & Road Dogg | WWF RAW (1997)
wfattitude	no-join	Kane Chokeslams Dude Love | WWF RAW (1997)
wfattitude	no-join	Owen Hart vs. Shawn Michaels | WWF RAW (1997)
wfattitude	no-join	Jeff Jarrett returns to the WWF | WWF RAW (1997)
wfattitude	no-join	Faarooq vs. Bret Hart | WWF RAW (1997)
wfattitude	no-join	Ahmed Johnson & Ken Shamrock vs. Kama & Rocky Maivia | WWF RAW (1997)
wfattitude	no-join	WWF RAW | Intro (October 20, 1997)
wfattitude	no-join	HHH vs. The Patriot | WWF RAW (1997)
wfattitude	flag:tiny	Jakks Pacific WWF Superstars Action Figures Commercial | WWF RAW (1997)
wfattitude	no-join	Jim Cornette's Shoot Promo | October 13, 1997
wfattitude	no-join	Vince McMahon offers Stone Cold a contract | WWF RAW (1997)
wfattitude	no-join	Flash Funk vs. Shawn Michaels | WWF RAW (1997)
wfattitude	no-join	Owen Hart vs. Kama | WWF RAW (1997)
wfattitude	no-join	Shawn Michaels officially names D-Generation X | WWF RAW (1997)
wfattitude	no-join	WWF RAW | Intro (October 13, 1997)
wfattitude	no-join	Kane's RAW Debut | WWF RAW (1997)
wfattitude	no-join	Owen Hart vs. Road Warrior Hawk | WWF RAW (1997)
wfattitude	no-join	Stone Cold after Badd Blood | WWF RAW (1997)
wfattitude	no-join	Rocky Maivia w/ Nation of Domination vs. British Bulldog w/ Hart Foundation | WWF RAW (1997)
wfattitude	no-join	Jim Cornette's Shoot Promo | October 06, 1997
wfattitude	no-join	The Headbangers vs. The Godwinns - Lumberjack Match | WWF RAW (1997)
wfattitude	no-join	Hart Foundation after Badd Blood | WWF RAW (1997)
wfattitude	no-join	Shawn Michaels & Hunter Hearst Helmsley after Badd Blood | WWF RAW (1997) 1
wfattitude	no-join	WWF RAW | Intro (October 06, 1997)
wfattitude	no-join	Hunter Hearst Helmsley vs. Undertaker | WWF RAW (1997)
wfattitude	no-join	Stone Cold Policeman stuns Owen Hart | WWF RAW (1997)
wfattitude	no-join	Faarooq w/ Nation of Domination vs. Ahmed Johnson w/ Legion of Doom | WWF RAW (1997)
wfattitude	no-join	British Bulldog vs. Vader | WWF RAW (1997)
wfattitude	no-join	Vince McMahon interviews Shawn Michaels | WWF RAW (1997)
wfattitude	no-join	WWF RAW | Intro (September 29, 1997)
wfattitude	no-join	Bret Hart vs. Goldust | WWF RAW (1997) 2
wfattitude	no-join	Bret Hart vs. Goldust | WWF RAW (1997) 1
wfattitude	no-join	Shawn Michaels has a message for The Undertaker | WWF RAW (1997)
wfattitude	no-join	Cactus Jack's WWF Debut | WWF RAW (1997)
wfattitude	no-join	Stone Cold stuns Vince McMahon for the first time | WWF RAW (1997)
wfattitude	no-join	Owen Hart vs. Brian Pillman w/ Marlena | WWF RAW (1997)
wfattitude	no-join	The Undertaker is ready for the Hell in a Cell | WWF RAW (1997)
wfattitude	flag:tiny	Sable's Lazer Tag Mission | WWF RAW (1997)
wfattitude	no-join	There can't be a Monday Night RAW in NYC without Stone Cold | WWF RAW (1997)
wfattitude	no-join	Rocky Maivia vs. Ahmed Johnson | WWF RAW (1997)
wfattitude	no-join	WWF RAW | Intro (September 22, 1997)
wfattitude	no-join	Hart Foundation vs. The Headbangers | WWF RAW (1997)
wfattitude	no-join	The Patriot vs. Owen Hart | WWF RAW (1997)
wfattitude	no-join	Jerry Lawler interviews Stone Cold | WWF RAW (1997)
wfattitude	no-join	Dude Love vs. Brian Pillman w/ Marlena | WWF RAW (1997)
wfattitude	no-join	El Torito & Piratita Morgan vs. Max Mini & Mr. Lucky | WWF RAW (1997)
wfattitude	no-join	The Truth Commission vs. Legion of Doom | WWF RAW (1997)
wfattitude	flag:tiny	Stone Cold comments on Owen Hart | WWF RAW (1997)
wfattitude	no-join	Ken Shamrock vs. Faarooq | WWF RAW (1997)
wfattitude	no-join	WWF RAW | Intro (September 15, 1997)
wfattitude	no-join	Hunter Hearst Helmsley vs. Savio Vega vs. The Patriot | WWF RAW (1997) 2
wfattitude	no-join	Hunter Hearst Helmsley vs. Savio Vega vs. The Patriot | WWF RAW (1997) 1
wfattitude	no-join	Owen Hart vs. Goldust | WWF RAW (1997)
wfattitude	no-join	The Undertaker talks about Shawn Michaels and the Hell in a Cell | WWF RAW (1997)
wfattitude	no-join	Dude Love vs. Brian Pillman | WWF RAW (1997)
wfattitude	no-join	The Godwinns vs. The Headbangers | WWF RAW (1997)
wfattitude	no-join	Bret Hart vs. Vader | WWF RAW (1997)
wfattitude	no-join	WWF RAW | Intro (September 08, 1997)
wfattitude	no-join	Finish of Hunter Hearst Helmsley & Shawn Michaels vs. Mankind & Undertaker | WWF RAW (1997)
wfattitude	no-join	Interview with Stone Cold after SummerSlam | WWF RAW (1997)
wfattitude	no-join	Vader vs. The Patriot | WWF RAW (1997)
wfattitude	no-join	Rocky Maivia after joining Nation of Domination | WWF RAW (1997)
wfattitude	no-join	The Sultan vs. Ken Shamrock | WWF RAW (1997)
wfattitude	no-join	Hart Foundation vs. Legion of Doom | WWF RAW (1997)
wfattitude	no-join	Rick Rude talks about selling insurance | WWF RAW (1997)
wfattitude	no-join	WWF RAW | Intro (August 18, 1997)
wfattitude	no-join	Shawn Michaels vs. Mankind | WWF RAW (1997) 2
wfattitude	no-join	Shawn Michaels vs. Mankind | WWF RAW (1997) 1
wfattitude	no-join	Faarooq vs. Chainz | WWF RAW (1997)
wfattitude	no-join	The Patriot calls out Bret Hart | WWF RAW (1997)
wfattitude	no-join	Hart Foundation vs. The Patriot & Ken Shamrock | WWF RAW (1997)
wfattitude	no-join	WWF RAW | Intro (August 11, 1997)
wfattitude	no-join	Owen Hart vs. Dude Love | WWF RAW (1997) 2
wfattitude	no-join	Owen Hart vs. Dude Love | WWF RAW (1997) 1
wfattitude	no-join	Ahmed Johnson vs. Chainz | WWF RAW (1997)
wfattitude	no-join	Undertaker after SummerSlam | WWF RAW (1997) 2
wfattitude	no-join	Shawn Michaels clears up some rumors | WWF RAW (1997) 1
wfattitude	no-join	The Sultan vs. The Patriot | WWF RAW (1997)
wfattitude	no-join	Hunter Hearst Helmsley vs. Vader | WWF RAW (1997)
wfattitude	no-join	Ken Shamrock vs. Kama Mustafa | WWF RAW (1997)
wfattitude	no-join	Owen Hart after he broke Stone Cold's neck | WWF RAW (1997) 2
wfattitude	no-join	Hart Foundation after SummerSlam | WWF RAW (1997) 1
wfattitude	no-join	WWF RAW | Intro (August 04, 1997)
wfattitude	no-join	Bret Hart vs. The Patriot | WWF RAW (1997) 2
wfattitude	no-join	Bret Hart vs. The Patriot | WWF RAW (1997) 1
wfattitude	no-join	Ken Shamrock vs. British Bulldog - Arm Wrestling Match | WWF RAW (1997)
wfattitude	no-join	The Godwinns vs. Dude Love & Stone Cold - Tag Team Championship | WWF RAW (1997)
wfattitude	no-join	Crush vs. Faarooq | WWF RAW (1997)
wfattitude	no-join	Hunter Hearst Helmsley vs. Vader | WWF RAW (1997)
wfattitude	no-join	Legion of Doom vs. Los Boricuas | WWF RAW (1997)
wfattitude	no-join	Bret Hart is ready for SummerSlam | WWF RAW (1997)
wfattitude	no-join	WWF RAW | Intro (July 28, 1997)
wfattitude	no-join	Finish of Hart Foundation vs. Stone Cold, Dude Love & Undertaker - Flag Match | WWF RAW (1997)
wfattitude	no-join	Hunter Hearst Helmsley vs. The Patriot | WWF RAW (1997)
wfattitude	no-join	The Godwinns vs. The New Blackjacks vs. The Headbangers | WWF RAW (1997)
wfattitude	no-join	Hart Foundation makes various challenges | WWF RAW (1997)
wfattitude	no-join	Vader vs. Ken Shamrock | WWF RAW (1997)
wfattitude	no-join	WWF RAW | Intro (July 21, 1997)
wfattitude	no-join	British Bulldog & Owen Hart vs. Stone Cold & Dude Love | WWF RAW (1997)
wfattitude	no-join	Flash Funk vs. Vader | WWF RAW (1997)
wfattitude	no-join	Jim Neidhart vs. Ken Shamrock | WWF RAW (1997)
wfattitude	no-join	Shawn Michaels comments on Summerslam | WWF RAW (1997)
wfattitude	no-join	Los Boricuas vs. Headbangers | WWF RAW (1997)
wfattitude	no-join	Tajiri Yoshijiro vs. Taka Michinoku | WWF RAW (1997)
wfattitude	no-join	Hart Foundation addresses Summerslam | WWF RAW (1997)
wfattitude	no-join	WWF RAW | Intro (July 14, 1997)
wfattitude	no-join	Goldust vs. Bret Hart | WWF RAW (1997)
wfattitude	no-join	Stone Cold on the upcoming Tag Team Title Match | WWF RAW (1997)
wfattitude	no-join	Stone Cold vs. Hunter Hearst Helmsley | WWF RAW (1997)
wfattitude	no-join	Nation of Domination vs. Hart Foundation | WWF RAW (1997)
wfattitude	no-join	Savio Vega vs. Crush | WWF RAW (1997)
wfattitude	no-join	Stone Cold interrupts the Canadian National Anthem | WWF RAW (1997)
wfattitude	no-join	WWF RAW | Intro (July 07, 1997)
wfattitude	no-join	Jim Neidhart vs. Stone Cold | WWF RAW (1997)
wfattitude	no-join	Rockabilly vs. Vader | WWF RAW (1997)
wfattitude	no-join	The Headbangers vs. British Bulldog & Owen Hart | WWF RAW (1997)
wfattitude	no-join	Brian Pillman vs. Mankind | WWF RAW (1997)
wfattitude	no-join	Los Boricuas introduces itself | WWF RAW (1997)
wfattitude	no-join	Nation of Domination vs. Legion of Doom | WWF RAW (1997)
wfattitude	no-join	Michael Cole interviews Legion of Doom | WWF RAW (1997)
wfattitude	no-join	Ken Shamrock vs. Hunter Hearst Helmsley | WWF RAW (1997)
wfattitude	no-join	WWF RAW | Intro (June 30, 1997)
wfattitude	no-join	Nation of Domination vs. Vader & Undertaker | WWF RAW (1997)
wfattitude	no-join	Bret Hart talks about Stone Cold and his team | WWF RAW (1997)
wfattitude	no-join	Hunter Hearst Helmsley vs. Goldust vs. Owen Hart - Intercontinental Championship | WWF RAW (1997)
wfattitude	no-join	British Bulldog vs. Mankind | WWF RAW (1997)
wfattitude	no-join	Flash Funk vs. Sabu | WWF RAW (1997)
wfattitude	no-join	The Godwinns vs. Legion of Doom | WWF RAW (1997)
wfattitude	no-join	Rockabilly vs. Ken Shamrock | WWF RAW (1997)
wfattitude	no-join	Ahmed Johnson explains why he joined the Nation of Domination | WWF RAW (1997)
wfattitude	no-join	WWF RAW | Intro (June 23, 1997)
wfattitude	no-join	Ahmed Johnson & The Undertaker vs. Nation of Domination | WWF RAW (1997)
wfattitude	no-join	The Headbangers vs. Jerry Lawler & Rob Van Dam - 1st Round Tag Team Tournament | WWF RAW (1997)
wfattitude	no-join	Brian Pillman vs. Stone Cold | WWF RAW (1997) 2
wfattitude	no-join	Brian Pillman vs. Stone Cold | WWF RAW (1997) 1
wfattitude	no-join	Brian Christopher vs. Chris Candido | WWF RAW (1997)
wfattitude	no-join	Phineas Godwinn vs. Hunter Hearst Helmsley | WWF RAW (1997)
wfattitude	no-join	Stone Cold comments on the Tag Team Tournament | WWF RAW (1997)
wfattitude	no-join	WWF RAW | Intro (June 16, 1997)
wfattitude	no-join	Brian Pillman vs. Mankind | WWF RAW (1997)
wfattitude	flag:tiny	Raw Is War T-Shirt Commercial with Sable | WWF RAW (1997)
wfattitude	no-join	Owen Hart vs. Sycho Sid | WWF RAW (1997)
wfattitude	no-join	Rob Van Dam vs. Flash Funk | WWF RAW (1997)
wfattitude	flag:tiny	Raw Is War T-Shirt Commercial with Sunny | WWF RAW (1997)
wfattitude	no-join	Stone Cold talks about Brian Pillman | WWF RAW (1997)
wfattitude	no-join	Hunter Hearst Helmsley after King of the Ring | WWF RAW (1997)
wfattitude	no-join	WWF RAW | Intro (June 09, 1997)
wfattitude	no-join	Sycho Sid vs. Undertaker | WWF RAW (1997)
wfattitude	no-join	Legion of Doom vs. Shawn Michaels & Stone Cold | WWF RAW (1997)
wfattitude	no-join	Hunter Hearst Helmsley vs. Goldust | WWF RAW (1997)
wfattitude	no-join	Sunny's Search & Soak Mission | WWF RAW (1997) 4
wfattitude	no-join	The Hart Foundation responds to Stone Cold & Shawn Michaels | WWF RAW (1997)
wfattitude	no-join	Faarooq vs. Ahmed Johnson | WWF RAW (1997)
wfattitude	no-join	WWF RAW | Intro (June 02, 1997)
wfattitude	no-join	The Hart Foundation attacks Stone Cold | WWF RAW (1997)
wfattitude	flag:tiny	Sunny's Search & Soak Mission | WWF RAW (1997) 3
wfattitude	no-join	Jim Neidhart vs. Stone Cold | WWF RAW (1997)
wfattitude	no-join	Rocky Maivia vs. Faarooq | WWF RAW (1997)
wfattitude	no-join	Stone Cold continues to search a Tag Team Partner | WWF RAW (1997)
wfattitude	no-join	Bret Hart announces his surprise | WWF RAW (1997)
wfattitude	flag:tiny	Stone Cold asks Sable to be his Tag Team Partner | WWF RAW (1997)
wfattitude	flag:tiny	Sunny's Search & Soak Mission | WWF RAW (1997) 2
wfattitude	no-join	Crush vs. Hunter Hearst Helmsley - KOTR Qualifiers | WWF RAW (1997)
wfattitude	no-join	Stone Cold talks about why he helped Shawn Michaels | WWF RAW (1997)
wfattitude	no-join	WWF RAW | Intro (May 19, 1997)
wfattitude	no-join	Rob Van Dam vs. Jeff Hardy | WWF RAW (1997)
wfattitude	no-join	Stone Cold after Cold Day In Hell PPV | WWF RAW (1997)
wfattitude	no-join	Hunter Hearst Helmsley w/ Chyna vs. Ahmed Johnson - KOTR Qualifiers | WWF RAW (1997)
wfattitude	no-join	Bret Hart talks about Stone Cold & Undertaker | WWF RAW (1997)
wfattitude	no-join	WWF RAW | Intro (May 12, 1997)
wfattitude	no-join	Finish of Chris Jericho vs. Hulk Hogan - Undisputed Championship | SmackDown! (2002)
wfattitude	no-join	Farooq & Mark Henry vs. Christian & Test | SmackDown! (2002)
wfattitude	no-join	Chris Jericho calls out Triple H | SmackDown! (2002)
wfattitude	no-join	Edge & Val Venis vs. Kurt Angle & Lance Storm | SmackDown! (2002)
wfattitude	no-join	Hardcore Holly vs. Randy Orton | SmackDown! (2002)
wfattitude	no-join	Kurt Angle challenges Edge to a "Hair vs. Hair Match" | SmackDown! (2002)
wfattitude	no-join	Kurt Angle talks to Val Venis & Lance Storm | SmackDown! (2002)
wfattitude	no-join	WWF SmackDown! | Intro (May 02, 2002)
wfattitude	no-join	Ric Flair wonders if he's proved himself | WWF RAW (2002)
wfattitude	no-join	Undertaker calls out Hulk Hogan | WWF RAW (2002)
wfattitude	no-join	Ric Flair asks Debra for a favor | WWF RAW (2002)
wfattitude	no-join	Stone Cold wants a match with Big Show | WWF RAW (2002) 2
wfattitude	no-join	Stone Cold wants a match with Big Show | WWF RAW (2002) 1
wfattitude	no-join	WWF RAW | Intro (April 29, 2002)
wfattitude	no-join	Finish of Chris Jericho vs. Triple H - #1 Contender Match | SmackDown! (2002)
wfattitude	no-join	Kurt Angle unveils his new T-shirt | SmackDown! (2002)
wfattitude	no-join	Kurt Angle talks about his new T-shirt | SmackDown! (2002)
wfattitude	no-join	Hardcore Holly vs. Randy Orton | SmackDown! (2002)
wfattitude	no-join	Mark Henry bends a frying pan | SmackDown! (2002)
wfattitude	no-join	Hulk Hogan, Triple H & Mr. McMahon segment | SmackDown! (2002) 2
wfattitude	no-join	Hulk Hogan addresses Triple H | SmackDown! (2002) 1
wfattitude	no-join	WWF SmackDown! | Intro (April 25, 2002)
wfattitude	no-join	Hulk Hogan after Backlash | WWF RAW (2002)
wfattitude	no-join	Ric Flair apologizes to Stone Cold | WWF RAW (2002) 2
wfattitude	no-join	Ric Flair apologizes to Stone Cold | WWF RAW (2002) 1
wfattitude	flag:tiny	WWF Divas Tropical Paradise Commercial | (2002)
wfattitude	no-join	WWF RAW | Intro (April 22, 2002)
wfattitude	no-join	Chris Jericho & Kurt Angle vs. Hulk Hogan & Triple H | SmackDown! (2002) 2
wfattitude	no-join	Chris Jericho & Kurt Angle vs. Hulk Hogan & Triple H | SmackDown! (2002) 1
wfattitude	no-join	Triple H meets with Mr. McMahon | SmackDown! (2002)
wfattitude	no-join	Chris Jericho confronts Hulk Hogan | SmackDown! (2002)
wfattitude	flag:tiny	7-Eleven WWF Collector Cups Commercial | (2002) 1
wfattitude	no-join	Mark Henry lifts a car | SmackDown! (2002)
wfattitude	no-join	Hulk Hogan meets Stacy Keibler | SmackDown! (2002)
wfattitude	no-join	WWF SmackDown! | Intro (April 18, 2002)
wfattitude	no-join	Jim Ross Interviews Triple H | WWF RAW (2002)
wfattitude	no-join	Undertaker confronts Stone Cold | WWF RAW (2002) 2
wfattitude	no-join	Ric Flair gives Stone Cold a $5000 fine for a stunner | WWF RAW (2002) 1
wfattitude	no-join	WWF RAW | Intro (April 15, 2002)
wfattitude	no-join	Kurt Angle vs. Triple H | SmackDown! (2002) 2
wfattitude	no-join	Kurt Angle vs. Triple H | SmackDown! (2002) 1
wfattitude	no-join	Mr. McMahon hires a new personal assistant | SmackDown! (2002)
wfattitude	no-join	Chris Jericho vs. Edge | SmackDown! (2002)
wfattitude	no-join	Stacy Keibler visits Mr. McMahon | SmackDown! (2002)
wfattitude	no-join	Edge challenges Kurt Angle | SmackDown! (2002)
wfattitude	no-join	WWF SmackDown! | Intro (April 11, 2002)
wfattitude	no-join	Hardy Boyz confront Brock Lesnar | WWF RAW (2002)
wfattitude	no-join	Stone Cold also wants to be the #1 Contender | WWF RAW (2002) 2
wfattitude	no-join	Undertaker wants to be the #1 Contender | WWF RAW (2002) 1
wfattitude	no-join	WWF RAW | Intro (April 08, 2002)
wfattitude	no-join	Chris Jericho vs. The Rock | SmackDown! (2002)
wfattitude	no-join	Edge vs. Kurt Angle | SmackDown! (2002)
wfattitude	no-join	Triple H & Hulk Hogan segment | SmackDown! (2002) 2
wfattitude	no-join	Triple H & Hulk Hogan segment | SmackDown! (2002) 1
wfattitude	no-join	Edge pranks Kurt Angle | SmackDown! (2002)
wfattitude	no-join	Mr. McMahon reveals the #1 Contender for the Undisputed Title at Backlash | SmackDown! (2002)
wfattitude	no-join	Kurt Angle, Chris Jericho & The Rock segment | SmackDown! (2002)
wfattitude	no-join	WWF SmackDown! | Intro (April 04, 2002)
wfattitude	no-join	Will Stone Cold sign with RAW or with SmackDown! | WWF RAW (2002)
wfattitude	flag:tiny	WWF New York | April 01, 2002
wfattitude	no-join	Undertaker challenges Triple H | WWF RAW (2002) 2
wfattitude	no-join	Ric Flair presents the new Undisputed Championship Belt | WWF RAW (2002) 1
wfattitude	no-join	Mr. McMahon attempts to sign Stone Cold  | WWF RAW (2002)
wfattitude	no-join	WWF RAW | Intro (April 01, 2002)
wfattitude	no-join	Mr. McMahon & Kurt Angle vs. Ric Flair & Triple H | SmackDown! (2002) 2
wfattitude	no-join	Mr. McMahon & Kurt Angle vs. Ric Flair & Triple H | SmackDown! (2002) 1
wfattitude	no-join	The APA are officially out of business | SmackDown! (2002)
wfattitude	no-join	Hulk Hogan, Kane & The Rock vs. NWO | SmackDown! (2002)
wfattitude	no-join	Kane imitates Hulk Hogan & The Rock | SmackDown! (2002)
wfattitude	no-join	Billy & Chuck w/ Rico vs. Dudley Boyz | SmackDown! (2002)
wfattitude	no-join	Kurt Angle, Mr. McMahon, Triple H & Ric Flair segment | SmackDown! (2002) 2
wfattitude	no-join	Kurt Angle talks about Stephanie McMahon leaving | SmackDown! (2002) 1
wfattitude	no-join	Booker T vs. DDP | SmackDown! (2002)
wfattitude	no-join	WWF SmackDown! | Intro (March 28, 2002)
wfattitude	no-join	Final Draft Picks of Mr. McMahon & Ric Flair | WWF RAW (2002)
wfattitude	no-join	Dudley Boyz get separated by the Draft | WWF RAW (2002)
wfattitude	no-join	Next two Draft Picks of Mr. McMahon & Ric Flair | WWF RAW (2002)
wfattitude	flag:tiny	Mr. McMahon's Fifth Draft Pick | WWF RAW (2002)
wfattitude	no-join	Ric Flair's Fourth Draft Pick | WWF RAW (2002)
wfattitude	no-join	Mr. McMahon's Fourth Draft Pick | WWF RAW (2002)
wfattitude	no-join	Ric Flair's Third Draft Pick | WWF RAW (2002)
wfattitude	no-join	Mr. McMahon's Third Draft Pick | WWF RAW (2002)
wfattitude	no-join	Second Draft Pick of Mr. McMahon & Ric Flair | WWF RAW (2002)
wfattitude	no-join	Ric Flair's First Draft Pick | WWF RAW (2002)
wfattitude	no-join	First Ever WWF Draft Pick by Vince McMahon | WWF RAW (2002)
wfattitude	no-join	WWF RAW | Intro (March 25, 2002)
wfattitude	no-join	Finish of Kevin Nash vs. The Rock | SmackDown! (2002)
wfattitude	no-join	Hardy Boyz vs. Billy & Chuck w/ Rico - Tag Team Championship | SmackDown! (2002)
wfattitude	no-join	The Hurricane vs. Mighty Molly | SmackDown! (2002)
wfattitude	no-join	Stephanie McMahon & Chris Jericho addresses Triple H | SmackDown! (2002)
wfattitude	no-join	Lita & Trish Stratus vs. Ivory & Jazz | SmackDown! (2002)
wfattitude	no-join	Hulk Hogan & Mr. McMahon talk about the draft | SmackDown! (2002)
wfattitude	no-join	WWF SmackDown! | Intro (March 21, 2002)
wfattitude	no-join	Triple H & Stephanie McMahon after WrestleMania X8 | WWF RAW (2002)
wfattitude	no-join	Brock Lesnar's WWF Debut | WWF RAW (2002)
wfattitude	no-join	Mr. McMahon & Ric Flair react to the Draft | WWF RAW (2002) 2
wfattitude	no-join	Mr. McMahon & Ric Flair react to the Draft | WWF RAW (2002) 1
wfattitude	no-join	Linda McMahon announces the WWF Draft | WWF RAW (2002)
wfattitude	no-join	Kevin Nash & Scott Hall confront Hulk Hogan | WWF RAW (2002) 3
wfattitude	no-join	Hulk Hogan & The Rock after WrestleMania X8 | WWF RAW (2002) 2
wfattitude	no-join	Hulk Hogan after WrestleMania X8 | WWF RAW (2002) 1
wfattitude	no-join	WWF RAW | Intro (March 18, 2002)
wfattitude	no-join	Triple H & Chris Jericho before WrestleMania X8 | SmackDown! (2002) 2
wfattitude	no-join	Triple H talks about WrestleMania X8 | SmackDown! (2002) 1
wfattitude	no-join	Undertaker vs. David Flair | SmackDown! (2002)
wfattitude	no-join	Scott Hall calls out Stone Cold | SmackDown! (2002)
wfattitude	no-join	Hulk Hogan & The Rock before WrestleMania X8  | SmackDown! (2002) 2
wfattitude	no-join	Hulk Hogan before WrestleMania X8 | SmackDown! (2002) 1
wfattitude	no-join	Trish Stratus & Lita discuss WrestleMania | SmackDown! (2002)
wfattitude	no-join	Kurt Angle vs. RVD | SmackDown! (2002)
wfattitude	no-join	WWF SmackDown! | Intro (March 14, 2002)
wfattitude	no-join	Stephanie McMahon apologizes to Triple H | WWF RAW (2002)
wfattitude	no-join	Stephanie McMahon takes custody of "Lucy" | WWF RAW (2002)
wfattitude	flag:tiny	Torrie Wilson, Jacqueline & Terri at WWF New York | WWF RAW (2002)
wfattitude	no-join	Kurt Angle wants revenge on Kane | WWF RAW (2002)
wfattitude	no-join	WWF RAW | Intro (March 11, 2002)
wfattitude	no-join	Scott Hall vs. The Rock | SmackDown! (2002) 2
wfattitude	no-join	Scott Hall vs. The Rock | SmackDown! (2002) 1
wfattitude	no-join	Triple H gives the Corvette cut in half to Stephanie McMahon | SmackDown! (2002)
wfattitude	no-join	Stacy Keibler vs. Lita | SmackDown! (2002)
wfattitude	no-join	Chris Jericho vs. Kane | SmackDown! (2002)
wfattitude	no-join	The Rock returns after the ambulance attack | SmackDown! (2002) 2
wfattitude	no-join	The Rock returns after the ambulance attack | SmackDown! (2002) 1
wfattitude	no-join	Ric Flair sends a message to Undertaker | SmackDown! (2002)
wfattitude	no-join	WWF SmackDown! | Intro (March 07, 2002)
wfattitude	no-join	Scott Hall vs. Mystery Opponent | WWF RAW (2002)
wfattitude	no-join	Undertaker attacks David Flair | WWF RAW (2002)
wfattitude	no-join	The NWO attacks a Stone Cold fan | WWF RAW (2002)
wfattitude	no-join	Kurt Angle Interview | WWF RAW (2002)
wfattitude	no-join	WWF RAW | Intro (March 04, 2002)
wfattitude	no-join	Kane & Triple H vs. Kurt Angle & Chris Jericho | SmackDown! (2002) 2
wfattitude	no-join	Kane & Triple H vs. Kurt Angle & Chris Jericho | SmackDown! (2002) 1
wfattitude	no-join	Review of Hulk Hogan's career | SmackDown! (2002)
wfattitude	no-join	Maven vs. Goldust | SmackDown! (2002)
wfattitude	no-join	The NWO confronts Stone Cold | SmackDown! (2002)
wfattitude	no-join	Hardy Boyz w/ Lita vs. Dudley Boyz w/ Jazz | SmackDown! (2002)
wfattitude	no-join	WWF SmackDown! | Intro (February 28, 2002)
wfattitude	no-join	Hulk Hogan talks to "The Rock" | WWF RAW (2002)
wfattitude	flag:tiny	WrestleMania X8 Countdown | 3 Weeks Away (2002)
wfattitude	no-join	Chris Jericho & Stephanie McMahon talk about Triple H | WWF RAW (2002)
wfattitude	no-join	Stone Cold responds to Scott Hall's challenge | WWF RAW (2002)
wfattitude	flag:tiny	WrestleMania X8 'Hulk Hogan vs. The Rock' Promo | (2002)
wfattitude	no-join	Scott Hall challenges Stone Cold at WrestleMania X8 | WWF RAW (2002)
wfattitude	no-join	WWF RAW | Intro (February 25, 2002)
wfattitude	no-join	Stone Cold leaves his mark on Scott Hall | SmackDown! (2002)
wfattitude	no-join	Stone Cold kidnaps Scott Hall | SmackDown! (2002)
wfattitude	no-join	Triple H vs. Undertaker | SmackDown! (2002)
wfattitude	no-join	Stephanie McMahon aligns with Chris Jericho | SmackDown! (2002)
wfattitude	no-join	Edge vs. Christian | SmackDown! (2002)
wfattitude	no-join	The NWO publicly apologizes | SmackDown! (2002)
wfattitude	no-join	Kurt Angle vs. Kane | SmackDown! (2002)
wfattitude	no-join	WWF SmackDown! | Intro (February 21, 2002)
wfattitude	no-join	The NWO attacks The Rock in the ambulance | WWF RAW (2002)
wfattitude	no-join	The NWO attacks The Rock | WWF RAW (2002)
wfattitude	no-join	The Rock challenges Hulk Hogan | WWF RAW (2002)
wfattitude	no-join	'Hollywood' Hulk Hogan addresses the fans | WWF RAW (2002)
wfattitude	no-join	Stone Cold goes on strike | WWF RAW (2002)
wfattitude	flag:tiny	WrestleMania X8 Countdown | 4 Weeks Away (2002)
wfattitude	no-join	Stone Cold opens the show | WWF RAW Intro (February 18, 2002)
wfattitude	no-join	Undertaker & Kurt Angle vs. Maven & Triple H | SmackDown! (2002) 2
wfattitude	no-join	Undertaker & Kurt Angle vs. Maven & Triple H | SmackDown! (2002) 1
wfattitude	no-join	Chris Jericho vs. Kane | SmackDown! (2002)
wfattitude	no-join	Stone Cold toasts Chris Jericho | SmackDown! (2002)
wfattitude	no-join	Stone Cold addresses Chris Jericho | SmackDown! (2002)
wfattitude	no-join	Chris Jericho and Ric Flair talk about what happened on RAW | SmackDown! (2002)
wfattitude	no-join	Stephanie McMahon talks about Triple H | SmackDown! (2002)
wfattitude	no-join	WWF SmackDown! | Intro (February 14, 2002)
wfattitude	no-join	Stone Cold What? Promo | (February 11, 2002)
wfattitude	no-join	Undertaker and Ric Flair segment | WWF RAW (2002)
wfattitude	no-join	WWF RAW | Intro (February 11, 2002)
wfattitude	no-join	Kurt Angle & Chris Jericho vs. Triple H | SmackDown! (2002) 2
wfattitude	no-join	Kurt Angle & Chris Jericho vs. Triple H | SmackDown! (2002) 1
wfattitude	no-join	Undertaker Tombstones The Rock on a limo | SmackDown! (2002)
wfattitude	flag:tiny	Invitation to The Renewal of the Wedding Vows of Stephanie & Triple H | SmackDown! (2002)
wfattitude	no-join	Torrie Wilson & Stacy Keibler vs. Billy & Chuck - Bikini Posedown | SmackDown! (2002)
wfattitude	no-join	Maven w/ Al Snow vs. Undertaker - Hardocore Championship | SmackDown! (2002)
wfattitude	no-join	The fake Stone Cold and Stone Cold | SmackDown! (2002)
wfattitude	no-join	Kurt Angle talks about Stephanie and Triple H's new baby | SmackDown! (2002)
wfattitude	flag:tiny	The NWO is coming to No Way Out | Promo (2002)
wfattitude	no-join	The Rock vs. Booker T | SmackDown! (2002)
wfattitude	no-join	WWF SmackDown! | Intro (February 07, 2002)
wfattitude	no-join	Stephanie McMahon announces a surprise to Triple H | WWF RAW (2002)
wfattitude	flag:tiny	WrestleMania X8 Countdown | 6 Weeks Away (2002)
wfattitude	flag:tiny	DDP at WWF New York | WWF RAW (2002)
wfattitude	no-join	Mr. McMahon & Ric Flair segment | WWF RAW (2002)
wfattitude	flag:tiny	Stephanie McMahon has news for Triple H | WWF RAW (2002)
wfattitude	no-join	WWF RAW | Intro (February 04, 2002)
wfattitude	no-join	Mr. McMahon & Ric Flair's contract signing | SmackDown! (2002) 2
wfattitude	no-join	Mr. McMahon & Ric Flair's contract signing | SmackDown! (2002) 1
wfattitude	no-join	Kurt Angle & Undertaker vs. Triple H & The Rock | SmackDown! (2002) 2
wfattitude	no-join	Kurt Angle & Undertaker vs. Triple H & The Rock | SmackDown! (2002) 1
wfattitude	flag:tiny	Ric Flair talks to The Rock | SmackDown! (2002)
wfattitude	no-join	Lilian Garcia interviews Kurt Angle | SmackDown! (2002)
wfattitude	no-join	Jim Ross interviews Stephanie McMahon | SmackDown! (2002)
wfattitude	no-join	Mr. McMahon arrives at the arena | SmackDown! (2002)
wfattitude	no-join	Ric Flair makes a decision | SmackDown! (2002)
wfattitude	no-join	WWF SmackDown! | Intro (January 31, 2002)
wfattitude	no-join	Ric Flair talks to Mr. McMahon | WWF RAW (2002) 2
wfattitude	no-join	Ric Flair talks about the WWF and Mr. McMahon | WWF RAW (2002) 1
wfattitude	no-join	Stephanie McMahon confronts Ric Flair | WWF RAW (2002)
wfattitude	no-join	WWF RAW | Intro (January 28, 2002)
wfattitude	no-join	Mr. McMahon announces the arrival of the NWO | SmackDown! (2002)
wfattitude	no-join	Stone Cold addresses Kurt Angle | SmackDown! (2002)
wfattitude	no-join	Kurt Angle vs. The Rock - #1 Contenders Match | SmackDown! (2002) 2
wfattitude	no-join	Kurt Angle vs. The Rock - #1 Contenders Match | SmackDown! (2002) 1
wfattitude	no-join	Booker T vs. Stone Cold - #1 Contenders Match | SmackDown! (2002)
wfattitude	no-join	Trish Stratus vs. Jazz | SmackDown! (2002)
wfattitude	no-join	The word 'What?' is ruining Kurt Angle's life | SmackDown! (2002)
wfattitude	no-join	The Rock Promo | January 24, 2002
wfattitude	no-join	Stephanie McMahon throws coffee on Lilian Garcia | SmackDown! (2002)
wfattitude	no-join	WWF SmackDown! | Intro (January 24, 2002)
wfattitude	no-join	A.P.A. at WWF New York | WWF RAW (2002)
wfattitude	flag:tiny	WrestleMania X8 Countdown | 8 Weeks Away (2002)
wfattitude	no-join	Stone Cold What? Story | WWF RAW (2002)
wfattitude	no-join	Ric Flair and Mr. McMahon after Royal Rumble | WWF RAW (2002)
wfattitude	flag:tiny	Debra meets Mr. Perfect | WWF RAW (2002)
wfattitude	no-join	Chris Jericho, Triple H & Kurt Angle segment | WWF RAW (2002)
wfattitude	no-join	WWF RAW | Intro (January 21, 2002)
wfattitude	no-join	Booker T & Kurt Angle vs. Stone Cold & Triple H | SmackDown! (2002) 2
wfattitude	no-join	Booker T & Kurt Angle vs. Stone Cold & Triple H | SmackDown! (2002) 1
wfattitude	no-join	The Rock confronts Chris Jericho | SmackDown! (2002) 2
wfattitude	no-join	The Rock Cameraman | SmackDown! (2002) 1
wfattitude	no-join	Undertaker talks to The Rock | SmackDown! (2002)
wfattitude	flag:tiny	Jazz attacks Trish Stratus | SmackDown! (2002)
wfattitude	no-join	Triple H talks to The Rock | SmackDown! (2002)
wfattitude	no-join	Billy Gunn w/ Chuck vs. Tajiri w/ Torrie Wilson | SmackDown! (2002)
wfattitude	no-join	Kurt Angle talks to The Rock | SmackDown! (2002)
wfattitude	no-join	WWF SmackDown! | Intro (January 17, 2002)
wfattitude	no-join	Triple H promises to win the Royal Rumble | WWF RAW (2002)
wfattitude	no-join	A story about a man named Stone Cold. What? | WWF RAW (2002)
wfattitude	no-join	Kurt Angle talks about Kane | WWF RAW (2002)
wfattitude	no-join	Stephanie McMahon and Debra brawl | WWF RAW (2002)
wfattitude	no-join	WWF RAW | Intro (January 14, 2002)
wfattitude	no-join	Kurt Angle vs. Stone Cold | SmackDown! (2002) 2
wfattitude	no-join	Kurt Angle vs. Stone Cold | SmackDown! (2002) 1
wfattitude	no-join	The Rock addresses Chris Jericho | SmackDown! (2002)
wfattitude	no-join	Chris Jericho & Test vs. RVD & The Rock | SmackDown! (2002)
wfattitude	no-join	Jim Ross interviews Mr. McMahon | SmackDown! (2002)
wfattitude	no-join	Booker T vs. Rikishi | SmackDown! (2002)
wfattitude	no-join	Stephanie McMahon addresses the return of Triple H | SmackDown! (2002)
wfattitude	no-join	WWF SmackDown! | Intro (January 10, 2002)
wfattitude	no-join	Triple H Returns | WWF RAW (2002) 2
wfattitude	no-join	Triple H Returns | WWF RAW (2002) 1
wfattitude	no-join	Stone Cold What? Promo with Michael Cole | WWF RAW (2002)
wfattitude	no-join	Trish Stratus & Terri at WWF New York | WWF RAW (2002)
wfattitude	no-join	Mr. McMahon mocks Ric Flair | WWF RAW (2002)
wfattitude	no-join	WWF RAW | Intro (January 07, 2002)
wfattitude	no-join	Booker T vs. The Rock | SmackDown! (2002)
wfattitude	no-join	The Rock Promo | January 03, 2002
wfattitude	no-join	Ric Flair and Stephanie McMahon segment | SmackDown! (2002)
wfattitude	no-join	Big Show vs. Undertaker - Hardcore Championship | SmackDown! (2002)
wfattitude	no-join	Mr. McMahon's new year's resolutions. What? | SmackDown! (2002)
wfattitude	no-join	Dudley Boyz vs. Spike Dudley & Tazz - Tag Team Championship | SmackDown! (2002)
wfattitude	no-join	WWF SmackDown! | Intro (January 03, 2002)
wfattitude	no-join	Stone Cold What? Promo | (2001)
wfattitude	no-join	Mr. McMahon kisses Trish Stratus in front of Linda McMahon | SmackDown! (2001)
wfattitude	no-join	Booker T & Big Bossman vs. Stone Cold | SmackDown! (2001)
wfattitude	no-join	Ric Flair meets with Stephanie McMahon | SmackDown! (2001)
wfattitude	no-join	Billy & Chuck use Stacy Keibler's hair spray | SmackDown! (2001)
wfattitude	no-join	Trish Stratus vs. Mighty Molly - Women's Championship | SmackDown! (2001)
wfattitude	no-join	Kurt Angle & Lance Storm vs. RVD & The Rock | SmackDown! (2001)
wfattitude	no-join	Chris Jericho's Holiday Message | SmackDown! (2001)
wfattitude	no-join	Mr. McMahon and Ric Flair discuss Royal Rumble | SmackDown! (2001)
wfattitude	no-join	WWF SmackDown! | Intro (December 27, 2001)
wfattitude	no-join	Stone Cold stalks at Mr. McMahon's party | WWF RAW (2001)
wfattitude	no-join	Bubba Claus vs. Tajiri Claus | WWF RAW (2001)
wfattitude	no-join	Stone Cold forms a Santa Clauses match | WWF RAW (2001)
wfattitude	no-join	Stephanie McMahon at Mr. McMahon's Christmas Party | WWF RAW (2001) 4
wfattitude	no-join	Mr. McMahon's Christmas Party continues | WWF RAW (2001) 3
wfattitude	no-join	Stone Cold arrives at Ric Flair's Party | WWF RAW (2001) 2
wfattitude	no-join	Mae Young & Fabulous Moolah arrive to Mr. McMahon's party | WWF RAW (2001) 2
wfattitude	no-join	Ric Flair's Christmas Party | WWF RAW (2001) 1
wfattitude	no-join	Mr. McMahon's Christmas Party | WWF RAW (2001) 1
wfattitude	no-join	Kurt Angle interrupts The Rock  | WWF RAW (2001) 2
wfattitude	no-join	The Rock in his hometown | WWF RAW (2001) 1
wfattitude	no-join	WWF RAW | Intro (December 24, 2001)
wfattitude	no-join	Booker T vs. Stone Cold | SmackDown! (2001) 1
wfattitude	no-join	Test vs. The Rock | SmackDown! (2001)
wfattitude	no-join	Undertaker vs. Matt Hardy - Hardcore Championship | SmackDown! (2001)
wfattitude	no-join	The Rock talks about Test | SmackDown! (2001)
wfattitude	no-join	Kurt Angle vs. Edge - Intercontinental Championship | SmackDown! (2001)
wfattitude	no-join	WWF SmackDown! | Intro (December 20, 2001)
wfattitude	no-join	Stone Cold and Booker T in a church | WWF RAW (2001)
wfattitude	flag:tiny	Triple H Returns Promo | WWF RAW (2001)
wfattitude	no-join	Booker T and Stone Cold at church bingo | WWF RAW (2001) 1
wfattitude	no-join	Booker T in the church as a father | WWF RAW (2001)
wfattitude	no-join	Mr. McMahon calls out Stone Cold. What? | WWF RAW (2001)
wfattitude	no-join	WWF RAW | Intro (December 17, 2001)
wfattitude	no-join	Finish of Chris Jericho & Undertaker vs. RVD & The Rock | SmackDown! (2001)
wfattitude	no-join	Stone Cold and Booker T supermarket brawl | SmackDown! (2001)
wfattitude	no-join	Mr. McMahon receives a call from Booker T | SmackDown! (2001)
wfattitude	flag:tiny	Undertaker "This is my Yard" Commercial | SmackDown! (2001)
wfattitude	no-join	Stone Cold Fireman attacks Booker T | SmackDown! (2001)
wfattitude	no-join	Test vs. Jeff Hardy w/ Lita | SmackDown! (2001)
wfattitude	no-join	Mr. McMahon & Booker T arrive at the skybox | SmackDown! (2001)
wfattitude	no-join	Kurt Angle & William Regal vs. Rikishi & Edge | SmackDown! (2001)
wfattitude	no-join	WWF SmackDown! | Intro (December 13, 2001)
wfattitude	no-join	Stone Cold What? Promo on Mr. McMahon & Booker T | WWF RAW (2001)
wfattitude	no-join	Mr. McMahon & Booker T in the skybox | WWF RAW (2001)
wfattitude	no-join	Ric Flair presents the new Undisputed Champion | WWF RAW (2001)
wfattitude	no-join	WWF RAW | Intro (December 10, 2001)
wfattitude	no-join	Chris Jericho & Kurt Angle vs. The Rock & Stone Cold | SmackDown! (2001)
wfattitude	no-join	Bradshaw vs. Undertaker | SmackDown! (2001)
wfattitude	no-join	RVD vs. Matt Hardy - Hardcore Championship | SmackDown! (2001)
wfattitude	no-join	Edge, Big Show & Kane vs. William Regal & Dudley Boyz | SmackDown! (2001)
wfattitude	no-join	WWF SmackDown! | Intro (December 06, 2001)
wfattitude	no-join	Mr. McMahon will kiss The Rock's ass? | WWF RAW (2001)
wfattitude	no-join	The Rock kisses Trish Stratus | WWF RAW (2001)
wfattitude	no-join	WWF RAW | Intro (December 03, 2001)
wfattitude	no-join	William Regal vs. Stone Cold - Strap Match | SmackDown! (2001)
wfattitude	no-join	The Rock saves Trish Stratus from kissing Mr. McMahon's ass | SmackDown! (2001)
wfattitude	no-join	Bubba Ray Dudley w/ Stacy Keibler vs. RVD - Hardcore Championship | SmackDown! (2001)
wfattitude	no-join	Kurt Angle is going to be the Undisputed Champion. What? | SmackDown! (2001)
wfattitude	no-join	Stone Cold opens the show | WWF SmackDown! Intro (November 29, 2001)
wfattitude	no-join	Undertaker Heel Turn | WWF RAW (2001)
wfattitude	flag:tiny	William Regal pees on Big Show | WWF RAW (2001)
wfattitude	no-join	Mr. McMahon talks about the "Kiss my Ass" Club | WWF RAW (2001)
wfattitude	no-join	WWF RAW | Intro (November 26, 2001)
wfattitude	no-join	RVD & The Rock vs. Chris Jericho & Dudley Boyz | SmackDown! (2001) 2
wfattitude	no-join	RVD & The Rock vs. Chris Jericho & Dudley Boyz | SmackDown! (2001) 1
wfattitude	no-join	William Regal confronts Stone Cold | SmackDown! (2001)
wfattitude	no-join	Kurt Angle vs. Undertaker | SmackDown! (2001) 2
wfattitude	no-join	Kurt Angle vs. Undertaker | SmackDown! (2001) 1
wfattitude	no-join	Mr. McMahon asks William Regal for a favor | SmackDown! (2001)
wfattitude	no-join	Kurt Angle and Undertaker talk to Mr. McMahon | SmackDown! (2001)
wfattitude	no-join	Ric Flair & Mr. McMahon discuss business | SmackDown! (2001)
wfattitude	no-join	WWF SmackDown! | Intro (November 22, 2001)
wfattitude	no-join	Ric Flair Returns | WWF RAW (2001)
wfattitude	no-join	William Regal kiss Mr. McMahon's ass | WWF RAW (2001)
wfattitude	no-join	Stephanie McMahon & Shane McMahon after Survivor Series | WWF RAW (2001)
wfattitude	no-join	Kurt Angle expects a thank you from The Rock | WWF RAW (2001)
wfattitude	flag:tiny	Linda McMahon at WWF New York | (2001)
wfattitude	no-join	Vince McMahon fires Paul Heyman | WWF RAW (2001)
wfattitude	no-join	WWF RAW | Intro (November 19, 2001)
wfattitude	no-join	Best SmackDown! Ending Ever | (2001)
wfattitude	no-join	Y2J & The Rock vs. Kurt Angle & Stone Cold | SmackDown! (2001) 1
wfattitude	no-join	Paul Heyman's Pipebomb on Vince McMahon | SmackDown! (2001)
wfattitude	no-join	Paul Heyman talks to Stephanie McMahon | SmackDown! (2001)
wfattitude	no-join	Big Show imitates DDP | SmackDown! (2001)
wfattitude	no-join	Stacy Keibler checks on Test | SmackDown! (2001)
wfattitude	no-join	RVD vs. Kane | SmackDown! (2001)
wfattitude	no-join	WWF SmackDown! | Intro (November 15, 2001)
wfattitude	no-join	The Rock and Stone Cold singing together | WWF RAW (2001) 2
wfattitude	no-join	The Rock and Stone Cold singing together | WWF RAW (2001) 1
wfattitude	flag:tiny	WWF New York | November 12, 2001
wfattitude	no-join	Stephanie McMahon addresses The Alliance | WWF RAW (2001)
wfattitude	no-join	Kurt Angle opens the show | WWF RAW Intro (November 12, 2001)
wfattitude	no-join	Undertaker vs. Stone Cold & Kurt Angle | SmackDown! (2001) 2
wfattitude	no-join	Undertaker vs. Stone Cold & Kurt Angle | SmackDown! (2001) 1
wfattitude	no-join	Stone Cold talks to Kurt Angle | SmackDown! (2001)
wfattitude	no-join	Lita & Jeff Hardy vs. Ivory & Lance Storm | SmackDown! (2001)
wfattitude	no-join	Stone Cold questions RVD | SmackDown! (2001)
wfattitude	no-join	Booker T vs. The Rock - WCW Championship | SmackDown! (2001)
wfattitude	no-join	Stone Cold talks to Booker T | SmackDown! (2001)
wfattitude	no-join	Stone Cold gives orders to The Alliance leaders | SmackDown! (2001)
wfattitude	no-join	Does The Alliance trust Stone Cold? | SmackDown! (2001)
wfattitude	no-join	WWF SmackDown! | Intro (November 08, 2001)
wfattitude	flag:tiny	Billy Gunn & Chuck Palumbo at WWF New York | (2001)
wfattitude	no-join	The Rock Promo | (November 05, 2001)
wfattitude	no-join	Stone Cold will join the WWF? | WWF RAW (2001)
wfattitude	no-join	WWF RAW | Intro (November 05, 2001)
wfattitude	no-join	Undertaker vs. Stone Cold - WWF Championship | SmackDown! (2001) 2
wfattitude	no-join	Undertaker vs. Stone Cold - WWF Championship | SmackDown! (2001) 1
wfattitude	no-join	Y2J and The Rock have an argue | SmackDown! (2001)
wfattitude	no-join	Kurt Angle vs. Kane - WCW U.S. Championship | SmackDown! (2001)
wfattitude	no-join	Stone Cold returns his gold medals to Kurt Angle | SmackDown! (2001)
wfattitude	no-join	Kurt Angle explains why he joined The Alliance | SmackDown! (2001)
wfattitude	no-join	The Rock & Y2J vs. Booker T & Test - Tag Team Championship | SmackDown! (2001) 2
wfattitude	no-join	The Rock & Y2J vs. Booker T & Test - Tag Team Championship | SmackDown! (2001) 1
wfattitude	no-join	WWF SmackDown! | Intro (November 01, 2001)
wfattitude	no-join	The Rock talks to Kurt Angle | WWF RAW (2001)
wfattitude	no-join	Kurt Angle meets Stone Cold | WWF RAW (2001)
wfattitude	no-join	Y2J meets with WWF Superstars | WWF RAW (2001)
wfattitude	no-join	Someone will betray the WWF | WWF RAW (2001) 2
wfattitude	no-join	Vince McMahon selects the members of Team WWF | WWF RAW (2001) 1
wfattitude	no-join	WWF RAW | Intro (October 29, 2001)
wfattitude	no-join	RVD vs. The Rock - Hardcore Championship | SmackDown! (2001) 2
wfattitude	no-join	RVD vs. The Rock - Hardcore Championship | SmackDown! (2001) 1
wfattitude	no-join	Stephanie & Shane McMahon confront Linda McMahon | SmackDown! (2001)
wfattitude	no-join	Booker T vs. Y2J - WCW Championship | SmackDown! (2001)
wfattitude	no-join	Trish Stratus vs. Mighty Molly | SmackDown! (2001)
wfattitude	no-join	The Alliance Battle Royal | SmackDown! (2001)
wfattitude	no-join	Stone Cold makes the Alliance Battle Royal | SmackDown! (2001) 2
wfattitude	no-join	The Alliance leaders punish their members | SmackDown! (2001) 1
wfattitude	no-join	WWF SmackDown! | Intro (October 25, 2001)
wfattitude	no-join	Maven at WWF New York | WWF RAW (2001)
wfattitude	no-join	WWF RAW | Intro (October 22, 2001)
wfattitude	no-join	RVD vs. Kurt Angle | SmackDown! (2001)
wfattitude	no-join	Y2J & The Rock vs. Raven & Justin Credible w/ Terri | SmackDown! (2001)
wfattitude	no-join	Linda McMahon gives a check for $1M  to the mayor of New York to help families | SmackDown! (2001)
wfattitude	no-join	RVD arrives to the party | SmackDown! (2001)
wfattitude	no-join	The Alliance Party for RVD | SmackDown! (2001)
wfattitude	no-join	Y2J & The Rock mocks Stephanie McMahon | SmackDown! (2001)
wfattitude	no-join	WWF SmackDown! | Intro (October 18, 2001)
wfattitude	flag:tiny	Undertaker and Kurt Angle are ready for the match | WWF RAW (2001)
wfattitude	no-join	DDP at WWF New York | WWF RAW (2001)
wfattitude	flag:tiny	Kurt Angle talks about finding a partner | WWF RAW (2001)
wfattitude	no-join	Mick Foley & Trish Stratus segment | WWF RAW (2001)
wfattitude	no-join	WWF RAW | Intro (October 15, 2001)
wfattitude	no-join	William Regal vs. Kurt Angle | SmackDown! (2001)
wfattitude	no-join	The Rock Promo | (October 11, 2001)
wfattitude	no-join	Mick Foley returns as WWF Commissioner | SmackDown! (2001) 2
wfattitude	no-join	Stone Cold addresses RVD | SmackDown! (2001) 1
wfattitude	no-join	Stone Cold after winning the WWF Championship again | SmackDown! (2001) 2
wfattitude	no-join	William Regal after betraying the WWF | SmackDown! (2001) 1
wfattitude	no-join	WWF SmackDown! | Intro (October 11, 2001)
wfattitude	flag:tiny	WWF No Mercy PPV Commercial | (2001)
wfattitude	no-join	WWF RAW | Intro (October 08, 2001)
wfattitude	no-join	Dudley Boyz & Nick Patrick vs. Y2J, The Rock & Mike Chioda | SmackDown! (2001)
wfattitude	no-join	Torrie Wilson vs. Stacy Keibler - Bikini Contest | SmackDown! (2001)
wfattitude	no-join	Tazz vs. Maven | SmackDown! (2001)
wfattitude	no-join	RVD vs. Kurt Angle | SmackDown! (2001)
wfattitude	no-join	The winner of Tough Enough Promo | SmackDown! (2001)
wfattitude	no-join	WWF SmackDown! | Intro (October 04, 2001)
wfattitude	no-join	Paul Heyman receives another fax from Stone Cold | WWF RAW (2001)
wfattitude	no-join	Paul Heyman receives a fax from Stone Cold | WWF RAW (2001)
wfattitude	no-join	Kurt Angle, The Rock & Shane McMahon segment | WWF RAW (2001)
wfattitude	no-join	WWF RAW | Intro (October 01, 2001)
wfattitude	no-join	Molly Holly vs. Ivory | SmackDown! (2001)
wfattitude	no-join	WWF SmackDown! | Intro (September 27, 2001)
wfattitude	no-join	The Rock sings Happy Birthday to Stephanie McMahon | RAW IS WAR (2001)
wfattitude	no-join	Al Snow presents the finalists of Tough Enough at WWF New York | RAW IS WAR (2001)
wfattitude	no-join	DDP finds its real him | RAW IS WAR (2001)
wfattitude	no-join	Shane McMahon talks to Earl Hebner | RAW IS WAR (2001)
wfattitude	no-join	Shane McMahon addresses The Alliance | RAW IS WAR (2001)
wfattitude	no-join	RAW IS WAR | Intro (September 24, 2001)
wfattitude	no-join	Test, Rhyno & Booker T vs. APA & The Rock | SmackDown! (2001)
wfattitude	no-join	Stone Cold vs. Tajiri - WWF Championship | SmackDown! (2001)
wfattitude	no-join	Stone Cold explains his actions | SmackDown! (2001)
wfattitude	no-join	Stone Cold makes Kurt Angle taken away on a stretcher | SmackDown! (2001)
wfattitude	no-join	WWF SmackDown! | Intro (September 20, 2001)
wfattitude	no-join	Y2J & Kurt Angle vs. RVD & Stone Cold | RAW IS WAR (2001) 2
wfattitude	no-join	Y2J & Kurt Angle vs. RVD & Stone Cold | RAW IS WAR (2001) 1
wfattitude	flag:tiny	RVD informs Stone Cold about their match | RAW IS WAR (2001)
wfattitude	no-join	Christian vs. Tajiri w/ Torrie Wilson - WCW U.S. Title | RAW IS WAR (2001)
wfattitude	no-join	Kurt Angle gives his thoughts on Stone Cold | RAW IS WAR (2001)
wfattitude	flag:tiny	WWF New York | September 17, 2001
wfattitude	no-join	RAW IS WAR | Intro (September 17, 2001)
wfattitude	no-join	Rhyno vs. Kurt Angle | SmackDown! (2001)
wfattitude	flag:tiny	Lilian Garcia comments on the events of September 11 | SmackDown! (2001)
wfattitude	flag:tiny	Stone Cold comments on the events of September 11 | SmackDown! (2001)
wfattitude	flag:tiny	Stacy Keibler comments on the events of September 11 | SmackDown! (2001)
wfattitude	flag:tiny	D-Von Dudley comments on the events of September 11 | SmackDown! (2001)
wfattitude	flag:tiny	Bubba Ray Dudley comments on the events of September 11 | SmackDown! (2001)
wfattitude	flag:tiny	The Hurricane comments on the events of September 11 | SmackDown! (2001)
wfattitude	flag:tiny	Torrie Wilson comments on the events of September 11 | SmackDown! (2001)
wfattitude	flag:tiny	Kanyon comments on the events of September 11 | SmackDown! (2001)
wfattitude	flag:tiny	Shawn Stasiak comments on the events of September 11 | SmackDown! (2001)
wfattitude	flag:tiny	Chris Jericho comments on the events of September 11 | SmackDown! (2001)
wfattitude	no-join	The Rock comments on the events of September 11 | SmackDown! (2001)
wfattitude	flag:tiny	Terri comments on the events of September 11 | SmackDown! (2001)
wfattitude	flag:tiny	Edge comments on the events of September 11 | SmackDown! (2001)
wfattitude	no-join	WWF SmackDown! | Intro (September 13, 2001)
wfattitude	no-join	Stone Cold has no remorse for Kurt Angle | RAW IS WAR (2001)
wfattitude	no-join	Stephanie McMahon & Test vs. The Rock | RAW IS WAR (2001)
wfattitude	no-join	RVD vs. Kurt Angle - Hardcore Championship | RAW IS WAR (2001)
wfattitude	flag:tiny	WWF New York | September 10, 2001
wfattitude	no-join	The Rock Promo | (September 10, 2001)
wfattitude	no-join	Stone Cold is not ashamed | RAW IS WAR (2001) 2
wfattitude	no-join	Stone Cold is not ashamed | RAW IS WAR (2001) 1
wfattitude	no-join	RAW IS WAR | Intro (September 10, 2001)
wfattitude	no-join	RVD vs. Stone Cold | SmackDown! (2001)
wfattitude	no-join	Hardcore Holly at WWF New York | SmackDown! (2001)
wfattitude	no-join	The Rock Promo | (September 04, 2001)
wfattitude	no-join	Stone Cold will whip the ass of the first son b*tch to walk through that door | SmackDown! (2001)
wfattitude	no-join	Stone Cold talks about his kidnapping | SmackDown! (2001)
wfattitude	no-join	Stone Cold throws hot coffee at Shawn Stasiak | SmackDown! (2001)
wfattitude	no-join	Stone Cold attacks Chavo Guerrero | SmackDown! (2001)
wfattitude	no-join	WWF SmackDown! | Intro (September 04, 2001)
wfattitude	no-join	Kurt Angle kidnaps Stone Cold | RAW IS WAR (2001)
wfattitude	no-join	Christian turns on Edge | RAW IS WAR (2001)
wfattitude	no-join	Stephanie McMahon and Debra present their new truck to Stone Cold | RAW IS WAR (2001)
wfattitude	no-join	Christian vs. The Rock - WCW Championship | RAW IS WAR (2001)
wfattitude	flag:tiny	WrestleMania X8 in Toronto | Announcement (2001)
wfattitude	no-join	RAW IS WAR | Intro (September 03, 2001)
wfattitude	no-join	Stone Cold throws Kurt Angle's medals into the river | SmackDown! (2001)
wfattitude	no-join	What is Stone Cold going to do with Kurt Angle's medals? | SmackDown! (2001)
wfattitude	no-join	Kurt Angle tries to get his medals back | SmackDown! (2001)
wfattitude	no-join	Stacy Keibler & Shawn Stasiak want to apologize to Debra | SmackDown! (2001)
wfattitude	no-join	Stone Cold calls Kurt Angle to get his medals | SmackDown! (2001)
wfattitude	no-join	WWF SmackDown! | Intro (August 30, 2001)
wfattitude	no-join	Stone Cold steals Kurt Angle's medals | RAW IS WAR (2001)
wfattitude	no-join	Rhyno vs. The Rock - WCW Championship | RAW IS WAR (2001)
wfattitude	no-join	Stacy Keibler & Shawn Stasiak prank Debra | RAW IS WAR (2001)
wfattitude	no-join	Kurt Angle attacks Raven | RAW IS WAR (2001)
wfattitude	no-join	Matt Hardy w/ Lita vs. The Hurricane - WWF European Championship | RAW IS WAR (2001)
wfattitude	no-join	RAW IS WAR | Intro (August 27, 2001)
wfattitude	no-join	Stone Cold vs. Y2J | SmackDown! (2001) 2
wfattitude	no-join	Stone Cold vs. Y2J | SmackDown! (2001) 1
wfattitude	no-join	Test, Rhyno & Booker T vs. APA & The Rock  | SmackDown! (2001)
wfattitude	no-join	Y2J challenges Stone Cold | SmackDown! (2001)
wfattitude	no-join	Stephanie McMahon tries to get Raven and RVD to shake hands | SmackDown! (2001)
wfattitude	no-join	RVD vs. Jeff Hardy - Hardcore Championship | SmackDown! (2001)
wfattitude	no-join	WWF SmackDown! | Intro (August 23, 2001)
wfattitude	no-join	Stone Cold Appreciation Night | RAW IS WAR (2001) 1
wfattitude	no-join	DDP vs. Sara w/ Undertaker | RAW IS WAR (2001)
wfattitude	no-join	Lance Storm vs. The Rock | RAW IS WAR (2001)
wfattitude	no-join	Mick Foley at WWF New York | (2001)
wfattitude	no-join	The Rock and mini Booker T | RAW IS WAR (2001)
wfattitude	no-join	RAW IS WAR | Intro (August 20, 2001)
wfattitude	no-join	Booker T vs. The Rock - First Lights Out Match | SmackDown! (2001)
wfattitude	no-join	Tazz vs. Kurt Angle | SmackDown! (2001)
wfattitude	no-join	Stone Cold Invitational | SmackDown! (2001) 2
wfattitude	no-join	Stone Cold Invitational | SmackDown! (2001) 1
wfattitude	no-join	Stone Cold prepares for his Invitational | SmackDown! (2001)
wfattitude	no-join	The Rock calls out Booker T | SmackDown! (2001)
wfattitude	no-join	Booker T mocks The Rock | SmackDown! (2001)
wfattitude	no-join	WWF SmackDown! | Intro (August 16, 2001)
wfattitude	no-join	Booker T is gonna take The Rock straight to school | RAW IS WAR (2001)
wfattitude	flag:tiny	SmackDown! New Fist Theme & 1st Austin Invitational Promo | RAW IS WAR (2001)
wfattitude	no-join	Stone Cold's first ever What? | RAW IS WAR (2001)
wfattitude	no-join	RAW IS WAR | Intro (August 13, 2001)
wfattitude	no-join	Finish of Dudley Boyz & Stone Cold vs. Hardy Boyz & Kurt Angle | SmackDown! (2001)
wfattitude	no-join	Rhyno gores Y2J Chris Jericho | SmackDown! (2001)
wfattitude	no-join	WWF SmackDown! | Intro (August 09, 2001)
wfattitude	no-join	Shane McMahon vs. The Rock - Street Fight Match | RAW IS WAR (2001) 2
wfattitude	no-join	Shane McMahon vs. The Rock - Street Fight Match | RAW IS WAR (2001) 1
wfattitude	no-join	Matt Hardy w/ Lita vs. Stone Cold w/ Debra | RAW IS WAR (2001)
wfattitude	no-join	Kurt Angle offers a glass of milk to The Rock | RAW IS WAR (2001)
wfattitude	no-join	Y2J throws a pie in Stephanie McMahon's face | RAW IS WAR (2001)
wfattitude	no-join	Stephanie McMahon's New Entrance Theme | RAW IS WAR (2001) 1
wfattitude	no-join	RAW IS WAR | Intro (August 06, 2001)
wfattitude	no-join	Stone Cold loves Debra's cookies | SmackDown! (2001)
wfattitude	no-join	Stone Cold is hungry | SmackDown! (2001)
wfattitude	no-join	Booker T challenges The Rock to a match at SummerSlam | SmackDown! (2001) 2
wfattitude	no-join	The Rock calls out Stone Cold | SmackDown! (2001) 1
wfattitude	no-join	Stacy Keibler gives cookies to Stone Cold | SmackDown! (2001)
wfattitude	no-join	WWF SmackDown! | Intro (August 02, 2001)
wfattitude	no-join	The Rock Returns to the WWF? | RAW IS WAR (2001) 2
wfattitude	no-join	The Rock Returns to the WWF? | RAW IS WAR (2001) 1
wfattitude	no-join	Kurt Angle vs. Booker T - WCW Championship | RAW IS WAR (2001) 2
wfattitude	no-join	Kurt Angle vs. Booker T - WCW Championship | RAW IS WAR (2001) 1
wfattitude	no-join	Test at WWF New York | RAW IS WAR (2001)
wfattitude	no-join	Vince McMahon and The Alliance are ready to receive The Rock | RAW IS WAR (2001)
wfattitude	no-join	RAW IS WAR | Intro (July 30, 2001)
wfattitude	no-join	Booker T vs. Kurt Angle - WCW Championship | SmackDown! (2001)
wfattitude	no-join	Shane McMahon shows how Vince has treated The Rock in the past | SmackDown! (2001)
wfattitude	no-join	The Rock returns Promo | SmackDown! (2001)
wfattitude	no-join	Kurt Angle challenges Stone Cold for the WWF Championship in his hometown | SmackDown! (2001) 2
wfattitude	no-join	The Alliance presents its champions | SmackDown! (2001) 1
wfattitude	no-join	WWF SmackDown! | Intro (July 26, 2001)
wfattitude	no-join	Torrie Wilson vs Trish Stratus - Spanking Match | RAW IS WAR (2001)
wfattitude	no-join	Big Show & Billy Gunn at WWF New York | RAW IS WAR (2001)
wfattitude	no-join	Vince McMahon looks for The Rock | RAW IS WAR (2001)
wfattitude	no-join	Stone Cold after Invasion | RAW IS WAR (2001)
wfattitude	no-join	RAW IS WAR Intro + Stone Cold "Dangerous" Entrance | (July 23, 2001)
wfattitude	no-join	Booker T & Rhyno vs. Kurt Angle & Stone Cold | SmackDown! (2001)
wfattitude	no-join	Torrie Wilson w/ Stacy Keibler vs. Trish Stratus w/ Lita - Arm Wrestling Match | SmackDown! (2001)
wfattitude	no-join	Autograph session for Lita's new video at WWF New York | SmackDown! (2001)
wfattitude	no-join	The Old Stone Cold is here | SmackDown! (2001)
wfattitude	no-join	The Alliance leaders vow to destroy WWF | SmackDown! (2001)
wfattitude	no-join	WWF SmackDown! | Intro (July 19, 2001)
wfattitude	no-join	The Old Stone Cold Returns | RAW IS WAR (2001)
wfattitude	no-join	Trish Stratus vs. Terri Runnels | RAW IS WAR (2001)
wfattitude	no-join	The Alliance meeting and WWF meeting | RAW IS WAR (2001)
wfattitude	flag:tiny	WWF Invasion PPV Commercial | (2001)
wfattitude	no-join	Stone Cold at the Friendly Tap | RAW IS WAR (2001)
wfattitude	no-join	RAW IS WAR | Intro (July 16, 2001)
wfattitude	flag:tiny	WWF & WCW referees have a brawl | SmackDown! (2001)
wfattitude	no-join	Lita vs. Trish Stratus | SmackDown! (2001)
wfattitude	no-join	Vince McMahon adresses Team WWF | SmackDown! (2001)
wfattitude	no-join	Stephanie McMahon & Shane McMahon talk about The Alliance | SmackDown! (2001)
wfattitude	no-join	WWF SmackDown! | Intro (July 12, 2001)
wfattitude	no-join	ECW joins WCW and forms The Alliance | RAW IS WAR (2001)
wfattitude	no-join	Kurt Angle vs. Booker T | (WCW) RAW IS WAR (2001)
wfattitude	no-join	Lita & Matt Hardy at WWF New York | (2001)
wfattitude	no-join	Kurt Angle gets ready for his match | RAW IS WAR (2001)
wfattitude	no-join	RAW IS WAR | Intro (July 09, 2001)
wfattitude	no-join	DDP vs. Booker T | (WCW) SmackDown! (2001)
wfattitude	no-join	Stone Cold and Kurt Angle talk to the WWF Team | SmackDown! (2001)
wfattitude	no-join	Vince McMahon wants to protect his reputation | SmackDown! (2001)
wfattitude	no-join	Vince McMahon receives a court summons | SmackDown! (2001)
wfattitude	flag:tiny	WWF and WCW referees have an argue | SmackDown! (2001)
wfattitude	no-join	Stone Cold gives cowboy hats to Vince McMahon and Kurt Angle | SmackDown! (2001)
wfattitude	no-join	WWF SmackDown! | Intro (July 05, 2001)
wfattitude	no-join	Booker T vs. Buff Bagwell | (WCW) RAW IS WAR (2001)
wfattitude	no-join	RAW becomes WCW | RAW IS WAR (2001)
wfattitude	no-join	Stone Cold and Kurt Angle hugging confrontation | RAW IS WAR (2001)
wfattitude	no-join	RAW IS WAR | Intro (July 02, 2001)
wfattitude	no-join	Stone Cold calls out Booker T | SmackDown! (2001)
wfattitude	no-join	Vince McMahon, Stone Cold & Kurt Angle looks for Booker T | SmackDown! (2001)
wfattitude	no-join	Stone Cold convinces Vince McMahon | SmackDown! (2001)
wfattitude	no-join	Linda McMahon turns on the Invasion | SmackDown! (2001)
wfattitude	no-join	WWF SmackDown! | Intro (June 28, 2001)
wfattitude	no-join	Hey Steve, you want a carrot? | RAW IS WAR (2001)
wfattitude	no-join	Kurt Angle visits Vince McMahon | RAW IS WAR (2001)
wfattitude	no-join	Stone Cold and Kurt Angle at WWF New York | RAW IS WAR (2001)
wfattitude	no-join	Booker T challenges Stone Cold at WWF New York | RAW IS WAR (2001)
wfattitude	no-join	Big Show wants to go on vacation with Trish Stratus | RAW IS WAR (2001)
wfattitude	no-join	Vince McMahon reacts to Mike Awesome's victory | RAW IS WAR (2001)
wfattitude	no-join	Mike Awesome wins the WWF Hardcore Title | RAW IS WAR (2001)
wfattitude	no-join	Vince McMahon opens the show | RAW IS WAR Intro (June 25, 2001)
wfattitude	no-join	Stone Cold can't find Vince McMahon | SmackDown! (2001)
wfattitude	no-join	Stone Cold attacks Michael Cole | SmackDown! (2001)
wfattitude	flag:tiny	Tough Enough Premiere Party at WWF New York | SmackDown! (2001)
wfattitude	no-join	Introducing Debra's Cookies | SmackDown! (2001)
wfattitude	no-join	Stone Cold gives his hunting bow to Vince McMahon | SmackDown! (2001)
wfattitude	no-join	WWF SmackDown! | Intro (June 21, 2001)
wfattitude	no-join	Sara's stalker reveals himself | RAW IS WAR (2001)
wfattitude	no-join	Kane helps a kid at WWF New York | RAW IS WAR (2001)
wfattitude	no-join	Stone Cold stuns Molly Holly | RAW IS WAR (2001)
wfattitude	no-join	WWF Tough Enough Commercial | (2001)
wfattitude	no-join	RAW IS WAR | Intro (June 18, 2001)
wfattitude	no-join	Stone Cold vs. Spike Dudley - WWF Championship | SmackDown! (2001)
wfattitude	no-join	Stacy Keibler's WWF debut | SmackDown! (2001)
wfattitude	no-join	Stone Cold calls Molly Holly a bimbo | SmackDown! (2001)
wfattitude	no-join	Stone Cold seeks signatures for a petition | SmackDown! (2001)
wfattitude	no-join	WWF SmackDown! | Intro (June 14, 2001)
wfattitude	no-join	Triple H's physical therapy | RAW IS WAR (2001)
wfattitude	no-join	Austin, you want a carrot? | RAW IS WAR (2001)
wfattitude	no-join	Stone Cold's bad day | RAW IS WAR (2001)
wfattitude	no-join	RAW IS WAR | Intro (June 11, 2001)
wfattitude	no-join	Chris Benoit & Y2J vs. Stone Cold & Mr. McMahon | SmackDown! (2001)
wfattitude	no-join	Hugh Morrus invades RAW | RAW IS WAR (2001)
wfattitude	no-join	RAW IS WAR | Intro (June 04, 2001)
wfattitude	no-join	Chris Benoit vs. Stone Cold - WWF Championship | SmackDown! (2001)
wfattitude	no-join	Stephanie McMahon gives an update on Triple H's status after surgery | SmackDown! (2001)
wfattitude	no-join	WWF SmackDown! | Intro (May 31, 2001)
wfattitude	no-join	Stone Cold vs. Chris Benoit - WWF Championship | RAW IS WAR (2001) 2
wfattitude	no-join	Stone Cold vs. Chris Benoit - WWF Championship | RAW IS WAR (2001) 1
wfattitude	no-join	Triple H discusses about his surgery | RAW IS WAR (2001)
wfattitude	no-join	Al Snow at WWF New York | (2001)
wfattitude	no-join	Lance Storm begins the Invasion | RAW IS WAR (2001)
wfattitude	no-join	RAW IS WAR | Intro (May 28, 2001)
wfattitude	no-join	Trish Stratus does The Worm | SmackDown! (2001)
wfattitude	no-join	Stone Cold vents about his problems | SmackDown! (2001)
wfattitude	no-join	WWF SmackDown! | Intro (May 24, 2001)
wfattitude	no-join	Two Man Power Trip vs. Y2J & Chris Benoit | RAW IS WAR (2001)
wfattitude	flag:tiny	Steven Richards at WWF New York | (2001)
wfattitude	no-join	Kurt Angle's Olympic Medal Ceremony | RAW IS WAR (2001)
wfattitude	no-join	Y2J challenges Stone Cold for the Tag Team Titles | RAW IS WAR (2001) 2
wfattitude	no-join	Stone Cold opens the show | RAW IS WAR (2001) 1
wfattitude	no-join	Undertaker vs. Triple H | SmackDown! (2001)
wfattitude	no-join	Chyna vs. Molly Holly & Ivory | SmackDown! (2001)
wfattitude	no-join	WWF SmackDown! | Into (May 17, 2001)
wfattitude	no-join	Two Man Power Trip vs. Kane | RAW IS WAR (2001)
wfattitude	no-join	Ivory & Molly Holly vs. Lita & Chyna | RAW IS WAR (2001)
wfattitude	no-join	Undertaker's wife had an accident | RAW IS WAR (2001)
wfattitude	no-join	Trish Stratus shows a preview of the Divas video | RAW IS WAR (2001)
wfattitude	no-join	RAW IS WAR | Intro (May 14, 2001)
wfattitude	no-join	Undertaker taunts Stone Cold | SmackDown! (2001)
wfattitude	flag:tiny	WWF New York | May 10, 2001
wfattitude	no-join	Undertaker wets William Regal | SmackDown! (2001)
wfattitude	no-join	Undertaker is waiting for Stone Cold | SmackDown! (2001)
wfattitude	no-join	WWF SmackDown! | Intro (May 10, 2001)
wfattitude	no-join	Mick Foley returns to his hometown | RAW IS WAR (2001) 2
wfattitude	no-join	Mick Foley returns to his hometown | RAW IS WAR (2001) 1
wfattitude	no-join	Molly Holly vs. Lita | RAW IS WAR (2001)
wfattitude	no-join	RAW IS WAR | Intro (May 07, 2001)
wfattitude	no-join	Undertaker attacks Stone Cold in the ambulance | SmackDown! (2001)
wfattitude	no-join	Triple H vs. Jeff Hardy | SmackDown! (2001)
wfattitude	no-join	WWF SmackDown! | Intro (May 03, 2001)
wfattitude	no-join	Trish Stratus vs. Chyna | RAW IS WAR (2001)
wfattitude	no-join	Undertaker vs. Stone Cold | RAW IS WAR (2001)
wfattitude	no-join	The Two Man Power Trip after Backlash | RAW IS WAR (2001)
wfattitude	no-join	RAW IS WAR | Intro (April 30, 2001)
wfattitude	no-join	Two Man Power Trip vs. Mystery Opponents | SmackDown! (2001)
wfattitude	no-join	Shane McMahon reads a story for Big Show | SmackDown! (2001)
wfattitude	no-join	Debra brings coffee for Stone Cold and Triple H | SmackDown! (2001)
wfattitude	no-join	The rise of The Power Trip Promo | SmackDown! (2001)
wfattitude	no-join	WWF SmackDown! | Intro (April 26, 2001)
wfattitude	no-join	Two Man Power Trip & Edge and Christian vs. Brothers of Destruction & Hardy Boyz | RAW IS WAR (2001)
wfattitude	flag:tiny	WWF Backlash Main Event Commercial | (2001)
wfattitude	flag:tiny	Mick Foley at WWF New York | (2001)
wfattitude	no-join	RAW IS WAR | Intro (April 23, 2001)
wfattitude	no-join	Finish of Edge & Christian vs. Brothers of Destruction | SmackDown! (2001)
wfattitude	no-join	Molly Holly vs. Chyna | SmackDown! (2001)
wfattitude	no-join	William Regal makes Kane defend the Hardcore Title | SmackDown! (2001)
wfattitude	no-join	WWF SmackDown! | Intro (April 19, 2001)
wfattitude	no-join	Finish of Triple H vs. Jeff Hardy | RAW IS WAR (2001)
wfattitude	no-join	Trish Stratus at WWF New York | (2001)
wfattitude	no-join	RAW IS WAR | Intro (April 16, 2001)
wfattitude	flag:tiny	Sunday Night Heat on MTV | Commercial (2001)
wfattitude	no-join	Chyna vs. Ivory | SmackDown! (2001)
wfattitude	no-join	Debra talks to Jim Ross about Stone Cold | SmackDown! (2001)
wfattitude	no-join	WWF SmackDown! | Intro (April 12, 2001)
wfattitude	no-join	Hardy Boyz & Lita vs. Two Man Power Trip | RAW IS WAR (2001)
wfattitude	no-join	Mr. McMahon talks to Jim Ross | RAW IS WAR (2001)
wfattitude	no-join	RAW IS WAR | Intro (April 09, 2001)
wfattitude	no-join	Jim Ross interviews Stone Cold | SmackDown! (2001) 2
wfattitude	no-join	Jim Ross interviews Stone Cold | SmackDown! (2001) 1
wfattitude	no-join	Chyna comments on winning the WWF Women's Championship | SmackDown! (2001)
wfattitude	no-join	Mr. McMahon on his alliance with Stone Cold & Triple H | SmackDown! (2001)
wfattitude	no-join	WWF SmackDown! | Intro (April 05, 2001)
wfattitude	no-join	Stone Cold after WrestleMania X-Seven | RAW IS WAR (2001)
wfattitude	no-join	RAW IS WAR | Intro (April 02, 2001)
wfattitude	no-join	Stone Cold vs. The Rock | WrestleMania X-Seven Promo 6 (2001)
wfattitude	no-join	Triple H destroys the Undertaker's motorcycle | SmackDown! (2001)
wfattitude	no-join	Stone Cold and The Rock face off before WrestleMania X-Seven | SmackDown! (2001)
wfattitude	flag:tiny	WrestleMania X-Seven Countdown | 3 Days Away (2001)
wfattitude	no-join	WWF SmackDown! | Intro (March 29, 2001)
wfattitude	no-join	The Brothers of Destruction vs. Stone Cold & The Rock | RAW IS WAR (2001)
wfattitude	flag:tiny	Stone Cold vs. The Rock | WrestleMania X-Seven Promo 5 | (2001)
wfattitude	no-join	Shane McMahon owns WCW! | RAW IS WAR (2001)
wfattitude	flag:tiny	Stone Cold vs. The Rock | WrestleMania X-Seven Promo 4 (2001)
wfattitude	no-join	Mr. McMahon buys WCW | Nitro (2001)
wfattitude	no-join	The Monday Night Wars ended - RAW IS WAR Intro | (March 26, 2001)
wfattitude	flag:tiny	Aerosmith at WWF New York | (2001)
wfattitude	flag:tiny	Stone Cold vs. The Rock | WrestleMania X-Seven Promo 3 (2001)
wfattitude	no-join	WWF SmackDown! | Intro (March 22, 2001)
wfattitude	no-join	Finish of Y2J & The Rock vs. William Regal, Kurt Angle & Chris Benoit | RAW IS WAR (2001)
wfattitude	flag:tiny	Eddie Guerrero at WWF New York | (2001)
wfattitude	no-join	Chris Jericho pees William Regal's tea | RAW IS WAR (2001)
wfattitude	no-join	RAW IS WAR | Intro (March 19, 2001)
wfattitude	no-join	Finish of Stone Cold vs. Kurt Angle | SmackDown! (2001)
wfattitude	no-join	Jim Ross interviews Stone Cold | SmackDown! (2001)
wfattitude	no-join	WWF SmackDown! | Intro (March 15, 2001)
wfattitude	flag:tiny	Stone Cold vs. The Rock | WrestleMania X-Seven Promo 2 (2001)
wfattitude	no-join	Finish of The Rock vs. Kurt Angle | RAW IS WAR (2001)
wfattitude	flag:tiny	APA Protection at WWF New York | (2001)
wfattitude	no-join	Shane McMahon returns | RAW IS WAR (2001)
wfattitude	flag:tiny	WrestleMania X-Seven Countdown | 20 Days Left (2001)
wfattitude	no-join	RAW IS WAR | Intro (March 12, 2001)
wfattitude	flag:tiny	WrestleMania X-Seven Countdown | 24 Days Left (2001)
wfattitude	flag:tiny	Stone Cold vs. The Rock | WrestleMania X-Seven Promo 1 (2001)
wfattitude	flag:tiny	WWF New York | March 08, 2001
wfattitude	no-join	WWF SmackDown! | Intro (March 08, 2001)
wfattitude	no-join	Triple H calls out Stone Cold | RAW IS WAR (2001)
wfattitude	no-join	RAW IS WAR | Intro (March 05, 2001)
wfattitude	no-join	Mr. McMahon's relationship with Trish Stratus Promo | SmackDown! (2001)
wfattitude	flag:tiny	WWF New York | March 01, 2001
wfattitude	no-join	Kurt Angle, Stone Cold and The Rock segment | SmackDown! (2001)
wfattitude	no-join	WWF SmackDown! | Intro (March 01, 2001)
wfattitude	no-join	Stone Cold confronts The Rock | RAW IS WAR (2001)
wfattitude	no-join	RAW IS WAR | Intro (February 26, 2001)
wfattitude	no-join	Trish Stratus attacks Stephanie McMahon | SmackDown! (2001)
wfattitude	no-join	Kurt Angle talks about The Rock before No Way Out | SmackDown! (2001)
wfattitude	flag:tiny	WWF "Don't Try This At Home" Announcement | (2000-2001)
wfattitude	no-join	WWF SmackDown! | Intro (February 22, 2001)
wfattitude	no-join	RAW IS WAR | Intro (February 19, 2001)
wfattitude	no-join	The Rock Promo | (February 15, 2001)
wfattitude	no-join	Chris Benoit vs. Stone Cold | SmackDown! (2001)
wfattitude	no-join	WWF SmackDown! | Intro (February 15, 2001)
wfattitude	no-join	Rikishi vs. The Rock | RAW IS WAR (2001)
wfattitude	no-join	The Kat at WWF New York | RAW IS WAR (2001)
wfattitude	no-join	The Rock has to get the job done | RAW IS WAR (2001)
wfattitude	no-join	RAW IS WAR | Intro (February 12, 2001)
ruthless	no-join	WWE SmackDown! | Intro (May 01, 2003)
ruthless	no-join	Linda McMahon introduces the new Co-General Manager | WWE RAW (2003) 2
ruthless	no-join	The Highlight Reel featuring Goldberg | WWE RAW (2003) 2
ruthless	no-join	The Highlight Reel featuring Goldberg | WWE RAW (2003) 1
ruthless	no-join	WWE RAW | Intro (April 28, 2003)
ruthless	no-join	A-Train vs. Brock Lesnar | SmackDown! (2003) 2
ruthless	no-join	A-Train vs. Brock Lesnar | SmackDown! (2003) 1
ruthless	no-join	Stephanie McMahon announces the upcoming debut of Mr. America | SmackDown! (2003)
ruthless	no-join	Shelton Benjamin vs. Chavo Guerrero | SmackDown! (2003)
ruthless	no-join	Female Body Challenge - Sable Invitational | SmackDown! (2003)
ruthless	no-join	Rey Mysterio vs. Crash | SmackDown! (2003)
ruthless	no-join	Josh Mathews interviews Sable | SmackDown! (2003)
ruthless	no-join	John Cena vs. Rhyno | SmackDown! (2003)
ruthless	no-join	WWE SmackDown! | Intro (April 24, 2003)
ruthless	no-join	The Rock Concert II | WWE RAW (2003) 1
ruthless	no-join	Jonathan Coachman interviews Lita | WWE RAW (2003)
ruthless	no-join	WWE RAW | Intro (April 21, 2003)
ruthless	no-join	Finish of John Cena vs. Chris Benoit - #1 Contender Match | SmackDown! (2003)
ruthless	no-join	Torrie Wilson vs. Nidia | SmackDown! (2003)
ruthless	no-join	Eddie Guerrero vs. Jamie Noble | SmackDown! (2003)
ruthless	no-join	Brock Lesnar, John Cena & Chris Benoit segment | SmackDown! (2003)
ruthless	no-join	Rey Mysterio & Tajiri vs. A-Train & Big Show | SmackDown! (2003)
ruthless	no-join	WWE SmackDown! | Intro (April 17, 2003)
ruthless	no-join	Jonathan Coachman interviews The Rock | WWE RAW (2003)
ruthless	no-join	Eric Bischoff offers Stone Cold merchandise | WWE RAW (2003)
ruthless	no-join	Kevin Nash must choose between Triple H or Shawn Michaels | WWE RAW (2003) 2
ruthless	no-join	Kevin Nash opens the show | WWE RAW Intro (April 14, 2003) 1
ruthless	no-join	John Cena vs. Undertaker - WWE Championship #1 Contender Tournament Match | SmackDown! (2003) 2
ruthless	no-join	John Cena vs. Undertaker - WWE Championship #1 Contender Tournament Match | SmackDown! (2003) 1
ruthless	no-join	Team Angle vs. Tajiri & Rey Mysterio | SmackDown! (2003)
ruthless	no-join	Roddy Piper returns to SmackDown! | SmackDown! (2003) 1
ruthless	no-join	Chris Benoit vs. A-Train - WWE Championship #1 Contender Tournament Match | SmackDown! (2003)
ruthless	no-join	Torrie Wilson & Brian Kendrick vs. Nidia & Jamie Noble | SmackDown! (2003)
ruthless	no-join	Brock Lesnar vs. Matt Hardy | SmackDown! (2003)
ruthless	no-join	WWE SmackDown! | Intro (April 10, 2003)
ruthless	no-join	Jim Ross quits his job | WWE RAW (2003)
ruthless	no-join	The Rock calls out Goldberg | WWE RAW (2003) 2
ruthless	no-join	The Rock talks to Trish Stratus | WWE RAW (2003)
ruthless	no-join	WWE RAW | Intro (April 07, 2003)
ruthless	no-join	Mr. McMahon kicks Hulk Hogan out of the arena | SmackDown! (2003) 2
ruthless	no-join	Mr. McMahon & Hulk Hogan after WrestleMania XIX | SmackDown! (2003) 1
ruthless	no-join	Big Show vs. Rhyno - WWE Championship #1 Contender Tournament Match | SmackDown! (2003)
ruthless	no-join	John Cena vs. Eddie Guerrero - WWE Championship #1 Contender Tournament Match | SmackDown! (2003)
ruthless	no-join	Chris Benoit vs. A-Train - WWE Championship #1 Contender Tournament Match | SmackDown! (2003)
ruthless	no-join	Undertaker vs. Rey Mysterio - WWE Championship #1 Contender Tournament Match | SmackDown! (2003)
ruthless	no-join	WWE SmackDown! | Intro (April 03, 2003)
ruthless	no-join	Goldberg's WWE Debut | WWE RAW (2003)
ruthless	no-join	Stone Cold leaves the arena | WWE RAW (2003)
ruthless	no-join	Terri asks Stone Cold about Eric Bischoff  | WWE RAW (2003)
ruthless	no-join	Eric Bischoff fires Stone Cold | WWE RAW (2003)
ruthless	no-join	WWE RAW | Intro (March 31, 2003)
ruthless	no-join	John Cena vs. Rikishi | SmackDown! (2003)
ruthless	no-join	Shelton Benjamin vs. Chavo Guerrero | SmackDown! (2003)
ruthless	no-join	Big Show & A-Train vs. Chris Benoit & Rhyno | SmackDown! (2003)
ruthless	no-join	Torrie Wilson vs. Nidia | SmackDown! (2003)
ruthless	no-join	Eddie Guerrero vs. Charlie Haas | SmackDown! (2003)
ruthless	no-join	Hulk Hogan talks about WrestleMania XIX and Mr. McMahon | SmackDown! (2003)
ruthless	no-join	Rey Mysterio & Brian Kendrick vs. Matt Hardy & Shannon Moore | SmackDown! (2003)
ruthless	no-join	WWE SmackDown! | Intro (March 27, 2003)
ruthless	no-join	The Rock Concert | WWE RAW (2003)
ruthless	no-join	Chris Jericho shares a message with Shawn Michaels | WWE RAW (2003)
ruthless	flag:tiny	Jonathan Coachman talks to Stone Cold | WWE RAW (2003)
ruthless	no-join	Jonathan Coachman informs Eric Bischoff of an emergency | WWE RAW (2003)
ruthless	no-join	Eric Bischoff kicks Stone Cold out of the arena | WWE RAW (2003)
ruthless	no-join	WWE RAW | Intro (March 24, 2003)
ruthless	no-join	Hulk Hogan vs. Mr. McMahon Contract Signing | SmackDown! (2003)
ruthless	no-join	Kurt Angle wants an apology from Brock Lesnar | SmackDown! (2003)
ruthless	no-join	Rey Mysterio vs. Jamie Noble | SmackDown! (2003)
ruthless	no-join	Los Guerreros & Rikishi vs. F.B.I. | SmackDown! (2003)
ruthless	no-join	Los Guerreros: Lie, Cheat & Steal | SmackDown! (2003) 2
ruthless	no-join	John Cena issues an open challenge | SmackDown! (2003)
ruthless	no-join	Charlie Haas vs. Rhyno | SmackDown! (2003)
ruthless	no-join	WWE SmackDown! | Intro (March 20, 2003)
ruthless	flag:tiny	WrestleMania XIX Countdown | 2 Weeks Away (2003)
ruthless	no-join	Theodore Long talks to The Rock | WWE RAW (2003)
ruthless	no-join	Shawn Michaels talks to Stone Cold | WWE RAW (2003)
ruthless	no-join	Goldust stands up to Triple H for Booker T | WWE RAW (2003)
ruthless	no-join	Kurt Angle vs. Brock Lesnar - WWE Championship | SmackDown! (2003)
ruthless	no-join	Mr. McMahon recalls his history with Hulk Hogan | SmackDown! (2003)
ruthless	no-join	Los Guerreros vs. Rhyno & Chris Benoit - #1 Contenders Match | SmackDown! (2003) 2
ruthless	no-join	Los Guerreros vs. Rhyno & Chris Benoit - #1 Contenders Match | SmackDown! (2003) 1
ruthless	flag:tiny	John Cena on Brock Lesnar | SmackDown! (2003) 2
ruthless	no-join	Dawn Marie goes wild | SmackDown! (2003)
ruthless	no-join	Big Show & A-Train vs. Tajiri & Funaki | SmackDown! (2003)
ruthless	no-join	Team Angle vs. Rey Mysterio & Billy Kidman | SmackDown! (2003)
ruthless	no-join	WWE SmackDown! | Intro (March 13, 2003)
ruthless	no-join	The Rock & The Hurricane talk about their match | WWE RAW (2003)
ruthless	flag:tiny	Stone Cold arrives to the arena | WWE RAW (2003)
ruthless	no-join	Booker T responds to Triple H's criticism | WWE RAW (2003)
ruthless	no-join	WWE RAW | Intro (March 10, 2003)
ruthless	no-join	Brock Lesnar vs. Paul Heyman - Steel Cage Match | SmackDown! (2003)
ruthless	flag:tiny	John Cena on Brock Lesnar | SmackDown! (2003)
ruthless	no-join	Undertaker w/ Nathan Jones vs. A-Train w/ Big Show | SmackDown! (2003)
ruthless	no-join	Vince McMahon hates Hulk Hogan | SmackDown! (2003)
ruthless	no-join	Hulk Hogan calls out Vince McMahon | SmackDown! (2003)
ruthless	no-join	Paul Heyman & Kurt Angle make a request to Stephanie McMahon | SmackDown! (2003)
ruthless	no-join	Los Guerreros vs. The FBI | SmackDown! (2003)
ruthless	no-join	Rey Mysterio vs. Jamie Noble vs. Tajiri - #1 Contender Match | SmackDown! (2003)
ruthless	no-join	WWE SmackDown! | Intro (March 06, 2003)
ruthless	no-join	The Hurricane criticizes The Rock | WWE RAW (2003)
ruthless	no-join	Triple H criticizes Booker T | WWE RAW (2003)
ruthless	no-join	WWE RAW | Intro (March 03, 2003)
ruthless	no-join	Team Angle vs. Brock Lesnar | SmackDown! (2003) 2
ruthless	no-join	Team Angle vs. Brock Lesnar | SmackDown! (2003) 1
ruthless	no-join	Brian Kendrick vs. Kurt Angle | SmackDown! (2003)
ruthless	no-join	John Cena renames his signature move | SmackDown! (2003)
ruthless	no-join	Undertaker calls out A-Train | SmackDown! (2003)
ruthless	no-join	Nunzio vs. Eddie Guerrero | SmackDown! (2003)
ruthless	no-join	Torrie Wilson & Funaki vs. Nidia & Jamie Noble | SmackDown! (2003)
ruthless	no-join	Vince McMahon talks about The Rock and Hulk Hogan | SmackDown! (2003)
ruthless	no-join	WWE SmackDown! | Intro (February 27, 2003)
ruthless	no-join	20-Man Battle Royal | WWE RAW (2003) 2
ruthless	no-join	20-Man Battle Royal | WWE RAW (2003) 1
ruthless	no-join	The Rock & The Hurricane Backstage Segment | WWE RAW (2003)
ruthless	no-join	The Rock enters himself into the Battle Royal | WWE RAW (2003) 2
ruthless	no-join	Eric Bischoff bans Stone Cold from RAW | WWE RAW (2003) 1
ruthless	no-join	WWE RAW | Intro (February 24, 2003)
ruthless	no-join	Brock Lesnar vs. Team Angle | SmackDown! (2003) 2
ruthless	no-join	Brock Lesnar vs. Team Angle | SmackDown! (2003) 1
ruthless	no-join	Hulk Hogan and The Rock confrontation | SmackDown! (2003)
ruthless	no-join	Big Show gives Undertaker a puppy | SmackDown! (2003)
ruthless	no-join	Rey Mysterio & Billy Kidman vs. Matt Hardy & Shawn Michaels | SmackDown! (2003)
ruthless	no-join	Los Guerreros: Lie, Cheat & Steal | SmackDown! (2003) 1
ruthless	no-join	Kurt Angle prepares for his match against Brock Lesnar | SmackDown! (2003)
ruthless	no-join	Chris Benoit vs. A-Train | SmackDown! (2003)
ruthless	no-join	The Rock talks about the fans and Hulk Hogan | SmackDown! (2003) 2
ruthless	no-join	The Rock opens the show | SmackDown! Intro (February 20, 2003)
ruthless	no-join	Eric Bischoff makes an announcement | WWE RAW (2003)
ruthless	no-join	WWE RAW | Intro (February 17, 2003)
ruthless	no-join	Brock Lesnar calls out Kurt Angle | SmackDown! (2003)
ruthless	no-join	Brock Lesnar vs. John Cena | SmackDown! (2003)
ruthless	no-join	Torrie Wilson vs. Dawn Marie - Valentine's Day Bra & Panties Match | SmackDown! (2003)
ruthless	no-join	Eddie Guerrero vs. Shelton Benjamin | SmackDown! (2003)
ruthless	no-join	Kanyon attacks Undertaker | SmackDown! (2003)
ruthless	no-join	Chris Benoit vs. A-Train | SmackDown! (2003)
ruthless	no-join	Rey Mysterio vs. Matt Hardy | SmackDown! (2003)
ruthless	no-join	Kurt Angle gives Stephanie McMahon a rose | SmackDown! (2003)
ruthless	no-join	Edge vs. Charlie Haas | SmackDown! (2003)
ruthless	no-join	WWE SmackDown! | Intro (February 13, 2003)
ruthless	no-join	Stone Cold Returns | WWE RAW (2003) 2
ruthless	no-join	Stone Cold Returns | WWE RAW (2003) 1
ruthless	no-join	Mr. McMahon calls out the New General Manager | WWE RAW (2003)
ruthless	no-join	Dudley Boyz say goodbye to Eric Bischoff | WWE RAW (2003)
ruthless	no-join	Mr. McMahon fires Eric Bischoff | WWE RAW (2003)
ruthless	no-join	Eric Bischoff fires Jim Ross | WWE RAW (2003)
ruthless	no-join	Test w/ Stacy Keibler vs. Christian | WWE RAW (2003)
ruthless	no-join	WWE RAW | Intro (February 10, 2003)
ruthless	no-join	Kurt Angle vs. Chris Benoit | SmackDown! (2003) 2
ruthless	no-join	Kurt Angle vs. Chris Benoit | SmackDown! (2003) 1
ruthless	no-join	John Cena challenges Brock Lesnar | SmackDown! (2003)
ruthless	no-join	The Rock interrupts Hulk Hogan | SmackDown! (2003)
ruthless	no-join	Los Guerreros vs. Team Angle - Tag Team Championship | SmackDown! (2003) 2
ruthless	no-join	Los Guerreros vs. Team Angle - Tag Team Championship | SmackDown! (2003) 1
ruthless	no-join	Undertaker tombstones Brother Love | SmackDown! (2003)
ruthless	no-join	The Rock Promo | (February 06, 2003)
ruthless	no-join	Rey Mysterio vs. Jamie Noble | SmackDown! (2003)
ruthless	no-join	WWE SmackDown! | Intro (February 06, 2003)
ruthless	no-join	Shawn Michaels has some advice for Jeff Hardy | WWE RAW (2003)
ruthless	no-join	Triple H officially presents "Evolution" | WWE RAW (2003)
ruthless	no-join	Eric Bischoff is looking for Stone Cold | WWE RAW (2003)
ruthless	no-join	Dudley Boyz vs. 3-Minute Warning | WWE RAW (2003)
ruthless	no-join	Test demands an apology from Chris Jericho | WWE RAW (2003)
ruthless	no-join	WWE RAW | Intro (February 03, 2003)
ruthless	no-join	Team Angle vs. Edge & Chris Benoit - #1 Contenders Tag Team Match | SmackDown! (2003) 2
ruthless	no-join	Team Angle vs. Edge & Chris Benoit - #1 Contenders Tag Team Match | SmackDown! (2003) 1
ruthless	no-join	Undertaker calls out Big Show | SmackDown! (2003)
ruthless	no-join	Mr. McMahon responds to Hulk Hogan's challenge | SmackDown! (2003) 2
ruthless	no-join	Mr. McMahon responds to Hulk Hogan's challenge | SmackDown! (2003) 1
ruthless	no-join	Eddie Guerrero vs. John Cena | SmackDown! (2003)
ruthless	no-join	Rey Mysterio vs. A-Train | SmackDown! (2003)
ruthless	no-join	WWE SmackDown! | Intro (January 30, 2003)
ruthless	no-join	Eric Bischoff discusses Stone Cold's absence | WWE RAW (2003)
ruthless	no-join	Kane & RVD discuss the Royal Rumble | WWE RAW (2003)
ruthless	no-join	Shawn Michaels confronts Chris Jericho | WWE RAW (2003)
ruthless	no-join	Scott Steiner calls out Triple H | WWE RAW (2003)
ruthless	no-join	WWE RAW | Intro (January 27, 2003)
ruthless	no-join	Hulk Hogan Returns | SmackDown! (2003) 2
ruthless	no-join	Hulk Hogan Returns | SmackDown! (2003) 1
ruthless	no-join	Rey Mysterio vs. Kurt Angle | SmackDown! (2003)
ruthless	no-join	Shelton Benjamin vs. Edge | SmackDown! (2003)
ruthless	no-join	Undertaker vs. A-Train | SmackDown! (2003) 2
ruthless	no-join	Undertaker Returns | SmackDown! (2003) 1
ruthless	no-join	Chris Benoit vs. Charlie Haas | SmackDown! (2003) 2
ruthless	no-join	Chris Benoit opens the show | SmackDown! Intro (January 23, 2003) 1
ruthless	no-join	Eric Bischoff makes a huge announcement | WWE RAW (2003)
ruthless	no-join	Nick Patrick apologizes | WWE RAW (2003)
ruthless	flag:tiny	Randy Orton talks to Scott Steiner | WWE RAW (2003)
ruthless	no-join	Triple H opens the show | WWE RAW Intro (January 20, 2003)
ruthless	no-join	Team Angle vs. Edge & Chris Benoit | SmackDown! (2003) 2
ruthless	no-join	Team Angle vs. Edge & Chris Benoit | SmackDown! (2003) 1
ruthless	no-join	Big Show & A-Train vs. Brock Lesnar & Rey Mysterio | SmackDown! (2003)
ruthless	no-join	RAW X Anniversary Highlights | (2003)
ruthless	no-join	Stephanie McMahon on the Royal Rumble | SmackDown! (2003)
ruthless	no-join	Chris Benoit talks about his career | SmackDown! (2003)
ruthless	no-join	Los Guerreros vs. John Cena & B-2 - Tag Team Championship | SmackDown! (2003)
ruthless	no-join	WWE SmackDown! | Intro (January 16, 2003)
ruthless	no-join	The Hurricane w/ Trish Stratus vs. Steven Richards w/ Victoria | WWE RAW (2003)
ruthless	no-join	Vince McMahon gives Eric Bischoff an ultimatum | WWE RAW (2003) 2
ruthless	no-join	Vince McMahon gives Eric Bischoff an ultimatum | WWE RAW (2003) 1
ruthless	no-join	WWE RAW | Intro (January 13, 2003)
ruthless	no-join	A-Train vs. Brock Lesnar | SmackDown! (2003)
ruthless	no-join	B-2 vs. Eddie Guerrero | SmackDown! (2003)
ruthless	no-join	Chris Benoit vs. Shelton Benjamin | SmackDown! (2003) 2
ruthless	no-join	Charlie Haas vs. Edge | SmackDown! (2003) 1
ruthless	no-join	John Cena vs. Chavo Guerrero | SmackDown! (2003)
ruthless	no-join	Big Show opens the show | SmackDown! Intro (January 09, 2003)
ruthless	no-join	Test w/ Stacy Keibler vs. Christopher Nowinski | WWE RAW (2003)
ruthless	no-join	Randy Orton interrupts Chris Jericho and Shawn Michaels | WWE RAW (2003) 2
ruthless	no-join	Chris Jericho talks about the Royal Rumble | WWE RAW (2003) 1
ruthless	no-join	Dudley Boyz open the show | WWE RAW Intro (January 06, 2003)
ruthless	no-join	Brock Lesnar vs. Matt Hardy | SmackDown! (2003)
ruthless	no-join	Matt Hardy & Shannon Moore attack Brock Lesnar | SmackDown! (2003)
ruthless	no-join	Team Angle vs. Chris Benoit & Edge | SmackDown! (2003)
ruthless	no-join	Dawn Marie & Al Wilson Wedding | SmackDown! (2003)
ruthless	no-join	Eddie Guerrero vs. Billy Kidman | SmackDown! (2003) 2
ruthless	no-join	Eddie Guerrero vs. Billy Kidman | SmackDown! (2003) 1
ruthless	no-join	Team Angle Interview | SmackDown! (2003)
ruthless	no-join	John Cena & B-2 open the show | SmackDown! Intro (January 02, 2003)
ruthless	no-join	Chris Benoit vs. Big Show | SmackDown! (2002) 2
ruthless	no-join	Chris Benoit vs. Big Show | SmackDown! (2002) 1
ruthless	no-join	Los Guerreros talk to John Cena & B-2 | SmackDown! (2002)
ruthless	no-join	B-2 vs. Rikishi | SmackDown! (2002)
ruthless	no-join	Kurt Angle introduces Team Angle | SmackDown! (2002)
ruthless	no-join	Los Guerreros vs. Billy Kidman & Edge | SmackDown! (2002) 2
ruthless	no-join	Los Guerreros vs. Billy Kidman & Edge | SmackDown! (2002) 1
ruthless	no-join	Stephanie McMahon makes a #1 Contender's Match | SmackDown! (2002)
ruthless	no-join	WWE SmackDown! | Intro (December 26, 2002)
ruthless	no-join	Triple H vs. Scott Steiner - Arm Wrestling | WWE RAW (2002) 2
ruthless	no-join	Triple H calls out Scott Steiner | WWE RAW (2002) 1
ruthless	no-join	RVD gives Kane a Christmas present | WWE RAW (2002)
ruthless	no-join	Eric Bischoff warns Jim Ross & Jerry Lawler | WWE RAW (2002)
ruthless	no-join	WWE RAW | Intro (December 23, 2002)
ruthless	no-join	Kurt Angle vs. Chris Benoit | SmackDown! (2002) 2
ruthless	no-join	Kurt Angle vs. Chris Benoit | SmackDown! (2002) 1
ruthless	no-join	Edge vs. A-Train | SmackDown! (2002)
ruthless	no-join	Kurt Angle reveals his new manager | SmackDown! (2002)
ruthless	no-join	John Cena vs. Chuck Palumbo | SmackDown! (2002)
ruthless	no-join	Eddie Guerrero vs. Billy Kidman | SmackDown! (2002)
ruthless	no-join	Kurt Angle & Brock Lesnar after Armageddon | SmackDown! (2002)
ruthless	no-join	WWE SmackDown! | Intro (December 19, 2002)
ruthless	no-join	Triple H Appreciation Ceremony | WWE RAW (2002) 2
ruthless	no-join	Triple H Appreciation Ceremony | WWE RAW (2002) 1
ruthless	no-join	Shawn Michaels after Armageddon | WWE RAW (2002)
ruthless	no-join	Big Show & A-Train vs. Edge & Kurt Angle | SmackDown! (2002) 2
ruthless	no-join	Big Show & A-Train vs. Edge & Kurt Angle | SmackDown! (2002) 1
ruthless	no-join	WWE RAW | Intro (December 16, 2002)
ruthless	no-join	Scott Steiner's Contract Signing | SmackDown! (2002)
ruthless	no-join	Los Guerreros vs. Billy Kidman & Chris Benoit - Tag Team Championship | SmackDown! (2002) 2
ruthless	no-join	Los Guerreros vs. Billy Kidman & Chris Benoit - Tag Team Championship | SmackDown! (2002) 1
ruthless	no-join	Paul Heyman & Big Show talk to Stephanie McMahon | SmackDown! (2002)
ruthless	no-join	Rikishi vs B-2 w/ John Cena | SmackDown! (2002)
ruthless	no-join	WWE SmackDown! | Intro (December 12, 2002)
ruthless	no-join	Triple H and Shawn Michaels parking lot brawl | WWE RAW (2002)
ruthless	no-join	RNN Breaking News | WWE RAW (2002) 6
ruthless	no-join	Ric Flair & Triple H talk to Shawn Michaels | WWE RAW (2002)
ruthless	no-join	Eric Bischoff & Chief Morley open the show | WWE RAW Intro (December 09, 2002)
ruthless	no-join	Edge vs. Eddie Guerrero vs. Chris Benoit vs. Kurt Angle - Fatal 4 Way Match | SmackDown! (2002) 2
ruthless	no-join	Edge vs. Eddie Guerrero vs. Chris Benoit vs. Kurt Angle - Fatal 4 Way Match | SmackDown! (2002) 1
ruthless	no-join	John Cena & B² vs. Rikishi - Hip Hop Challenge | SmackDown! (2002)
ruthless	no-join	Brock Lesnar and Big Show talk via satellite | SmackDown! (2002)
ruthless	no-join	It's a big night for Los Guerreros | SmackDown! (2002)
ruthless	no-join	Rey Mysterio vs. Albert | SmackDown! (2002)
ruthless	no-join	WWE SmackDown! | Intro (December 05, 2002)
ruthless	flag:tiny	RNN Breaking News | WWE RAW (2002) 5
ruthless	no-join	Victoria calls out Jacqueline | WWE RAW (2002)
ruthless	no-join	Shawn Michaels Interview | WWE RAW (2002)
ruthless	no-join	Dudley Boyz vs. 3 Minute Warning | WWE RAW (2002)
ruthless	no-join	WWE RAW | Intro (December 02, 2002)
ruthless	no-join	Fabulous Moolah vs. Big Show | SmackDown! (2002)
ruthless	no-join	Jamie Noble confronts Scott Steiner | SmackDown! (2002)
ruthless	no-join	Kurt Angle & Chris Benoit vs. Los Guerreros - Tag Team Championship | SmackDown! (2002) 2
ruthless	no-join	Kurt Angle & Chris Benoit vs. Los Guerreros - Tag Team Championship | SmackDown! (2002) 1
ruthless	no-join	Kurt Angle talks to Stephanie McMahon | SmackDown! (2002)
ruthless	no-join	Stephanie McMahon suspends Brock Lesnar | SmackDown! (2002)
ruthless	no-join	WWE SmackDown! | Intro (November 28, 2002)
ruthless	flag:tiny	RNN Breaking News | WWE RAW (2002) 4
ruthless	no-join	Test w/ Stacy Keibler vs. Steven Richards | WWE RAW (2002)
ruthless	no-join	WWE RAW | Intro (November 25, 2002)
ruthless	no-join	Edge vs. Big Show - WWE Championship | SmackDown! (2002)
ruthless	no-join	John Cena vs. Rikishi | SmackDown! (2002)
ruthless	no-join	Kurt Angle vs. Eddie Guerrero | SmackDown! (2002)
ruthless	no-join	Paul Heyman & Big Show after Survivor Series | SmackDown! (2002)
ruthless	no-join	Chris Benoit vs. Chavo Guerrero | SmackDown! (2002)
ruthless	no-join	Brock Lesnar throws Matt Hardy against the wall | SmackDown! (2002)
ruthless	no-join	WWE SmackDown! | Intro (November 21, 2002)
ruthless	no-join	Scott Steiner arrives to RAW | WWE RAW (2002)
ruthless	flag:tiny	WWE Anthology CD Commercial | (2002)
ruthless	no-join	Scott Steiner arrives to the arena | WWE RAW (2002)
ruthless	no-join	3 Minute Warning vs. Dudley Boyz | WWE RAW (2002)
ruthless	no-join	RVD challenges Shawn Michaels | WWE RAW (2002) 2
ruthless	no-join	Shawn Michaels opens the show | WWE RAW Intro (November 18, 2002)
ruthless	no-join	Brock Lesnar and Big Show Confrontation | SmackDown! (2002)
ruthless	no-join	Kurt Angle vs. Chris Benoit | SmackDown! (2002) 2
ruthless	no-join	Kurt Angle vs. Chris Benoit | SmackDown! (2002) 1
ruthless	no-join	Eddie Guerrero vs. Rey Mysterio | SmackDown! (2002) 2
ruthless	no-join	Eddie Guerrero vs. Rey Mysterio | SmackDown! (2002) 1
ruthless	no-join	Kurt Angle and Chris Benoit blame each other | SmackDown! (2002)
ruthless	no-join	Matt Hardy & John Cena vs. Tajiri & Rikishi | SmackDown! (2002)
ruthless	no-join	Edge vs. Chavo Guerrero | SmackDown! (2002)
ruthless	no-join	WWE SmackDown! | Intro (November 14, 2002)
ruthless	no-join	RNN Breaking News | WWE RAW (2002) 3
ruthless	no-join	Eric Bischoff talks about the Elimination Chamber | WWE RAW (2002)
ruthless	no-join	Shawn Michaels talks about Survivor Series | WWE RAW (2002)
ruthless	no-join	Victoria and Terri Confrontation | WWE RAW (2002)
ruthless	no-join	WWE RAW | Intro (November 11, 2002)
ruthless	no-join	Eddie Guerrero vs. Brock Lesnar | SmackDown! (2002)
ruthless	no-join	Kurt Angle & Chris Benoit vs. Edge & Rey Mysterio - Tag Team Championship | SmackDown! (2002) 3
ruthless	no-join	Kurt Angle & Chris Benoit vs. Edge & Rey Mysterio - Tag Team Championship | SmackDown! (2002) 2
ruthless	no-join	Kurt Angle & Chris Benoit vs. Edge & Rey Mysterio - Tag Team Championship | SmackDown! (2002) 1
ruthless	no-join	Rikishi vs. John Cena | SmackDown! (2002)
ruthless	no-join	Big Show vs. Matt Hardy | SmackDown! (2002)
ruthless	no-join	Los Guerreros talk to Stephanie McMahon | SmackDown! (2002)
ruthless	no-join	Torrie Wilson & Billy Kidman vs. Nidia & Jamie Noble | SmackDown! (2002)
ruthless	no-join	WWE SmackDown! | Intro (November 07, 2002)
ruthless	no-join	The Hurricane vs. Test w/ Stacy Keibler | WWE RAW (2002)
ruthless	no-join	Triple H calls out Shawn Michaels | WWE RAW (2002)
ruthless	no-join	Triple H claims to Eric Bischoff | WWE RAW (2002)
ruthless	no-join	Stacy Keibler makes Test get a haircut | WWE RAW (2002)
ruthless	no-join	RNN Breaking News | WWE RAW (2002) 2
ruthless	no-join	WWE RAW | Intro (November 04, 2002)
ruthless	no-join	Rey Mysterio vs. Brock Lesnar | SmackDown! (2002)
ruthless	no-join	Kurt Angle and Chris Benoit Confrontation | SmackDown! (2002)
ruthless	no-join	Kurt Angle vs. Eddie Guerrero | SmackDown! (2002) 2
ruthless	no-join	Kurt Angle vs. Eddie Guerrero | SmackDown! (2002) 1
ruthless	no-join	Eric Bischoff kisses Stephanie McMahon | SmackDown! (2002)
ruthless	no-join	Matt Hardy arrives to the Halloween Party | SmackDown! (2002)
ruthless	no-join	Dawn Marie vs. Torrie Wilson - Trick or Treat Match | SmackDown! (2002)
ruthless	no-join	Big Show vs. Rikishi | SmackDown! (2002)
ruthless	no-join	John Cena dresses as Vanilla Ice | SmackDown! (2002)
ruthless	no-join	Edge vs. Chris Benoit | SmackDown! (2002)
ruthless	no-join	WWE SmackDown! Halloween | Intro (October 31, 2002)
ruthless	no-join	RNN Breaking News | WWE RAW (2002) 1
ruthless	flag:tiny	Scott Steiner is coming to WWE | Promo (2002)
ruthless	no-join	Goldust vs. Test w/ Stacy Keibler | WWE RAW (2002)
ruthless	no-join	3 Minute Warning attack Bubba Ray & Spike Dudley | WWE RAW (2002)
ruthless	no-join	The Hurricane shows a footage of Triple H | WWE RAW (2002) 2
ruthless	no-join	Triple H opens the show | WWE RAW Intro (October 28, 2002) 1
ruthless	no-join	Kurt Angle vs. Chris Benoit | SmackDown! (2002)
ruthless	no-join	Billy Kidman vs. John Cena | SmackDown! (2002)
ruthless	no-join	Big Show attacks Undertaker | SmackDown! (2002) 2
ruthless	no-join	Undertaker calls out Brock Lesnar | SmackDown! (2002) 1
ruthless	no-join	Edge & Rey Mysterio vs. Los Guerreros | SmackDown! (2002)
ruthless	no-join	Stephanie McMahon presents a trophy | SmackDown! (2002)
ruthless	no-join	Matt Hardy vs. Rikishi | SmackDown! (2002)
ruthless	no-join	WWE SmackDown! | Intro (October 24, 2002)
ruthless	no-join	Shawn Michaels gives an update on his condition | WWE RAW (2002)
ruthless	no-join	Triple H shows the tape of "Kane" and Katie Vick | WWE RAW (2002)
ruthless	no-join	Eric Bischoff announces the Elimination Chamber | WWE RAW (2002)
ruthless	no-join	Triple H & Ric Flair opens the show | WWE RAW Intro (October 21, 2002)
ruthless	no-join	Stephanie McMahon announces a decision | SmackDown! (2002)
ruthless	no-join	Kurt Angle & Chris Benoit vs. Los Guerreros | SmackDown! (2002) 2
ruthless	no-join	Kurt Angle & Chris Benoit vs. Los Guerreros | SmackDown! (2002) 1
ruthless	no-join	Dawn Marie & Matt Hardy vs. Torrie Wilson & Rikishi | SmackDown! (2002)
ruthless	no-join	Los Guerreros talk to Chris Benoit | SmackDown! (2002)
ruthless	no-join	Brock Lesnar vs. Chuck Palumbo | SmackDown! (2002)
ruthless	no-join	Billy Kidman vs. John Cena | SmackDown! (2002)
ruthless	no-join	Undertaker addresses some rumors | SmackDown! (2002)
ruthless	no-join	Jamie Noble vs. Nidia | SmackDown! (2002)
ruthless	no-join	Edge & Rey Mysterio vs. D-Von & Ron Simmons - Tag Team Tournament | SmackDown! (2002)
ruthless	no-join	WWE SmackDown! | Intro (October 17, 2002)
ruthless	no-join	Randy Orton talks about his injury | WWE RAW (2002)
ruthless	no-join	3 Minute Warning attack Pat Patterson | WWE RAW (2002)
ruthless	no-join	Kane talks about Katie Vick | WWE RAW (2002)
ruthless	no-join	Brock Lesnar & Tajiri vs. Rey Mysterio & Edge - Tag Team Tournament | SmackDown! (2002) 2
ruthless	no-join	Brock Lesnar & Tajiri vs. Rey Mysterio & Edge - Tag Team Tournament | SmackDown! (2002) 1
ruthless	no-join	Torrie Wilson vs. Dawn Marie - Lingerie Contest | SmackDown! (2002)
ruthless	no-join	Undertaker gets exposed | SmackDown! (2002)
ruthless	no-join	Billy Kidman & John Cena vs. Kurt Angle & Chris Benoit - Tag Team Tournament | SmackDown! (2002)
ruthless	no-join	Nidia interrupts Rey Mysterio's Interview | SmackDown! (2002)
ruthless	no-join	Kurt Angle & Chris Benoit segment | SmackDown! (2002)
ruthless	no-join	Rikishi vs. Eddie Guerrero | SmackDown! (2002)
ruthless	no-join	Undertaker confronts Matt Hardy | WWE RAW (2002) 2
ruthless	no-join	Matt Hardy opens the show | WWE SmackDown! Intro (October 10, 2002)
ruthless	flag:tiny	Randy Orton at The World | WWE RAW (2002)
ruthless	no-join	Triple H & Ric Flair attack The Hurricane | WWE RAW (2002)
ruthless	no-join	Kane, The Hurricane, Triple H, William Regal & Goldust go to the RAW Roulette | WWE RAW (2002)
ruthless	no-join	WWE RAW | Intro (October 07, 2002)
ruthless	no-join	Rey Mysterio vs. Chris Benoit | SmackDown! (2002) 2
ruthless	no-join	Rey Mysterio vs. Chris Benoit | SmackDown! (2002) 1
ruthless	no-join	Torrie Wilson vs. Dawn Marie - Bikini Contest | SmackDown! (2002)
ruthless	no-join	Kurt Angle vs. Edge | SmackDown! (2002) 2
ruthless	no-join	Kurt Angle vs. Edge | SmackDown! (2002) 1
ruthless	no-join	Kurt Angle Interview | SmackDown! (2002)
ruthless	no-join	Undertaker vs. Matt Hardy - Falls Count Anywhere Match | SmackDown! (2002)
ruthless	no-join	Rikishi & Mark Henry vs. Chavo Guerrero & Eddie Guerrero - Tag Team Tournament | SmackDown! (2002
ruthless	no-join	Eric Bischoff introduces the RAW Roulette | WWE RAW (2002)
ruthless	no-join	Finish of Bubba Ray Dudley vs. Triple H - World Championship | WWE RAW (2002)
ruthless	no-join	Eric Bischoff talks to Lita | WWE RAW (2002)
ruthless	no-join	Kurt Angle vs. Chris Benoit vs. Rey Mysterio | SmackDown! (2002) 2
ruthless	no-join	Kurt Angle vs. Chris Benoit vs. Rey Mysterio | SmackDown! (2002) 1
ruthless	no-join	Undertaker vs. Matt Hardy | SmackDown! (2002)
ruthless	no-join	WrestleMania XIX Announcement | SmackDown! (2002)
ruthless	no-join	Brock Lesnar destroys Funaki | SmackDown! (2002)
ruthless	no-join	Kurt Angle talks to Stephanie McMahon | SmackDown! (2002)
ruthless	no-join	Billy & Chuck vs. Jamie Noble & Tajiri | SmackDown! (2002)
ruthless	no-join	Torrie Wilson vs. Nidia - Bikini Contest | SmackDown! (2002)
ruthless	no-join	Rikishi vs. Chavo Guerrero | SmackDown! (2002)
ruthless	no-join	WWE SmackDown! | Intro (September 26, 2002)
ruthless	no-join	Ric Flair explains his actions | WWE RAW (2002)
ruthless	no-join	The Union Underground performs Across the Nation | WWE RAW (2002)
ruthless	flag:tiny	WWE No Mercy PPV Commercial | (2002)
ruthless	no-join	Eric Bischoff addresses Unforgiven | WWE RAW (2002)
ruthless	no-join	Booker T & Goldust mock Eric Bischoff | WWE RAW (2002)
ruthless	no-join	Undertaker calls out Brock Lesnar | SmackDown! (2002)
ruthless	no-join	Kurt Angle & Chris Benoit vs. Billy & Chuck | SmackDown! (2002)
ruthless	no-join	Stephanie McMahon and Eric Bischoff Satellite Conference | SmackDown! (2002)
ruthless	no-join	Edge & Rikishi vs. Eddie Guerrero & Chavo Guerrero | SmackDown! (2002)
ruthless	no-join	WWE Desire - Undertaker "Adrenaline" | SmackDown! (2002)
ruthless	no-join	Brock Lesnar vs. John Cena | SmackDown! (2002)
ruthless	no-join	Kurt Angle challenges Billy & Chuck | SmackDown! (2002) 2
ruthless	no-join	Stephanie McMahon talks about Eric Bischoff | SmackDown! (2002) 1
ruthless	no-join	Torrie Wilson & Rey Mysterio vs. Jamie Noble & Nidia | SmackDown! (2002)
ruthless	no-join	WWE SmackDown! | Intro (September 19, 2002)
ruthless	no-join	Stephanie McMahon and Billy & Chuck attack Eric Bischoff | WWE RAW (2002)
ruthless	no-join	Terri interviews Ric Flair after losing his match | WWE RAW (2002)
ruthless	no-join	Triple H talks about RVD | WWE RAW (2002)
ruthless	no-join	WWE RAW | Intro (September 16, 2002)
ruthless	no-join	Matt Hardy vs. Undertaker | SmackDown! (2002)
ruthless	no-join	Chris Benoit vs. Rikishi | SmackDown! (2002)
ruthless	no-join	Kurt Angle vs. Rey Mysterio | SmackDown! (2002)
ruthless	no-join	Kurt Angle loves to play with boys | SmackDown! (2002)
ruthless	no-join	Rico needs Stephanie McMahon | SmackDown! (2002)
ruthless	no-join	Eddie Guerrero & Chavo Guerrero vs. Edge & John Cena | SmackDown! (2002)
ruthless	no-join	Brock Lesnar vs. Hardcore Holly | SmackDown! (2002)
ruthless	no-join	WWE SmackDown! | Intro (September 12, 2002)
ruthless	no-join	Booker T talks about his match against Un-Americans | WWE RAW (2002)
ruthless	no-join	Chris Jericho and Triple H Interviews | WWE RAW (2002)
ruthless	no-join	Eric Bischoff announces a new creation | WWE RAW (2002)
ruthless	no-join	Kane & Bradshaw vs. Un-Americans | WWE RAW Intro (September 09, 2002)
ruthless	no-join	Kurt Angle, Eddie Guerrero & Chris Benoit vs. Edge, Rikishi & Undertaker | SmackDown! (2002) 2
ruthless	no-join	Kurt Angle, Eddie Guerrero & Chris Benoit vs. Edge, Rikishi & Undertaker | SmackDown! (2002) 1
ruthless	no-join	Reverend D-Von vs. Batista | SmackDown! (2002)
ruthless	no-join	Kurt Angle & Eddie Guerrero discuss their match | SmackDown! (2002)
ruthless	no-join	Undertaker and Brock Lesnar Face to Face Interview | SmackDown! (2002)
ruthless	no-join	Mark Henry vs. Tajiri | SmackDown! (2002)
ruthless	no-join	Reverend D-Von talks to Stephanie McMahon | SmackDown! (2002)
ruthless	no-join	Rey Mysterio vs. Billy | SmackDown! (2002)
ruthless	no-join	WWE SmackDown! | Intro (September 05, 2002)
ruthless	no-join	Shawn Michaels talks about his injuries | WWE RAW (2002)
ruthless	no-join	Eric Bischoff makes a first time ever match | WWE RAW (2002)
ruthless	no-join	Ric Flair challenges Triple H | WWE RAW (2002) 2
ruthless	no-join	Eric Bischoff brings back the World Championship | WWE RAW (2002) 1
ruthless	no-join	WWE RAW | Intro (September 02, 2002)
ruthless	no-join	Chris Benoit vs. Kurt Angle vs. Undertaker | SmackDown! (2002) 2
ruthless	no-join	Chris Benoit vs. Kurt Angle vs. Undertaker | SmackDown! (2002) 1
ruthless	no-join	Brock Lesnar vs. Matt Hardy | SmackDown! (2002)
ruthless	no-join	Kurt Angle says he will defeat Chris Benoit | SmackDown! (2002)
ruthless	no-join	Rikishi vs. Chris Benoit - #1 Contender Series Match | SmackDown! (2002)
ruthless	no-join	Eddie Guerrero vs. Rikishi - #1 Contender Series Match | SmackDown! (2002)
ruthless	flag:tiny	Hardcore Holly talks to Stephanie McMahon | SmackDown! (2002)
ruthless	no-join	Rey Mysterio vs. Rico | SmackDown! (2002)
ruthless	no-join	John Cena vs. Reverend D-Von | SmackDown! (2002)
ruthless	no-join	Edge vs. Eddie Guerrero | SmackDown! (2002)
ruthless	no-join	Stephanie McMahon opens the show | SmackDown! Intro (August 29, 2002)
ruthless	no-join	Kane Returns | WWE RAW (2002)
ruthless	no-join	Jimmy Snuka gets a 3-Minute Warning | WWE RAW (2002)
ruthless	no-join	Brock Lesnar after SummerSlam | WWE RAW (2002)
ruthless	no-join	WWE RAW | Intro (August 26, 2002)
ruthless	no-join	Eddie Guerrero & Chris Benoit vs. Edge & The Rock | SmackDown! (2002) 2
ruthless	no-join	Eddie Guerrero & Chris Benoit vs. Edge & The Rock | SmackDown! (2002) 1
ruthless	no-join	Stephanie McMahon talks about SummerSlam | SmackDown! (2002)
ruthless	no-join	Rikishi & John Cena vs. Reverend D-Von & Batista | SmackDown! (2002)
ruthless	no-join	Brock Lesnar SummerSlam Promo | SmackDown! (2002)
ruthless	no-join	Kurt Angle vs. Billy Kidman | SmackDown! (2002)
ruthless	no-join	Kurt Angle confronts Rey Mysterio | SmackDown! (2002)
ruthless	no-join	Stephanie McMahon confronts Eddie Guerrero & Chris Benoit | SmackDown! (2002)
ruthless	no-join	Brock Lesnar calls out The Rock | SmackDown! (2002)
ruthless	no-join	WWE SmackDown! | Intro (August 22, 2002)
ruthless	no-join	Fozzy on RAW | WWE RAW (2002)
ruthless	no-join	The Rock Promo | (August 19, 2002)
ruthless	no-join	Chris Jericho attacks Ric Flair | WWE RAW (2002)
ruthless	no-join	Triple H talks about Shawn Michaels and SummerSlam | WWE RAW (2002)
ruthless	no-join	Six Minute Challenge Match for the Hardcore Championship | WWE RAW (2002)
ruthless	no-join	Undertaker talks about the Un-Americans | WWE RAW (2002)
ruthless	no-join	WWE RAW | Intro (August 19, 2002)
ruthless	no-join	The Rock vs. Chris Benoit | SmackDown! (2002) 2
ruthless	no-join	The Rock vs. Chris Benoit | SmackDown! (2002) 1
ruthless	no-join	The Rock Promo | (August 15, 2002)
ruthless	no-join	Brock Lesnar vs. Rikishi | SmackDown! (2002)
ruthless	no-join	Kurt Angle vs. Mark Henry | SmackDown! (2002)
ruthless	no-join	Rey Mysterio challenges Kurt Angle to a match in SummerSlam | SmackDown! (2002)
ruthless	no-join	Stephanie McMahon talks with Chris Benoit | SmackDown! (2002)
ruthless	no-join	Brock Lesnar opens the show | SmackDown! Intro (August 15, 2002)
ruthless	no-join	Eric Bischoff complains about a SmackDown! Commercial | WWE RAW (2002)
ruthless	no-join	Stacy Keibler returns to RAW | WWE RAW (2002)
ruthless	no-join	Howard Finkel issues an apology | WWE RAW (2002)
ruthless	no-join	The Rock confronts Brock Lesnar and Triple H | WWE RAW (2002) 2
ruthless	no-join	Triple H talks about Shawn Michaels | WWE RAW (2002) 1
ruthless	no-join	WWE RAW | Intro (August 12, 2002)
ruthless	no-join	Dawn Marie is looking for Stephanie McMahon | SmackDown! (2002)
ruthless	no-join	Edge, John Cena & Rey Mysterio vs. Kurt Angle, Chris Benoit & Eddie Guerrero | SmackDown! (2002) 2
ruthless	no-join	Edge, John Cena & Rey Mysterio vs. Kurt Angle, Chris Benoit & Eddie Guerrero | SmackDown! (2002) 1
ruthless	no-join	John Cena, Edge & Rey Mysterio talk about their match | SmackDown! (2002)
ruthless	no-join	Brock Lesnar confronts Hulk Hogan | SmackDown! (2002)
ruthless	no-join	Reverend D-Von vs. Mark Henry | SmackDown! (2002)
ruthless	no-join	Kurt Angle is the 'master of submission' | SmackDown! (2002)
ruthless	no-join	Kurt Angle vs. John Cena | SmackDown! (2002)
ruthless	no-join	WWE SmackDown! | Intro (August 08, 2002)
ruthless	no-join	Shawn Michaels shows who was his attacker | WWE RAW (2002)
ruthless	flag:tiny	Kane "The Fire Still Burns" | Promo (2002)
ruthless	no-join	Sgt. Slaughter confronts Test | WWE RAW (2002)
ruthless	no-join	RVD challenges Chris Jericho | WWE RAW (2002) 2
ruthless	no-join	Chris Jericho makes his return to RAW | WWE RAW (2002) 1
ruthless	no-join	WWE RAW | Intro (August 05, 2002)
ruthless	no-join	Eddie Guerrero & Chris Benoit vs. Edge & The Rock | SmackDown! (2002) 2
ruthless	no-join	Eddie Guerrero & Chris Benoit vs. Edge & The Rock | SmackDown! (2002) 1
ruthless	no-join	Eric Bischoff takes a front row seat | SmackDown! (2002)
ruthless	no-join	Rikishi vs. Reverend D-Von w/ Batista | SmackDown! (2002)
ruthless	no-join	Kurt Angle vs. Hulk Hogan | SmackDown! (2002)
ruthless	no-join	Brock Lesnar vs. Mark Henry | SmackDown! (2002)
ruthless	no-join	Stephanie McMahon finds Eric Bischoff in her office | SmackDown! (2002)
ruthless	no-join	Hulk Hogan confronts Kurt Angle | SmackDown! (2002)
ruthless	no-join	Rey Mysterio vs. Tajiri | WWE SmackDown! Intro (August 01, 2002)
ruthless	no-join	Chris Jericho interrupts Ric Flair's announcement | WWE RAW (2002) 2
ruthless	no-join	Triple H explains his issues with Shawn Michaels | WWE RAW (2002)
ruthless	no-join	The Rock Promo | (July 29, 2002)
ruthless	no-join	Undertaker vs. Chris Nowinski | WWE RAW (2002) 2
ruthless	no-join	Eric Bischoff welcomes Fabulous Moolah & Mae Young | WWE RAW (2002) 1
ruthless	no-join	Eric Bischoff introduces The Un-Americans | WWE RAW (2002)
ruthless	no-join	WWE RAW | Intro (July 29, 2002)
ruthless	no-join	Finish of Edge vs. Chris Jericho - Steel Cage Match | SmackDown! (2002)
ruthless	no-join	Test vs. John Cena | SmackDown! (2002)
ruthless	no-join	Chavo Guerrero vs. Rey Mysterio | SmackDown! (2002)
ruthless	no-join	John Cena talks about Test | SmackDown! (2002)
ruthless	no-join	Lance Storm & Christian vs. Hulk Hogan & The Rock | SmackDown! (2002) 2
ruthless	no-join	Lance Storm & Christian vs. Hulk Hogan & The Rock | SmackDown! (2002) 1
ruthless	no-join	Stephanie McMahon wants answers from Edge | SmackDown! (2002)
ruthless	no-join	Reverend D-Von w/ Batista vs. Val Venis w/ Hardcore Holly | SmackDown! (2002)
ruthless	no-join	Stacy Keibler offers to assist Stephanie McMahon | SmackDown! (2002)
ruthless	no-join	WWE SmackDown! | Intro (July 25, 2002)
ruthless	no-join	D-Generation X is Back | WWE RAW (2002)
ruthless	no-join	The Rock after Vengeance | WWE RAW (2002)
ruthless	no-join	Eric Bischoff appoints Shawn Michaels as Triple H's manager | WWE RAW (2002) 2
ruthless	no-join	Eric Bischoff brings Triple H to RAW | WWE RAW (2002) 1
ruthless	no-join	WWE RAW | Intro (July 22, 2002)
ruthless	no-join	Kurt Angle vs. The Rock | SmackDown! (2002) 2
ruthless	no-join	Kurt Angle vs. The Rock | SmackDown! (2002) 1
ruthless	no-join	Mr. McMahon announces the new General Manager of SmackDown! | SmackDown! (2002)
ruthless	no-join	Hulk Hogan, Edge & Rikishi vs. The Un-Americans | SmackDown! (2002)
ruthless	no-join	Eric Bischoff talks with Mr. McMahon | SmackDown! (2002)
ruthless	no-join	The Hurricane vs. Chavo Guerrero | SmackDown! (2002)
ruthless	no-join	Chris Jericho vs. John Cena | SmackDown! (2002)
ruthless	no-join	WWE SmackDown! | Intro (July 18, 2002)
ruthless	no-join	Brock Lesnar & Undertaker go face to face | WWE RAW (2002)
ruthless	no-join	Mr. McMahon reveals the new RAW General Manager | WWE RAW (2002)
ruthless	no-join	Mr. McMahon gets a surprise visitor | WWE RAW (2002)
ruthless	no-join	Mr. McMahon will name a RAW General Manager | WWE RAW (2002)
ruthless	no-join	WWE RAW | Intro (July 15, 2002)
ruthless	no-join	Chris Jericho & Kurt Angle vs. John Cena & Undertaker | SmackDown! (2002)
ruthless	no-join	Kurt Angle confronts The Rock | SmackDown! (2002) 2
ruthless	no-join	The Rock Returns to SmackDown! | SmackDown! (2002) 1
ruthless	no-join	Reverend D-Von & Batista vs. Mark Henry & Randy Orton | SmackDown! (2002)
ruthless	no-join	Torrie Wilson vs. Molly Holly - Women's Championship | SmackDown! (2002)
ruthless	no-join	Molly Holly discusses with Torrie Wilson | SmackDown! (2002)
ruthless	no-join	Undertaker discusses with John Cena | SmackDown! (2002)
ruthless	no-join	Edge & Hulk Hogan vs. Billy & Chuck - Tag Team Championship | SmackDown! (2002)
ruthless	no-join	WWE SmackDown! | Intro (July 11, 2002)
ruthless	no-join	Tommy Dreamer confronts Brock Lesnar & Paul Heyman | WWE RAW (2002)
ruthless	no-join	The NWO gives Triple H two options | WWE RAW (2002)
ruthless	no-join	Chris Benoit w/ Eddie Guerrero vs. Bubba Ray Dudley w/ Spike Dudley | WWE RAW (2002)
ruthless	flag:tiny	Rey Mysterio is coming to WWE | Promo (2002) 2
ruthless	no-join	WWE RAW | Intro (July 08, 2002)
ruthless	no-join	Finish of Kurt Angle vs. Undertaker - Undisputed Championship | SmackDown! (2002)
ruthless	no-join	Kurt Angle vs. Undertaker - Undisputed Championship | SmackDown! (2002) 1
ruthless	flag:tiny	Triple H "The Game" DVD Commercial | SmackDown! (2002)
ruthless	no-join	Reverend D-Von & Batista vs. Randy Orton & Val Venis | SmackDown! (2002)
ruthless	no-join	Lance Storm vs. Rikishi | SmackDown! (2002)
ruthless	no-join	Lance Storm, Christian & Test interrupt Lilian Garcia | SmackDown! (2002)
ruthless	no-join	WWE SmackDown! | Intro (July 04, 2002)
ruthless	no-join	Undertaker talks about Kurt Angle | WWE RAW (2002)
ruthless	no-join	Big Show meets Darth Goldust | WWE RAW (2002)
ruthless	no-join	Booker T & Darth Goldust | WWE RAW (2002)
ruthless	no-join	Molly Holly and Jackie Gayda brawl | WWE RAW (2002)
ruthless	no-join	Paul Heyman & Brock Lesnar issue an open challenge | WWE RAW (2002) 1
ruthless	no-join	WWE RAW | Intro (July 01, 2002)
ruthless	no-join	Hulk Hogan vs. Chris Jericho | SmackDown! (2002) 2
ruthless	no-join	Hulk Hogan vs. Chris Jericho | SmackDown! (2002) 1
ruthless	no-join	Reverend D-Von & Batista vs. Faarooq & Randy Orton | SmackDown! (2002)
ruthless	no-join	Torrie Wilson, Stacy Keibler & Dawn Marie preview Divas Undressed | SmackDown! (2002)
ruthless	no-join	Test vs. Rikishi | SmackDown! (2002)
ruthless	no-join	Undertaker & Kurt Angle segment | SmackDown! (2002)
ruthless	no-join	Lance Storm vs. Mark Henry | SmackDown! (2002)
ruthless	no-join	WWE SmackDown! | Intro (June 27, 2002)
ruthless	no-join	Finish of Brock Lesnar vs. RVD - Intercontinental Championship | WWE RAW (2002)
ruthless	no-join	Brock Lesnar's King of the Ring Coronation | WWE RAW (2002)
ruthless	flag:tiny	Rey Mysterio is coming to WWE | Promo (2002)
ruthless	no-join	Mr. McMahon wants to see Ruthless Aggression | WWE RAW (2002) 2
ruthless	no-join	Mr. McMahon wants to see Ruthless Aggression | WWE RAW (2002) 1
ruthless	no-join	WWE RAW | Intro (June 24, 2002)
ruthless	no-join	Kurt Angle vs. Undertaker | SmackDown! (2002)
ruthless	no-join	Hardcore Holly vs. Test - KOTR Quarter Final Match | SmackDown! (2002)
ruthless	no-join	Chris Jericho vs. Val Venis - KOTR Quarter Final Match | SmackDown! (2002)
ruthless	no-join	Billy Gunn vs. Triple H | SmackDown! (2002)
ruthless	no-join	Triple H Interview | SmackDown! (2002)
ruthless	flag:tiny	Torrie Wilson shows her outfit to Stacy Keibler and Dawn Marie | SmackDown! (2002)
ruthless	no-join	Kurt Angle & Hulk Hogan segment | SmackDown! (2002)
ruthless	no-join	WWE SmackDown! | Intro (June 20, 2002)
ruthless	no-join	The Rock Returns | WWE RAW (2002)
ruthless	flag:tiny	Get the "F" Out | Promo (2002) 4
ruthless	no-join	Lita at The World | WWE RAW (2002)
ruthless	no-join	Eddie Guerrero & Chris Benoit complain Ric Flair | WWE RAW (2002) 2
ruthless	no-join	Eddie Guerrero complains Ric Flair | WWE RAW (2002) 1
ruthless	no-join	Mr. McMahon addresses Stone Cold's status | WWE RAW (2002)
ruthless	no-join	WWE RAW | Intro (June 17, 2002)
ruthless	no-join	Kurt Angle vs. Hardcore Holly | Velocity (2002)
ruthless	no-join	Billy & Chuck w/ Rico vs. Mark Henry & Randy Orton - Tag Team Championship | Velocity (2002)
ruthless	no-join	WWE Velocity | Intro (June 15, 2002)
ruthless	no-join	Undertaker & Kurt Angle vs. Triple H | SmackDown! (2002) 2
ruthless	no-join	Undertaker & Kurt Angle vs. Triple H | SmackDown! (2002) 1
ruthless	flag:tiny	Undertaker & Kurt Angle attack Hulk Hogan | SmackDown! (2002)
ruthless	no-join	Trish Stratus & Linda Miles vs. Ivory & Jackie | SmackDown! (2002)
ruthless	no-join	Reverend D-Von vs. Faarooq | SmackDown! (2002)
ruthless	no-join	Chris Jericho & Lance Storm vs. Val Venis & Billy Kidman | SmackDown! (2002)
ruthless	flag:tiny	Get The "F" Out | Promo (2002) 3
ruthless	no-join	Triple H refuses to let the show continue | SmackDown! (2002) 2
ruthless	no-join	Undertaker & Triple H Contract Signing | SmackDown! (2002) 1
ruthless	no-join	WWE SmackDown! | Intro (June 13, 2002)
ruthless	no-join	Shawn Michaels turns on Booker T | WWE RAW (2002)
ruthless	no-join	Undertaker calls out Jeff Hardy | WWE RAW (2002)
ruthless	flag:tiny	Get The "F" Out | Promo (2002) 2
ruthless	no-join	Mr. McMahon confronts Ric Flair | WWE RAW (2002)
ruthless	no-join	WWE RAW | Intro (June 10, 2002)
ruthless	no-join	Ivory vs. Linda Miles w/ Jackie | Velocity (2002)
ruthless	no-join	Godfather vs. Hugh Morrus | Velocity (2002)
ruthless	no-join	Test vs. Randy Orton | Velocity (2002)
ruthless	no-join	WWE Velocity | Intro (June 08, 2002)
ruthless	no-join	Hulk Hogan vs.Triple H - #1 Contender Match | SmackDown! (2002) 2
ruthless	no-join	Hulk Hogan vs. Triple H - #1 Contender Match | SmackDown! (2002) 1
ruthless	flag:tiny	Dawn Marie meets Stacy Keibler | SmackDown! (2002)
ruthless	no-join	Chris Jericho attacks Edge | SmackDown! (2002)
ruthless	no-join	Kurt Angle vs. Hardcore Holly | SmackDown! (2002)
ruthless	no-join	Undisputed Title #1 Contendership Battle Royal | SmackDown! (2002) 2
ruthless	no-join	Undisputed Title #1 Contendership Battle Royal | SmackDown! (2002) 1
ruthless	no-join	Shawn Michaels Returns | WWE RAW (2002)
ruthless	no-join	Announcement of the Tough Enough 2 Champions at The World | WWE RAW (2002)
ruthless	no-join	Ric Flair & Stone Cold sign the contract | WWE RAW (2002)
ruthless	no-join	Stone Cold wants a match with Ric Flair | WWE RAW (2002)
ruthless	no-join	WWE RAW | Intro (June 03, 2002)
ruthless	no-join	Reverend D-Von w/ Deacon Batista vs. Val Venis | Velocity (2002)
ruthless	no-join	Mark Henry vs. Godfather | Velocity (2002)
ruthless	no-join	WWE Velocity | Intro (June 01, 2002)
ruthless	no-join	Kurt Angle comments on Edge and his hair | SmackDown! (2002)
ruthless	no-join	Triple H vs. Test | SmackDown! (2002)
ruthless	no-join	Hulk Hogan wants a match with Mr. McMahon | SmackDown! (2002)
ruthless	no-join	Chris Jericho vs. Farooq | SmackDown! (2002)
ruthless	no-join	Mr. McMahon meets Dawn Marie | SmackDown! (2002)
ruthless	no-join	Finish of Eddie Guerrero vs. RVD - Intercontinental Championship Ladder Match | WWE RAW (2002)
ruthless	no-join	Tough Enough 2 Arm Wrestling Contest at The World | WWE RAW (2002)
ruthless	no-join	Undertaker forces Tommy Dreamer to drink tobacco juice | WWE RAW (2002)
ruthless	no-join	Chris Benoit returns | WWE RAW (2002)
ruthless	no-join	WWE RAW | Intro (May 27, 2002)
ruthless	no-join	Stacy Keibler vs. Trish Stratus - Bra & Panties Match | Velocity (2002)
ruthless	no-join	Hardcore Holly vs. Val Venis | Velocity (2002)
ruthless	no-join	WWE Velocity | Intro (May 25, 2002)
ruthless	no-join	Mr. McMahon talks to Hulk Hogan | SmackDown! (2002) 2
ruthless	no-join	Hulk Hogan thanks the fans | SmackDown! (2002) 1
ruthless	no-join	Chris Jericho vs. Mark Henry | SmackDown! (2002)
ruthless	no-join	Edge & Maven vs. Christian & Kurt Angle | SmackDown! (2002)
ruthless	no-join	Test vs. Randy Orton | SmackDown! (2002)
ruthless	no-join	Kurt Angle after Judgment Day | SmackDown! (2002)
ruthless	no-join	Triple H vs. Lance Storm | SmackDown! (2002)
ruthless	no-join	WWE SmackDown! | Intro (May 23, 2002)
ruthless	no-join	Stone Cold & Eddie Guerrero in a bar | WWE RAW (2002)
ruthless	no-join	Ric Flair & Arn Anderson talk about Stone Cold  | WWE RAW (2002)
ruthless	no-join	Hardy Boyz vs. NWO | WWE RAW (2002)
ruthless	no-join	Undertaker attacks RVD | WWE RAW (2002)
ruthless	no-join	WWE RAW | Intro (May 20, 2002)
ruthless	no-join	Kurt Angle & Chris Jericho vs. Edge & Triple H | SmackDown! (2002) 2
ruthless	no-join	Kurt Angle & Chris Jericho vs. Edge & Triple H | SmackDown! (2002) 1
ruthless	no-join	Stacy Keibler vs. Torrie Wilson - Swimsuit Competition | SmackDown! (2002)
ruthless	no-join	Reverend D-Von w/ Deacon Batista vs. Maven w/ Al Snow | SmackDown! (2002)
ruthless	no-join	Lance Storm & Hardcore Holly vs. Val Venis & Randy Orton | SmackDown! (2002)
ruthless	no-join	Edge confronts Triple H | SmackDown! (2002)
ruthless	no-join	WWE SmackDown! | Intro (May 16, 2002)
ruthless	no-join	Undertaker takes Hulk Hogan for a ride | WWE RAW (2002)
ruthless	no-join	Stone Cold discusses Ric Flair | WWE RAW (2002)
ruthless	no-join	Ric Flair addresses Stone Cold | WWE RAW (2002)
ruthless	no-join	WWE RAW | Intro (May 13, 2002)
ruthless	no-join	Kurt Angle & Chris Jericho vs. Edge & Hulk Hogan | SmackDown! (2002) 2
ruthless	no-join	Kurt Angle & Chris Jericho vs. Edge & Hulk Hogan | SmackDown! (2002) 1
ruthless	no-join	Randy Orton vs. Lance Storm | SmackDown! (2002)
ruthless	no-join	Kurt Angle calls out Edge | SmackDown! (2002)
ruthless	no-join	Reverend D-Von vs. Triple H | SmackDown! (2002)
ruthless	no-join	Test vs. Mark Henry | SmackDown! (2002)
ruthless	no-join	Triple H confronts Mr. McMahon & Stacy Keibler | SmackDown! (2002)
ruthless	no-join	Mr. McMahon talks about Triple H | SmackDown! (2002)
ruthless	no-join	WWE SmackDown! | Intro (May 09, 2002)
ruthless	no-join	Terri & Molly Holly in a swimsuit contest | WWE RAW (2002)
ruthless	no-join	Hulk Hogan destroys Undertaker's motorcycle | WWE RAW (2002)
ruthless	no-join	Booker T & Goldust at 7-Eleven | WWE RAW (2002)
ruthless	no-join	Big Show explains why he joined the NWO | WWE RAW (2002)
ruthless	no-join	WWE RAW | Intro (May 06, 2002)
wshows	no-join	WWE RAW 26 JUNE 2000 FULL SHOW
wshows	no-join	WWE RAW 21 JUNE 1999 FULL SHOW
wshows	no-join	WWE SAMCKDOWN 08 JUNE 2000 FULL SHOW
wshows	no-join	WWE INSURREXTION 2003 FULL SHOW PART 1
wshows	no-join	WWE SMACKDOWN 18 MAY 2000 FULL SHOW
wshows	no-join	WWE RAW 24 APRIL 2000 FULL SHOW
wshows	no-join	WWE RAW 29 MARCH 1999 FULL SHOW
wshows	no-join	WWE RAW 28 FEBRUARY 2000 FULL SHOW
wshows	no-join	WWE SMACKDOWN 17 FEBRUARY 2000 FULL SHOW
wshows	no-join	WWE RAW 07 FEBRUARY 2005 FULL SHOW
wshows	no-join	WWE RAW 30 NOVEMBER 1998 FULL SHOW
wshows	no-join	WWE SMACKDOWN 25 NOVEMBER 1999 FULL SHOW
wshows	no-join	WWE RAW 04 DECEMBER 2000 FULL SHOW
wshows	no-join	WWE RAW 06 DECEMBER 1999 FULL SHOW
wshows	no-join	WWE SMACKDOWN 19 OCTOBER 2000 FULL SHOW
wshows	no-join	WWE IN YOUR HOUSE BEWARE OF DOG 26 MAY 1996 FULL SHOW
wshows	no-join	WWE RAW 22 FEBRUARY 1999 FULL SHOW
wshows	no-join	WWE RAW 10 MAY 1999 FULL SHOW
wshows	no-join	WWE RAW 04 JANUARY 1999 FULL SHOW
wshows	no-join	WWE RAW 25 OCTOBER 1999 FULL SHOW
wshows	no-join	WWE RAW 22 MARCH 1999 FULL SHOW
wshows	no-join	WWE RAW 24 JANUARY 2000 FULL SHOW
wshows	no-join	WWE RAW 13 SEPTEMBER 1999 FULL SHOW
wshows	no-join	WWE RAW 23 DECEMBER 2002 FULL SHOW
wshows	no-join	WWE RAW 26 JULY 1999 FULL SHOW
wshows	no-join	WWE RAW 14 NOVEMBER 2005 FULL SHOW
wmoves	no-join	WWE RAW 03 SEPTEMBER 2007 FULL SHOW HD
wmoves	no-join	WWE RAW 06 JULY 2009 FULL SHOW HD
wmoves	no-join	WWE RAW 01 MAY 2000 FULL SHOW HD
wmoves	no-join	WWE RAW 12 JULY 1999 FULL SHOW HD
wmoves	no-join	WWE RAW 18 MAY 1998 FULL SHOW HD
wmoves	no-join	WWE SMAKDOWN 23 FEBURARY 2007 FULL SHOW HD
wmoves	no-join	WWE 07 AUGUST 2006 FULL SHOW HD
wmoves	no-join	WWE RAW 02 MARCH 1998 FULL SHOW HD
wmoves	no-join	WWE RAW 19 OTOBER 1998 FULL SHOW HD
